品牌名,職缺名稱,廠商duty0,廠商duty1,廠商duty2,廠商duty3,廠商duty4,AI推薦1,AI推薦2,AI推薦3,AI推薦4,AI推薦5
1+1鍋物,薪$230/H起【1+1鍋物】 忠孝店假日兼職人員A,餐飲服務人員,餐廚助手,,,,飯店／旅館服務人員,調酒師／吧台人員,門市／店員／專櫃人員,侍酒師,冷熱飲調製人員
1+1鍋物,薪$230/H起【1+1鍋物】 忠孝店假日工讀人員A,餐飲服務人員,餐廚助手,,,,飯店／旅館服務人員,調酒師／吧台人員,門市／店員／專櫃人員,冷熱飲調製人員,侍酒師
1+1鍋物,薪43500起 月休8天【1+1鍋物】 忠孝店正職人員A,餐飲服務人員,餐廚助手,,,,調酒師／吧台人員,門市／店員／專櫃人員,飯店／旅館服務人員,冷熱飲調製人員,侍酒師
2026中租亞太MA,【2026中租亞太MA】派外法催主管儲備計畫,法務人員,,,,,儲備幹部,資材主管,電機工程主管,客服主管,生管主管
2026年中租,【學生實習】2026年中租控股_合迪儲備業務實習,工讀生,融資／信用業務人員,國內業務人員,,,國貿人員,國貿助理,國外業務人員,業務助理,文字客服
5年以上,【人資｜招募｜5年以上】 1名,人事／人力資源專員,人事助理,,,,調酒師／吧台人員,冷熱飲調製人員,人事／人力資源主管,品管／品保主管,門市／店員／專櫃人員
A002台北重慶店,［A002台北重慶店］服務人員,餐飲服務人員,,,,,調酒師／吧台人員,飯店／旅館服務人員,門市／店員／專櫃人員,冷熱飲調製人員,房務人員
A003台北承德店,［A003台北承德店］服務人員,餐飲服務人員,,,,,調酒師／吧台人員,飯店／旅館服務人員,冷熱飲調製人員,門市／店員／專櫃人員,房務人員
A004台北內湖店,［A004台北內湖店］服務人員,餐飲服務人員,,,,,調酒師／吧台人員,飯店／旅館服務人員,冷熱飲調製人員,門市／店員／專櫃人員,房務人員
A005台北永吉店,［A005台北永吉店］服務人員,餐飲服務人員,,,,,調酒師／吧台人員,冷熱飲調製人員,飯店／旅館服務人員,門市／店員／專櫃人員,房務人員
A007台北大安店,［A007台北大安店］服務人員,餐飲服務人員,,,,,飯店／旅館服務人員,調酒師／吧台人員,冷熱飲調製人員,門市／店員／專櫃人員,遊樂景點工作人員
A008五股五權店,［A008五股五權店］服務人員,餐飲服務人員,,,,,飯店／旅館服務人員,門市／店員／專櫃人員,調酒師／吧台人員,冷熱飲調製人員,房務人員
A009台北福國店,［A009台北福國店］服務人員,餐飲服務人員,餐廚助手,,,,調酒師／吧台人員,冷熱飲調製人員,飯店／旅館服務人員,門市／店員／專櫃人員,洗碗人員
A012台北南門店,［A012台北南門店］服務人員,餐飲服務人員,,,,,調酒師／吧台人員,冷熱飲調製人員,飯店／旅館服務人員,門市／店員／專櫃人員,侍酒師
A016平鎮民族店,［A016平鎮民族店］服務人員,餐飲服務人員,,,,,調酒師／吧台人員,冷熱飲調製人員,飯店／旅館服務人員,門市／店員／專櫃人員,侍酒師
A019台北昆陽店,［A019台北昆陽店］服務人員,餐飲服務人員,,,,,調酒師／吧台人員,冷熱飲調製人員,飯店／旅館服務人員,門市／店員／專櫃人員,房務人員
A022忠孝新生店,［A022忠孝新生店］服務人員,餐飲服務人員,,,,,飯店／旅館服務人員,調酒師／吧台人員,冷熱飲調製人員,門市／店員／專櫃人員,房務人員
A023桃園龍潭店,［A023桃園龍潭店］服務人員,餐飲服務人員,,,,,調酒師／吧台人員,冷熱飲調製人員,飯店／旅館服務人員,門市／店員／專櫃人員,房務人員
A024台北北醫店,［A024台北北醫店］服務人員,餐飲服務人員,,,,,飯店／旅館服務人員,調酒師／吧台人員,冷熱飲調製人員,門市／店員／專櫃人員,遊樂景點工作人員
A026台北南昌店,［A026台北南昌店］服務人員,餐飲服務人員,,,,,調酒師／吧台人員,冷熱飲調製人員,飯店／旅館服務人員,門市／店員／專櫃人員,房務人員
A030大直北安店,［A030大直北安店］服務人員,餐飲服務人員,,,,,飯店／旅館服務人員,調酒師／吧台人員,冷熱飲調製人員,門市／店員／專櫃人員,售票／收銀人員
A034新店碧潭店,［A034新店碧潭店］服務人員,餐飲服務人員,,,,,調酒師／吧台人員,冷熱飲調製人員,飯店／旅館服務人員,門市／店員／專櫃人員,售票／收銀人員
A035板橋江子翠店,［A035板橋江子翠店］服務人員,餐飲服務人員,,,,,飯店／旅館服務人員,調酒師／吧台人員,門市／店員／專櫃人員,冷熱飲調製人員,侍酒師
A036內湖瑞光店,［A036內湖瑞光店］服務人員,餐飲服務人員,,,,,調酒師／吧台人員,冷熱飲調製人員,飯店／旅館服務人員,門市／店員／專櫃人員,房務人員
A038林口長庚店,［A038林口長庚店］服務人員,餐飲服務人員,,,,,調酒師／吧台人員,飯店／旅館服務人員,冷熱飲調製人員,門市／店員／專櫃人員,遊樂景點工作人員
A041竹北光明店,［A041竹北光明店］服務人員,餐飲服務人員,,,,,調酒師／吧台人員,冷熱飲調製人員,飯店／旅館服務人員,門市／店員／專櫃人員,房務人員
A043桃園藝文特區店,［A043桃園藝文特區店］服務人員,餐飲服務人員,,,,,調酒師／吧台人員,冷熱飲調製人員,飯店／旅館服務人員,門市／店員／專櫃人員,售票／收銀人員
A044新竹北大店,［A044新竹北大店］服務人員,餐飲服務人員,,,,,調酒師／吧台人員,冷熱飲調製人員,飯店／旅館服務人員,門市／店員／專櫃人員,售票／收銀人員
A046三峽北大店,［A046三峽北大店］服務人員,餐飲服務人員,,,,,調酒師／吧台人員,冷熱飲調製人員,飯店／旅館服務人員,門市／店員／專櫃人員,售票／收銀人員
A047林口文化店,［A047林口文化店］服務人員,餐飲服務人員,,,,,調酒師／吧台人員,冷熱飲調製人員,飯店／旅館服務人員,門市／店員／專櫃人員,售票／收銀人員
A048淡水新市店,［A048淡水新市店］服務人員,餐飲服務人員,,,,,調酒師／吧台人員,冷熱飲調製人員,飯店／旅館服務人員,門市／店員／專櫃人員,售票／收銀人員
A050台北石牌店,［A050台北石牌店］服務人員,餐飲服務人員,,,,,調酒師／吧台人員,飯店／旅館服務人員,冷熱飲調製人員,門市／店員／專櫃人員,侍酒師
A052南京三民店,［A052南京三民店］服務人員,餐飲服務人員,,,,,調酒師／吧台人員,飯店／旅館服務人員,冷熱飲調製人員,門市／店員／專櫃人員,房務人員
A053中和景安店,［A053中和景安店］服務人員,餐飲服務人員,,,,,飯店／旅館服務人員,調酒師／吧台人員,冷熱飲調製人員,門市／店員／專櫃人員,房務人員
A055中壢中山店,［A055中壢中山店］服務人員,餐飲服務人員,,,,,飯店／旅館服務人員,門市／店員／專櫃人員,休閒娛樂事業從業人員,調酒師／吧台人員,冷熱飲調製人員
A056竹北自強店,［A056竹北自強店］服務人員,餐飲服務人員,,,,,調酒師／吧台人員,冷熱飲調製人員,飯店／旅館服務人員,門市／店員／專櫃人員,房務人員
A060內湖湖光店,［A060內湖湖光店］服務人員,餐飲服務人員,,,,,調酒師／吧台人員,冷熱飲調製人員,飯店／旅館服務人員,門市／店員／專櫃人員,房務人員
A061台北天母店,［A061台北天母店］服務人員,餐飲服務人員,,,,,調酒師／吧台人員,冷熱飲調製人員,飯店／旅館服務人員,門市／店員／專櫃人員,房務人員
A063林口中山店,［A063林口中山店］服務人員,餐飲服務人員,,,,,飯店／旅館服務人員,調酒師／吧台人員,冷熱飲調製人員,門市／店員／專櫃人員,房務人員
AI 伺服器散熱技術領導品牌,【AI 伺服器散熱技術領導品牌】設備經/副理(派駐越南),設備工程主管,生產設備工程師,,,,PLC／自動控制工程師,冷凍空調技術人員／安裝員,工業設計,電機設備裝配員,電機技師／工程師
Aesop,【Aesop】銷售顧問│雙北地區│全職 (正職代招),門市／店員／專櫃人員,門市／店員／專櫃人員,美療師／芳療師,,,國內業務人員,專業顧問,行銷企劃人員,廣告AE,國外業務主管
Apple產品,Apple產品銷售顧問,門市／店員／專櫃人員,,,,,行銷企劃人員,產品經理,廣告設計,國內業務人員,產品企劃主管
B52-大里益民店,【B52-大里益民店】儲備幹部,餐飲服務人員,,,,,調酒師／吧台人員,品管／品保主管,餐飲主管,店長／門市管理人員,冷熱飲調製人員
BEAUTYAGENT頭皮建構美學,【BEAUTYAGENT頭皮建構美學】–頭皮管理師(台北內湖店)–底薪+獎金無上限,美療師／芳療師,美容師,,,,智慧製程工程師,水電工,資材主管,麵包師,電機工程主管
BGREEN運動家具,[BGREEN運動家具]銷售顧問-台中地區,國內業務主管,店長／門市管理人員,,,,門市／店員／專櫃人員,國內業務人員,行銷企劃人員,汽車銷售人員,廣告設計
BGREEN運動家具,[BGREEN運動家具]銷售顧問-台南地區,店長／門市管理人員,通路開發人員,,,,行銷企劃人員,國內業務人員,汽車銷售人員,門市／店員／專櫃人員,廣告AE
BILUO MAROR,【BILUO MAROR】後勤吧台清潔人員,美容師,美療師／芳療師,整體造型師,,,洗碗人員,調酒師／吧台人員,冷熱飲調製人員,門市／店員／專櫃人員,房務人員
BILUO MAROR,【BILUO MAROR】美顏美療管理師(可彈性排班/無經驗可/有經驗者薪資可談/可週休二日),美容師,美療師／芳療師,整體造型師,,,水電工,智慧製程工程師,生管主管,領班／管理幹部,電機技師／工程師
BILUO MAROR,【BILUO MAROR】辦公室助理 /櫃台助理,行政助理,工讀生,休閒娛樂事業從業人員,,,行政人員,秘書,電腦操作／資料輸入,財務／會計助理,業務助理
Buckskin 柏克金南京店,【Buckskin 柏克金南京店】外場計時服務人員(台北市中山區),餐飲服務人員,,,,,調酒師／吧台人員,冷熱飲調製人員,門市／店員／專櫃人員,飯店／旅館服務人員,侍酒師
Buckskin柏克金南京店,【Buckskin柏克金南京店】外場服務人員(台北市中山區),餐飲服務人員,,,,,調酒師／吧台人員,門市／店員／專櫃人員,飯店／旅館服務人員,冷熱飲調製人員,餐飲主管
CHUỖI GÀ RÁN,Tuyển 白領【CHUỖI GÀ RÁN】歡迎已畢業留在台灣的同學加入/ HỖ TRỢ LÀM GIẤY TỜ BAILING,餐飲服務人員,,,,,CNC車床人員,塑膠押出技術人員,包裝員／作業員,水電工,倉管／物料管理員
CITYLINK南港店,【正職】CITYLINK南港店_顧客服務專員 Customer Advisor-R00000004166154,門市／店員／專櫃人員,,,,,國貿人員,國貿助理,文字客服,業務助理,採購助理
Chatime- 桃園環球A19,【Chatime- 桃園環球A19】#訓練員考核通過時薪可達211元 #假日排班8小時加碼津貼,門市／店員／專櫃人員,調酒師／吧台人員,餐飲服務人員,,,品管人員,檢驗人員,智慧製程工程師,原料檢驗人員,汽車檢驗員
Chatime-南港環球,【Chatime-南港環球】#訓練員考核通過時薪可達216元 #假日排班8小時加碼津貼,調酒師／吧台人員,餐飲服務人員,,,,品管人員,檢驗人員,智慧製程工程師,原料檢驗人員,汽車檢驗員
Chic Café & Pastry,【Chic Café & Pastry】倉儲和包裝部主管,店長／門市管理人員,餐飲主管,,,,資材主管,生管主管,領班／管理幹部,包裝員／作業員,沖壓模具技術人員
ChillaxBeauty Spa,【ChillaxBeauty Spa】假日班 美容師🌸需具備經驗,美療師／芳療師,美容師,,,,加油服務,智慧製程工程師,遊樂景點工作人員,汽車美容,售票／收銀人員
ChillaxBeauty Spa,【ChillaxBeauty Spa】兼職美容師🌸需具備經驗,美療師／芳療師,美容師,,,,加油服務,遊樂景點工作人員,飯店／旅館服務人員,休閒娛樂事業從業人員,售票／收銀人員
ChillaxBeauty Spa,【ChillaxBeauty Spa】晚班 美容師🌸需具備經驗,美療師／芳療師,美容師,,,,加油服務,售票／收銀人員,遊樂景點工作人員,休閒娛樂事業從業人員,門市／店員／專櫃人員
ChillaxBeauty Spa,【ChillaxBeauty Spa】美容師🌸給你好薪情！完整培訓,美療師／芳療師,美容師,,,,加油服務,調酒師／吧台人員,售票／收銀人員,冷熱飲調製人員,休閒娛樂事業從業人員
DA ANTONIO 台北民生店,早/晚班-外場兼職服務人員【DA ANTONIO 台北民生店】,餐飲服務人員,,,,,冷熱飲調製人員,調酒師／吧台人員,飯店／旅館服務人員,門市／店員／專櫃人員,外送人員
DA ANTONIO 竹北店,兼職服務人員 【DA ANTONIO 竹北店】,餐飲服務人員,,,,,飯店／旅館服務人員,調酒師／吧台人員,冷熱飲調製人員,門市／店員／專櫃人員,外送人員
DA ANTONIO 竹北店,長期兼職/傳菜人員【DA ANTONIO 竹北店】,餐飲服務人員,,,,,冷熱飲調製人員,調酒師／吧台人員,外送人員,門市／店員／專櫃人員,侍酒師
Dr.stretch,【Dr.stretch】保障底薪＋績效獎金＝收入穩定！無經驗可，完整培訓制度！運動/訓練師/教練/健身房,運動教練,推拿／按摩師,,,,智慧製程工程師,PLC／自動控制工程師,水電工程師,儲備幹部,水電工
Dr.stretch,【Dr.stretch】兼職職缺 無經驗可、歡迎有運動經驗者 運動/訓練師/教練/健身房,運動教練,推拿／按摩師,,,,神秘客,房務人員,智慧製程工程師,PLC／自動控制工程師,資材人員
Dr.stretch,【Dr.stretch】培訓全額補助!從零經驗變一流伸展師! 運動/訓練師/教練/健身房/CITYLIK松山,運動教練,推拿／按摩師,,,,智慧製程工程師,PLC／自動控制工程師,客服主管,資材人員,儲備幹部
Dr.stretch,【Dr.stretch】培訓全額補助!從零經驗變一流伸展師! 運動/訓練師/教練/健身房/中山,運動教練,推拿／按摩師,,,,汽車銷售人員,智慧製程工程師,客服主管,PLC／自動控制工程師,資材人員
Dr.stretch,【Dr.stretch】培訓全額補助!從零經驗變一流伸展師! 運動/訓練師/教練/健身房/南京三民,運動教練,推拿／按摩師,,,,智慧製程工程師,客服主管,PLC／自動控制工程師,儲備幹部,神秘客
Dr.stretch,【Dr.stretch】培訓全額補助!從零經驗變一流伸展師! 運動/訓練師/教練/健身房/松江南京,運動教練,推拿／按摩師,,,,智慧製程工程師,PLC／自動控制工程師,客服主管,資材人員,儲備幹部
Dr.stretch,無經驗可　伸展專門店〝Dr.stretch〞【運動/健身房/服務業】招募訓練師 培訓費用全,運動教練,推拿／按摩師,,,,門市／店員／專櫃人員,售票／收銀人員,客服主管,調酒師／吧台人員,儲備幹部
Dr.stretch訓練師,【Dr.stretch訓練師】CITYLINK松山店,運動教練,推拿／按摩師,,,,調酒師／吧台人員,冷熱飲調製人員,侍酒師,門市／店員／專櫃人員,品管／品保主管
Dr.stretch訓練師,【Dr.stretch訓練師】中山店,運動教練,推拿／按摩師,,,,調酒師／吧台人員,門市／店員／專櫃人員,餐飲主管,冷熱飲調製人員,藥師助理
Dr.stretch訓練師,【Dr.stretch訓練師】南京三民店,運動教練,推拿／按摩師,復健技術師,,,調酒師／吧台人員,冷熱飲調製人員,門市／店員／專櫃人員,侍酒師,品管／品保主管
Dr.stretch訓練師,【Dr.stretch訓練師】台北京站店,運動教練,推拿／按摩師,,,,調酒師／吧台人員,冷熱飲調製人員,門市／店員／專櫃人員,侍酒師,品管／品保主管
Dr.stretch訓練師,【Dr.stretch訓練師】松江南京店,運動教練,推拿／按摩師,,,,調酒師／吧台人員,冷熱飲調製人員,門市／店員／專櫃人員,侍酒師,品管／品保主管
Dr.撥,【一技之長職缺】【Dr.撥】運動按摩師/筋絡調理師★合作按摩師傅(台中)可培訓,學徒,推拿／按摩師,美療師／芳療師,,,燈光技術人員,木工,水電工,服裝設計,智慧製程工程師
Dr.撥,【推薦培訓】Dr.撥專業筋膜調理師 業界少有！培訓+底薪+高獎金(台中),學徒,推拿／按摩師,美療師／芳療師,,,智慧製程工程師,PLC／自動控制工程師,神秘客,工業設計,服裝設計
Dr.撥,【推薦培訓】Dr.撥專業筋膜調理師 業界少有！培訓+底薪+高獎金(台北),學徒,推拿／按摩師,美療師／芳療師,,,智慧製程工程師,PLC／自動控制工程師,塑膠押出技術人員,工業設計,服裝設計
Dr.撥,【推薦培訓】Dr.撥專業筋膜調理師 業界少有！培訓+底薪+高獎金(新竹),學徒,推拿／按摩師,美療師／芳療師,,,智慧製程工程師,PLC／自動控制工程師,塑膠押出技術人員,工業設計,神秘客
Dr.撥,幸福企業【一技之長職缺】【Dr.撥】運動按摩師★合作按摩師傅(台中)可培訓,學徒,推拿／按摩師,,,,木工,水電工,服裝設計,智慧製程工程師,PLC／自動控制工程師
ETC遠通電收股份,【新北-泰山】【休假日可自選】【長期工讀】ETC遠通電收股份有限公司-歡迎夜校生及國考生 / 不加班 -602J,工讀生,行政助理,行政人員,,,包裝員／作業員,倉管／物料管理員,理貨人員,生鮮處理人員,倉儲物流人員
ETC遠通電收股份,【樹林區】【休假日可自選】【長期工讀】ETC遠通電收股份有限公司-歡迎夜校生及國考生 / 準時上下班 -602J,行政人員,工讀生,行政助理,,,資材人員,倉管／物料管理員,外務／快遞／送貨,倉儲物流人員,房務人員
ETC遠通電收股份,歡迎夜校生/國考生/學生/ETC遠通電收股份有限公司(近樹谷園區)-不加班 / 休假日可選 -602J,電腦操作／資料輸入,行政人員,行政助理,,,包裝員／作業員,倉管／物料管理員,理貨人員,倉儲物流人員,CNC車床人員
Engolili 台北車站,【Engolili 台北車站】內場組長｜任職滿一年保障年薪13個月｜月薪38K–42K｜具連鎖餐飲2年管理經驗,餐飲主管,店長／門市管理人員,,,,稽核主管,品管／品保主管,餐廚助手,稽核人員,餐飲服務人員
Engolili 板橋車站,【Engolili 板橋車站】內場組長｜任職滿一年保障年薪13個月｜月薪38K–42K｜具連鎖餐飲2年管理經驗,餐飲主管,店長／門市管理人員,,,,品管／品保主管,稽核主管,餐廚助手,稽核人員,調酒師／吧台人員
Engolili 統一時代店,【Engolili 統一時代店】內場組長｜任職滿一年保障年薪13個月｜月薪38K–42K｜具連鎖餐飲2年管理經驗,餐飲主管,店長／門市管理人員,,,,餐廚助手,品管／品保主管,調酒師／吧台人員,稽核主管,餐飲服務人員
GAGA DUCK 職人手作・舒肥餐盒,【GAGA DUCK 職人手作・舒肥餐盒】誠徵 晚班兼職/餐飲小幫手,餐廚助手,,,,,冷熱飲調製人員,調酒師／吧台人員,門市／店員／專櫃人員,飯店／旅館服務人員,外送人員
GAP,◆學生可◆【業務助理】純內勤工作 #近捷運站｜歡迎進修部同學或轉職GAP BIS_211,行政人員,,,,,內勤業務,行政助理,業務助理,國貿助理,秘書
GAP PT 台南三井,【GAP PT 台南三井】時薪$210~$215・無經驗可・排班超彈性,門市／店員／專櫃人員,,,,,調酒師／吧台人員,洗碗人員,冷熱飲調製人員,品管人員,智慧製程工程師
GAP PT 林口三井,【GAP PT 林口三井】時薪$210~$215・無經驗可・排班超彈性,門市／店員／專櫃人員,,,,,調酒師／吧台人員,洗碗人員,品管人員,冷熱飲調製人員,智慧製程工程師
GOGORO,GOGORO團隊 催收人員,帳款催收人員,電話客服人員,電訪人員,,,資材人員,倉管／物料管理員,理貨人員,倉儲物流人員,神秘客
GOGORO,GOGORO系統智慧電車-助理技師，【無經驗可，帶薪受訓】,其他車輛維修人員,機車維修人員,門市／店員／專櫃人員,,,工程助理,冷凍空調繪圖／設計,組裝組立技術人員,機械設計／繪圖人員,軟體助理工程師
GOGORO,『GOGORO 台南中山南門市』 Service Engineer 維修工程師 - 擴大徵才 帶薪培訓,產品設備維修人員,機車維修人員,客服工程師,,,PLC／自動控制工程師,工業設計,BIOS工程師,水電工程師,營建雜工／粗工
GOGORO,『GOGORO 台南中華分門市』 Service Engineer 維修工程師 - 擴大徵才 帶薪培訓,產品設備維修人員,機車維修人員,客服工程師,,,BIOS工程師,PLC／自動控制工程師,工業設計,水電工程師,熱傳工程師
GOGORO,『GOGORO 台南安平門市』 Service Engineer 維修工程師 - 擴大徵才 帶薪培訓,產品設備維修人員,機車維修人員,客服工程師,,,平面設計,工業設計,PLC／自動控制工程師,熱傳工程師,BIOS工程師
GOGORO,『GOGORO 台南新營門市』 Service Engineer 維修工程師 - 擴大徵才 帶薪培訓,產品設備維修人員,機車維修人員,客服工程師,,,BIOS工程師,PLC／自動控制工程師,工業設計,水電工程師,IC佈局工程師
GYMER．運動家,【GYMER．運動家】 社群媒體小編,社群經營人員,平面設計,行銷企劃人員,,,資材主管,資材人員,門市／店員／專櫃人員,金融營業人員,服裝設計
GoShare,#夜班 台北 GoShare換電工讀生（可短/長期）#高薪,工讀生,,,,,倉管／物料管理員,CNC車床人員,倉儲物流人員,理貨人員,包裝員／作業員
GoShare,#早班 台北 GoShare換電工讀生（可短/長期）#高薪,工讀生,,,,,CNC車床人員,倉管／物料管理員,水電工,電機技師／工程師,外務／快遞／送貨
GoShare,#晚班 台北 GoShare換電工讀生（可短/長期）#高薪,工讀生,,,,,CNC車床人員,倉管／物料管理員,水電工,理貨人員,倉儲物流人員
GoShare,【GoShare】維修工程師_晚班 (完整教育訓練、固定班別、待遇佳) JPS_850,其他車輛維修人員,機車維修人員,,,,MES工程師,BIOS工程師,電器產品維修人員,PLC／自動控制工程師,電腦組裝／維修
GoShare,💰210/H#桃園晚班🛵GoShare外勤換電工讀生🛵 #排班制,工讀生,,,,,資材主管,智慧製程工程師,品管人員,外務／快遞／送貨,電機技師／工程師
GoShare,💰225/H#台北大夜🛵GoShare外勤換電工讀生🛵 #排班制,工讀生,,,,,資材主管,外務／快遞／送貨,智慧製程工程師,品管人員,營建雜工／粗工
Gogoro,Gogoro 沙鹿服務中心 維修工程師🔥無經驗可，歡迎新鮮人加入我們的團隊🔥,機車維修人員,產品設備維修人員,其他車輛維修人員,,,嵌入式工程師,BIOS工程師,軟體工程師,水電工程師,電子設備維修人員
Gogoro,Gogoro 社區店-可樂車業-維修工程師🌟無經驗可提供帶薪教育訓練,機車維修人員,產品設備維修人員,其他車輛維修人員,,,PLC／自動控制工程師,電機技師／工程師,電機設備裝配員,水電工程師,BIOS工程師
Gogoro,Gogoro 西屯甘肅服務中心 維修工程師👉原廠帶薪培訓,機車維修人員,產品設備維修人員,其他車輛維修人員,,,冷凍空調技術人員／安裝員,BIOS工程師,水電工程師,電子設備維修人員,泥水工相關人員
Gogoro,Gogoro東區民權服務中心車輛維修工程師[帶薪培訓] [本薪+餐補 34K 起],機車維修人員,電機維修人員,其他車輛維修人員,,,實驗／化驗人員,熱傳工程師,機械加工技術人員,PLC／自動控制工程師,電機設備裝配員
Goshare,💰190/H#台北晚班🛵Goshare_貼紙工讀生#易上手#排班制,工讀生,,,,,資材人員,木工,外務／快遞／送貨,智慧製程工程師,品管人員
HPE高電壓產品,【HPE高電壓產品】新產品導入IE工程師,生產線工程師,工業工程師,,,,BIOS工程師,PCB-Layout佈局工程師,IC佈局工程師,嵌入式工程師,IC設計工程師
HPE高電壓產品,【HPE高電壓產品】新產品導入硬體開發工程師,系統工程師,,,,,韌體工程師,軟／韌體測試工程師,演算法開發工程師,嵌入式工程師,電腦硬體研發工程師
Hotel dùa,[Hotel dùa] étage15西餐廳早晚班儲備幹部/領班 (一段班8.5小時),餐飲領班,餐飲服務人員,,,,調酒師／吧台人員,餐飲主管,冷熱飲調製人員,侍酒師,品管／品保主管
Hotel dùa,[Hotel dùa] étage15西餐廳早班/晚班服務專員 (一段班8.5小時),餐飲服務人員,飯店／旅館櫃檯人員,儲備幹部,,,調酒師／吧台人員,飯店／旅館服務人員,冷熱飲調製人員,門市／店員／專櫃人員,侍酒師
Hotel dùa,[Hotel dùa]訂房專員,總機／接待／櫃檯人員,飯店／旅館櫃檯人員,飯店／旅館服務人員,,,門市／店員／專櫃人員,調酒師／吧台人員,房務人員,資材人員,神秘客
Hotel dùa,"【Hotel dùa, Kenting 墾丁】客務部主任",飯店／旅館主管,旅遊休閒類主管,飯店／旅館櫃檯人員,,,客服主管,儲備幹部,資材人員,售票／收銀人員,國外業務主管
Hotel dùa,"【Hotel dùa, Kenting 墾丁】客務部副理",飯店／旅館主管,旅遊休閒類主管,飯店／旅館服務人員,,,業務助理,秘書,國貿助理,電腦操作／資料輸入,財務／會計助理
Hotel dùa,"【Hotel dùa, Kenting 墾丁】清潔人員",清潔／資源回收人員,,,,,洗碗人員,冷熱飲調製人員,調酒師／吧台人員,房務人員,門市／店員／專櫃人員
Hotel dùa,"【Hotel dùa, Kenting 墾丁】餐飲部主任/領班",餐飲主管,旅遊休閒類主管,,,,餐飲領班,品管／品保主管,補習班主任／主管,調酒師／吧台人員,飯店／旅館主管
ICC,【ICC】多國認證專員,檔案資料管理人員,技術文件／說明書編譯,,,,神秘客,資材人員,品管人員,PLC／自動控制工程師,工業設計
IS BU,【IS BU】AOI製程工程師-竹北廠,生產技術／製程工程師,,,,,智慧製程工程師,電機技師／工程師,CNC車床人員,汽車檢驗員,電機設備裝配員
IS BU,【IS BU】客戶品質工程師(CQE)-竹北廠,品管人員,品保工程師,客服人員,,,PCB-Layout佈局工程師,IC佈局工程師,工業設計,BIOS工程師,軟體工程師
IS BU,【IS BU】廠務工程師(做二休二輪班12H)-竹北廠,廠務,,,,,BIOS工程師,IC佈局工程師,測量／儀校人員,工程助理,機械加工技術人員
IS BU,【IS BU】製程工程師(DB)-竹北廠,生產技術／製程工程師,半導體製程工程師,,,,智慧製程工程師,電機技師／工程師,塑膠押出技術人員,電機設備裝配員,CNC車床人員
IS BU,【IS BU】製程工程師(WB)-竹北廠,生產技術／製程工程師,半導體製程工程師,,,,智慧製程工程師,電機技師／工程師,塑膠押出技術人員,電機設備裝配員,CNC車床人員
IS BU,【IS BU】製造工程師-竹北廠,生管／助理,工業工程師,生產線工程師,,,智慧製程工程師,鑄造／鍛造模具技術人員,電機技師／工程師,塑膠模具技術人員,金屬模具技術人員
IS BU,【IS BU】設備工程師(做二休二12H輪班)-竹北廠,半導體設備工程師,生產設備工程師,半導體工程師,,,BIOS工程師,IC佈局工程師,PLC／自動控制工程師,機構工程師,工業設計
IS BU,【IS BU】設備工程師(做二休二固定夜班12H)-竹北廠,半導體設備工程師,生產設備工程師,半導體工程師,,,BIOS工程師,PLC／自動控制工程師,機構工程師,IC佈局工程師,工業設計
IS BU,【IS BU】設備工程師(做二休二固定日班12H)-竹北廠,半導體設備工程師,生產設備工程師,半導體工程師,,,BIOS工程師,PLC／自動控制工程師,機構工程師,IC佈局工程師,電機設備裝配員
ITRI Global Talent,【ITRI Global Talent】ISTI_AI Industry Analyst,市場調查／分析人員,,,,,工業設計,機構工程師,PLC／自動控制工程師,電機技師／工程師,電機設備裝配員
ITRI Global Talent,【ITRI Global Talent】ISTI_Semiconductor Industry Analyst,市場調查／分析人員,,,,,特用化學工程師,材料分析員,BIOS工程師,汽車研發人員,紡織化學工程師
ITRI Global Talent,【ITRI Global Talent】工研院服科中心_智慧服務型機器人策略與技術專家(A000),AI工程師,資料科學工程師,,,,臨床／實驗室研究人員,電子設備維修人員,心理學研究人員,復健技術師,軟／韌體測試工程師
JPD穿洞日常,【JPD穿洞日常】門市人員/正職／穿刺技師／穿刺學徒 台中一中店,門市／店員／專櫃人員,店長／門市管理人員,售票／收銀人員,,,沖床人員,智慧製程工程師,CNC車床人員,塑膠押出技術人員,電機技師／工程師
JPD穿洞日常,【JPD穿洞日常】門市人員/正職／穿刺技師／穿刺學徒 台北西門店,門市／店員／專櫃人員,店長／門市管理人員,售票／收銀人員,,,塑膠押出技術人員,壓鑄模具技術人員,CNC車床人員,智慧製程工程師,汽車檢驗員
KPMG ESG,【KPMG ESG】經理(ESG專案),專業顧問,ESG永續管理師,,,,軟體專案主管,保險業務員／經紀人,專案業務主管,資材主管,金融營業人員
KPMG ESG,【KPMG ESG】高級專員/經理/協理,專業顧問,查帳／審計人員,ESG永續管理師,,,資材人員,生管／助理,資材主管,文字客服,國貿助理
LA ONE Café,【LA ONE Café】 咖啡輕食_廚師,西式廚師,,,,,咖啡師,調酒師／吧台人員,侍酒師,冷熱飲調製人員,飯店／旅館服務人員
LA ONE Café,【LA ONE Café】晚班外場服務人員_兼職,餐飲服務人員,,,,,飯店／旅館服務人員,冷熱飲調製人員,調酒師／吧台人員,門市／店員／專櫃人員,外送人員
LA ONE 中央工廠,【LA ONE 中央工廠】清潔人員_兼職,清潔／資源回收人員,洗碗人員,,,,房務人員,生管／助理,生鮮處理人員,倉管／物料管理員,外送人員
LOPIA高雄漢神巨蛋店,【LOPIA高雄漢神巨蛋店】兼職人員★【晚班】．歡迎學生打工．二度就業★,餐廚助手,生鮮處理人員,售票／收銀人員,,,外送人員,調酒師／吧台人員,飯店／旅館服務人員,冷熱飲調製人員,門市／店員／專櫃人員
Levi＇s,全球最知名的丹寧服飾外商公司【Levi＇s】服裝搭配師｜歡迎新鮮人(大台北全區),門市／店員／專櫃人員,,,,,服裝設計,電機技師／工程師,電機設備裝配員,智慧製程工程師,工業設計
M-H,【M-H】光學濾光片_整合工程師(湖口廠),生產技術／製程工程師,,,,,太陽能技術工程師,MES工程師,鉗工,機械設備組裝測試人員,BIOS工程師
M-H,【M-H】光學濾光片_晶片製程工程師_輪班制(湖口廠),生產技術／製程工程師,,,,,機構工程師,CNC車床人員,IC封裝／測試工程師,電機設備裝配員,電機技師／工程師
M-H,【M-H】光學薄膜_鍍二濺鍍設備工程師(湖口廠),生產技術／製程工程師,生產設備工程師,,,,BIOS工程師,機構工程師,IC佈局工程師,機電技師／工程師,水電工程師
MERCER BRUNCH,【MERCER BRUNCH】儲備幹部,餐飲服務人員,餐飲主管,門市／店員／專櫃人員,,,品管／品保主管,儲備幹部,資材主管,智慧製程工程師,電機工程主管
MG豐展,【MG豐展】引擎技師（MG仁德廠）,汽車引擎技術人員,汽車維修人員,,,,汽車檢驗員,電機技師／工程師,電機設備裝配員,技術人員,CNC車床人員
MG豐展,【MG豐展】引擎技師（MG安平廠）,汽車引擎技術人員,汽車維修人員,,,,電機技師／工程師,汽車檢驗員,電機設備裝配員,技術人員,CNC車床人員
MG豐展,【MG豐展】引擎技師（MG新營廠）,汽車引擎技術人員,汽車維修人員,,,,汽車檢驗員,電機技師／工程師,電機設備裝配員,技術人員,模具技術人員
MLD台鋁,[MLD台鋁]悅品點心廚房一廚,中式廚師,餐廚助手,,,,調酒師／吧台人員,侍酒師,門市／店員／專櫃人員,冷熱飲調製人員,飯店／旅館服務人員
MLD台鋁,[MLD台鋁]悅品點心廚房兼職人員,餐廚助手,,,,,調酒師／吧台人員,飯店／旅館服務人員,門市／店員／專櫃人員,冷熱飲調製人員,侍酒師
MLD台鋁,[MLD台鋁]燒臘央廚廚師(一廚/二廚/三廚),中式廚師,其他料理廚師,,,,調酒師／吧台人員,冷熱飲調製人員,侍酒師,西式廚師,洗碗人員
MLD台鋁,[MLD台鋁]開發部專員,通路開發人員,國內業務人員,行政人員,,,零組件工程師,電子工程師,汽車研發人員,材料研發人員,專案管理主管
MLD台鋁_晶綺盛宴,[MLD台鋁_晶綺盛宴]宴會廚副主廚,中式廚師,其他料理廚師,,,,調酒師／吧台人員,侍酒師,冷熱飲調製人員,門市／店員／專櫃人員,品管／品保主管
MLD台鋁_晶綺盛宴,[MLD台鋁_晶綺盛宴]訂席業務副理,餐飲主管,國內業務主管,客服主管,,,國貿助理,業務助理,秘書,採購助理,財務／會計助理
MO-MO-PARADISE,"【MO-MO-PARADISE】中和環球牧場-外場兼職(假日班-中班,晚班)(時薪210-250元)",餐飲服務人員,工讀生,門市／店員／專櫃人員,,,外送人員,調酒師／吧台人員,冷熱飲調製人員,生鮮處理人員,房務人員
MO-MO-PARADISE,"【MO-MO-PARADISE】中壢大江牧場-外場兼職(假日班-中班,晚班)(時薪210元-250元)",餐飲服務人員,工讀生,門市／店員／專櫃人員,,,外送人員,調酒師／吧台人員,冷熱飲調製人員,生鮮處理人員,倉管／物料管理員
MO-MO-PARADISE,"【MO-MO-PARADISE】台北中山牧場-外場兼職(早班,中班,晚班)(時薪210元-250元)",餐飲服務人員,工讀生,門市／店員／專櫃人員,,,外送人員,冷熱飲調製人員,調酒師／吧台人員,生鮮處理人員,房務人員
MO-MO-PARADISE,【MO-MO-PARADISE】嘉義秀泰牧場-外場兼職(假日班)(時薪210元-250元),餐飲服務人員,工讀生,門市／店員／專櫃人員,,,外送人員,調酒師／吧台人員,冷熱飲調製人員,資材人員,生管／助理
MO-MO-PARADISE,【MO-MO-PARADISE】新店裕隆城牧場-內場儲備主管(薪資46500起_還有4500元入職獎金&介紹獎金最高2萬元),儲備幹部,餐飲主管,中式廚師,,,品管／品保主管,其他料理廚師,餐廚助手,稽核人員,餐飲領班
MO-MO-PARADISE,"【MO-MO-PARADISE】新莊宏匯牧場-外場兼職(早班,中班,晚班)(時薪210元-250元)",餐飲服務人員,工讀生,門市／店員／專櫃人員,,,外送人員,冷熱飲調製人員,調酒師／吧台人員,房務人員,資材人員
MO-MO-PARADISE,"【MO-MO-PARADISE】桃園統領牧場-外場兼職(早班,中班,晚班)(時薪210元-250元)",餐飲服務人員,工讀生,門市／店員／專櫃人員,,,生鮮處理人員,木工,倉管／物料管理員,房務人員,資材人員
MO-MO-PARADISE,"【MO-MO-PARADISE】桃園經國牧場-外場兼職(早班,中班,晚班)(時薪210元-250元)",工讀生,門市／店員／專櫃人員,餐飲服務人員,,,外送人員,冷熱飲調製人員,調酒師／吧台人員,房務人員,資材人員
MO-MO-PARADISE,"【MO-MO-PARADISE】苗栗頭份牧場-外場兼職(中班,晚班,假日班)(時薪210元-250元)",工讀生,門市／店員／專櫃人員,餐飲服務人員,,,冷熱飲調製人員,調酒師／吧台人員,外送人員,生鮮處理人員,資材人員
MO-MO-PARADISE,"【MO-MO-PARADISE】蘆洲徐匯牧場-外場兼職(中班,晚班)(時薪210元-250元)",工讀生,門市／店員／專櫃人員,餐飲服務人員,,,冷熱飲調製人員,外送人員,調酒師／吧台人員,房務人員,生鮮處理人員
MO-MO-PARADISE,消夜場兼職｜最高$295【MO-MO-PARADISE 台北復興牧場】(工作時段21點至凌晨1點),餐飲服務人員,餐廚助手,門市／店員／專櫃人員,,,房務人員,倉儲物流人員,倉管／物料管理員,遊樂景點工作人員,生鮮處理人員
MOO-高雄夢時代店,"【MOO-高雄夢時代店】麵包二手_月薪37,400-47,400元起_月業績獎金及年度績效獎金另計_Miopane連鎖麵包新品牌",麵包師,,,,,調酒師／吧台人員,門市／店員／專櫃人員,餐廚助手,冷熱飲調製人員,餐飲服務人員
MOO-高雄夢時代店,"【MOO-高雄夢時代店】麵包學徒_月薪32,400-37,400元起_月業績獎金及年度績效獎金另計_Miopane連鎖麵包新品牌",學徒,麵包師,,,,調酒師／吧台人員,餐廚助手,餐飲服務人員,門市／店員／專櫃人員,其他料理廚師
Manpower 內部職缺,【Manpower 內部職缺】人才招募顧問,人事／人力資源專員,人事助理,人力／外勞仲介,,,稽核人員,稽核主管,醫師,客服人員,品管／品保主管
Manpower 內部職缺,【Manpower 內部職缺】招募顧問,人事／人力資源專員,人事助理,人力／外勞仲介,,,稽核人員,稽核主管,醫師,營造工程師,品管／品保主管
Miopane-桃園台茂購物中心店,"預計10月開幕【Miopane-桃園台茂購物中心店】麵包三手／月薪35,400-38,400元起/月業績獎金及年度績效獎金另計",麵包師,,,,,資材人員,業務助理,國貿助理,客服人員,電話客服人員
Miopane-桃園台茂購物中心店,"預計10月開幕【Miopane-桃園台茂購物中心店】麵包二手／月薪38,400-47,400元起/月業績獎金及年度績效獎金另計",麵包師,,,,,資材人員,業務助理,國貿助理,客服人員,電話客服人員
Miopane-桃園台茂購物中心店,"預計10月開幕【Miopane-桃園台茂購物中心店】麵包學徒/月薪34,400-35,400元起/月業績獎金及年度績效獎金另計(歡迎應屆畢業外籍生)",麵包師,,,,,資材人員,票務人員／旅行社人員,客服人員,電話客服人員,業務助理
MisterDonut,【MisterDonut】通路企劃專員（零售通路／超商合作）,行銷企劃人員,市場調查／分析人員,通路開發人員,,,活動企劃人員,資材人員,國貿助理,業務助理,傳播媒體編輯企劃
MyGo AI大數據,【MyGo AI大數據】 Proptech/Fintech土地開發組長/儲備幹部,代書／地政士,專案經理,都市／交通規劃人員,,,儲備幹部,土地開發人員,國內業務人員,不動產經紀人／營業員,客服主管
MyGo AI大數據,【MyGo AI大數據】Proptech/Fintech資料科學家/AI 機器學習工程師,軟體工程師,網站程式設計師,,,,機器學習工程師,BIOS工程師,軟／韌體測試工程師,測試工程師,數據分析師／資料分析師
MyGo AI大數據,【MyGo AI大數據】Proptech/Fintech都市計畫PT,都市／交通規劃人員,現場規劃工程師,,,,神秘客,資材人員,資料庫管理人員,工業設計,門市／店員／專櫃人員
MyGo AI大數據,【MyGo AI大數據】文案內容企劃,行銷企劃人員,行銷企劃助理,編輯／文字類人員,,,廣告文案企劃人員,行政助理,內勤業務,秘書,採購助理
MyGo AI大數據,【MyGo AI大數據】海外房地產電訪專員➤高獎金！保障底薪！不倒扣！,電話行銷人員,電話客服人員,電訪人員,,,國內業務人員,房務人員,ISO品保人員,不動產經紀人／營業員,客服主管
NISSAN,NISSAN裕民汽車-中古車部儲備幹部,汽車銷售人員,,,,,智慧製程工程師,壓鑄模具技術人員,電機工程主管,儲備幹部,生管主管
NISSAN,【NISSAN】引擎技師/半技師(五權西路廠),汽車維修人員,汽車引擎技術人員,其他車輛維修人員,,,CNC車床人員,汽車檢驗員,電機技師／工程師,電機設備裝配員,放電加工技術人員
NISSAN,【NISSAN】擴大選才，隔熱紙技師,汽車美容,其他車輛維修人員,,,,汽車檢驗員,電機技師／工程師,塑膠押出技術人員,放電加工技術人員,電機設備裝配員
NISSAN,【NISSAN】汽車噴漆塗裝技師/半技師(南中廠),噴漆技術人員,塗裝技術人員,,,,汽車檢驗員,CNC車床人員,壓鑄模具技術人員,放電加工技術人員,電機技師／工程師
NISSAN,【NISSAN】鈑金技師 (西屯),鈑金技術人員,,,,,電機技師／工程師,智慧製程工程師,電機設備裝配員,塑膠押出技術人員,技術人員
NISSAN,【NISSAN】鈑金技師(南中),鈑金技術人員,,,,,汽車檢驗員,CNC車床人員,技術人員,電機技師／工程師,壓鑄模具技術人員
NISSAN,【NISSAN】鈑金技師(南投),鈑金技術人員,,,,,技術人員,電機技師／工程師,模具技術人員,塑膠押出技術人員,壓鑄模具技術人員
Noodle Booze,【Noodle Booze】外場 晚班工讀,工讀生,餐飲服務人員,,,,調酒師／吧台人員,冷熱飲調製人員,飯店／旅館服務人員,外送人員,門市／店員／專櫃人員
Only Hair大有店,【Only Hair大有店】誠徵設計師｜保底40000,髮型設計師,美髮助理,,,,工業設計,PLC／自動控制工程師,水電工程師,建築繪圖／設計,平面設計
PC｜南投店,【 PC｜南投店 】設計師助理,美髮助理,總機／接待／櫃檯人員,售票／收銀人員,,,室內設計助理,設計助理,資訊助理人員,軟體助理工程師,UI/UX設計師
PC｜興安店,【 PC｜興安店 】設計助理,美髮助理,總機／接待／櫃檯人員,,,,室內設計助理,設計助理,資訊助理人員,軟體助理工程師,生管／助理
PI-DQE,【PI-DQE】EMC工程師,EMC／安規工程人員,IC封裝／測試工程師,,,,IC佈局工程師,BIOS工程師,RF通訊工程師,嵌入式工程師,IC設計工程師
PI-DQE,【PI-DQE】Mini Line工程師,IC封裝／測試工程師,電子工程師,,,,IC佈局工程師,嵌入式工程師,IC設計工程師,冷凍空調繪圖／設計,軟體工程師
PI-DQE,【PI-DQE】Safety工程師,IC封裝／測試工程師,軟／韌體測試工程師,,,,可靠度工程師,IC佈局工程師,BIOS工程師,水電工程師,PLC／自動控制工程師
PI-DQE,【PI-DQE】環保法規工程師,環保／環境工程師／技師,,,,,水電工程師,結構技師／工程師,IC佈局工程師,嵌入式工程師,土木工程師
Potato Corner台北京站,【Potato Corner台北京站】組長,門市／店員／專櫃人員,店長／門市管理人員,餐飲服務人員,,,空服人員,售票／收銀人員,資材人員,水電工,電機技師／工程師
Potato Corner桃園大江,【Potato Corner桃園大江】組長,門市／店員／專櫃人員,店長／門市管理人員,餐飲服務人員,,,資材人員,空服人員,水電工,電機技師／工程師,機構工程師
Potato Corner統一時代,【Potato Corner統一時代】組長,門市／店員／專櫃人員,店長／門市管理人員,餐飲服務人員,,,資材人員,水電工,PLC／自動控制工程師,電機技師／工程師,空服人員
Potato Corner雙北地區,【Potato Corner雙北地區】組長,門市／店員／專櫃人員,店長／門市管理人員,餐飲服務人員,,,資材人員,空服人員,儲備幹部,水電工,PLC／自動控制工程師
QODM實驗室,安定性研發工程師-屏東農科園區 【RDR003 研發設計中心 QODM實驗室】,食品研發人員,生物科技研發人員,,,,EMC／安規工程人員,材料分析員,軟／韌體測試工程師,測試工程師,材料研發人員
SAH001 全球業務中心,國際業務/International Sales【SAH001 全球業務中心】/客戶成功經理,經營管理主管,,,,,國外業務人員,國外業務主管,廣告AE,國內業務人員,國貿人員
SAVE 認證聯盟,拍賣認證事業群_【SAVE 認證聯盟】車輛查定鑑定師／車況認證工程師 (台中拍場)/底薪+優渥獎金,汽車檢驗員,汽車引擎技術人員,,,,零組件工程師,機構工程師,機械加工技術人員,雷射技術操作員,工業設計
SOGO復興店,COVA咖啡廳外場服務專員（101 店/ SOGO復興店）,餐飲服務人員,,,,,侍酒師,調酒師／吧台人員,飯店／旅館服務人員,冷熱飲調製人員,咖啡師
SOGO復興店,鐵板燒廚師、儲備幹部(SOGO復興店),餐飲服務人員,餐廚助手,,,,品管／品保主管,調酒師／吧台人員,店長／門市管理人員,餐飲主管,儲備幹部
SPEEDO,SPEEDO平鎮.觀音.草漯-持續累積被動收入~!非仲介好推廣，半個政府公務員*好上手*社會住宅包租代管-租賃管理師,國內業務人員,,,,,客服主管,客服工程師,客戶成功經理,資材人員,平面設計
SPEEDO,SPEEDO集團-吉富(內壢-人資專員)-無經驗可,人事／人力資源專員,人事助理,教育訓練人員,,,餐廚助手,生鮮處理人員,包裝員／作業員,倉管／物料管理員,客服人員
SUBWAY立賢店,【SUBWAY立賢店】店長,餐廚助手,餐飲服務人員,,,,調酒師／吧台人員,冷熱飲調製人員,侍酒師,門市／店員／專櫃人員,餐飲主管
Samsung 台南成大校園店,【Samsung 台南成大校園店】品牌服務顧問(排班/時薪250),工讀生,,,,,門市／店員／專櫃人員,神秘客,客服主管,ISO品保人員,房務人員
Straight A,【Straight A】Apple產品門市_校園顧問 (清華大學 ，培訓期間保障薪資36K、提供租屋津貼),門市／店員／專櫃人員,,,,,ISO品保人員,PLC／自動控制工程師,客服主管,水電工程師,神秘客
Straight A,【Straight A】Apple產品門市_校園顧問 (臺灣大學 ，培訓期間保障薪資36K),門市／店員／專櫃人員,,,,,ISO品保人員,客服主管,神秘客,PLC／自動控制工程師,產品經理
TAH001 天賦發展中心,人資招募管理師【TAH001 天賦發展中心】,人事／人力資源專員,,,,,人事／人力資源主管,加盟／招商人員,教育訓練人員,ISO品保人員,發包人員
TG蔬坊,B06-急徵穩定月薪-搬運出貨-廚房廠內工作-沙拉輕食品牌-台中南屯 [TG蔬坊],廠務,廠務助理,搬運人員,,,生鮮處理人員,包裝員／作業員,餐廚助手,倉管／物料管理員,智慧製程工程師
TG蔬坊,D15-週間早班-沙拉輕食品牌-環境安全 [TG蔬坊],門市／店員／專櫃人員,餐廚助手,餐飲服務人員,,,ISO品保人員,品管人員,智慧製程工程師,檢驗人員,食品檢驗人員
TG蔬坊,D16-即時上班-時數穩定-晚班-蔬坊-沙拉輕食品牌-市政府站 [TG蔬坊],餐飲服務人員,餐廚助手,門市／店員／專櫃人員,,,電腦操作／資料輸入,售票／收銀人員,行政人員,秘書,業務助理
TG蔬坊,🌟TG蔬坊-快速上班-儲備人員,餐飲領班,餐飲主管,經營管理主管,,,調酒師／吧台人員,冷熱飲調製人員,門市／店員／專櫃人員,飯店／旅館服務人員,侍酒師
TG蔬坊,🥦TG蔬坊-市政府捷運站-早班兼職人員-立刻上班,門市／店員／專櫃人員,餐廚助手,餐飲服務人員,,,電腦操作／資料輸入,飯店／旅館服務人員,行政人員,售票／收銀人員,秘書
THE AMNIS 然一酒店,【THE AMNIS 然一酒店 】助理調酒師『月薪38000(含輪班津貼)起』,調酒師／吧台人員,餐飲服務人員,,,,電腦操作／資料輸入,財務／會計助理,秘書,業務助理,藥師助理
THE AMNIS 然一酒店,【THE AMNIS 然一酒店】全日廚房 領班 (一段班),餐廚助手,西式廚師,,,,餐飲領班,日式廚師,調酒師／吧台人員,品管／品保主管,智慧製程工程師
THE AMNIS 然一酒店,【THE AMNIS 然一酒店】兼職 全日餐廳服務《平假日、早或晚》,餐飲服務人員,工讀生,,,,飯店／旅館服務人員,調酒師／吧台人員,侍酒師,冷熱飲調製人員,門市／店員／專櫃人員
THE AMNIS 然一酒店,【THE AMNIS 然一酒店】財務部協理,財務／會計主管,,,,,財務／會計助理,會計／出納／記帳人員,秘書,電腦操作／資料輸入,行政人員
THE AMNIS 然一酒店,【THE AMNIS 然一酒店】貴賓服務副理,飯店／旅館服務人員,,,,,電腦操作／資料輸入,門市／店員／專櫃人員,業務助理,秘書,售票／收銀人員
THL,【THL】新竹區-業務專員,國內業務人員,通路開發人員,,,,國貿助理,國外業務人員,國貿人員,業務助理,採購助理
THL,【THL】桃園區-業務專員,國內業務人員,通路開發人員,,,,國貿助理,業務助理,國貿人員,國外業務人員,採購助理
THL,【THL】雙北區-業務專員,國內業務人員,通路開發人員,,,,國貿助理,業務助理,國貿人員,採購助理,秘書
THL,【THL】雙北地區-執行業務代表(商化人員),店長／門市管理人員,櫥窗／會場設計人員,門市／店員／專櫃人員,,,國外業務人員,國貿人員,廣告AE,報關人員,國內業務人員
Taiwan Mobile 實習計畫,【Taiwan Mobile 實習計畫】Intern-AI訓練語料校正,軟體工程師,網站程式設計師,,,,資料庫管理人員,生管／助理,神秘客,工業設計,資材人員
Taiwan Mobile 實習計畫,【Taiwan Mobile 實習計畫】Intern-ESG永續發展,ESG永續管理師,,,,,室內設計師,活動企劃人員,網頁設計,神秘客,產品企劃人員
Taiwan Mobile 實習計畫,【Taiwan Mobile 實習計畫】Intern-公共關係部 影音實習生,剪輯師,影片製作技術人員,,,,UI/UX設計師,媒體公關人員,公關企劃人員,平面設計,資料庫管理人員
Taiwan Mobile 實習計畫,【Taiwan Mobile 實習計畫】Intern-無線網路優化 – 中區,電信／通訊系統工程師,,,,,網頁設計,電玩工程師,神秘客,室內設計助理,建築繪圖／設計
Taiwan Mobile 實習計畫,【Taiwan Mobile 實習計畫】Intern-資安管理,稽核人員,資訊助理人員,產品管理師,,,資料庫管理人員,工讀生,飯店／旅館服務人員,平面設計,工業設計
Taïrroir 態芮,捷運劍南站_米其林餐廳「Taïrroir 態芮」-外場兼職／時薪$230_AN,餐飲服務人員,工讀生,,,,侍酒師,飯店／旅館服務人員,調酒師／吧台人員,冷熱飲調製人員,外送人員
Taïrroir 態芮,"米其林三星【Taïrroir 態芮】_專業餐飲服務人員_(固休二,三)＿AN",餐飲服務人員,,,,,調酒師／吧台人員,冷熱飲調製人員,門市／店員／專櫃人員,飯店／旅館服務人員,侍酒師
Taïrroir 態芮,米其林餐廳「Taïrroir 態芮」-外場領班／薪水3萬8起+獎金_AN,餐飲服務人員,,,,,調酒師／吧台人員,飯店／旅館服務人員,侍酒師,冷熱飲調製人員,餐飲領班
UDON讚岐烏龍麵,【UDON讚岐烏龍麵】早班長期備料人員(崇德店),生鮮處理人員,餐廚助手,,,,冷熱飲調製人員,調酒師／吧台人員,門市／店員／專櫃人員,侍酒師,外送人員
UG TEA,挑戰餐飲高薪！【UG TEA】《儲備組長/組長》完整培訓 (林口長庚醫院站),門市／店員／專櫃人員,餐飲服務人員,冷熱飲調製人員,,,智慧製程工程師,PLC／自動控制工程師,電機技師／工程師,儲備幹部,電機工程主管
URiDE 共享租車,【URiDE 共享租車】車輛調度整備人員(台北),客服人員,汽車引擎技術人員,其他車輛維修人員,,,理貨人員,小客車／小貨車司機,CNC車床人員,倉管／物料管理員,堆高機操作人員
Uber,Uber Eats超市【新北市三重區】/  獎金+ / 不收銀又沒奧客 / 非外送員 -602J,工讀生,倉儲物流人員,,,,外送人員,外務／快遞／送貨,調酒師／吧台人員,餐飲服務人員,門市／店員／專櫃人員
Uber,Uber Eats超市【新北市新店區】/ 獎金+ / 不收銀又沒奧客 / 非外送員 -602J,工讀生,倉儲物流人員,,,,外送人員,外務／快遞／送貨,調酒師／吧台人員,門市／店員／專櫃人員,餐飲服務人員
Uber,外商｜短期6個月職缺｜優於勞基法的假別【Uber】Payment Support Specialist,會計／出納／記帳人員,客服人員,,,,媒體公關人員,UI/UX設計師,資訊助理人員,法務助理,生管／助理
Uber,外商｜門市服務｜優於勞基法的假別【Uber】City Operations,客服人員,電話客服人員,,,,門市／店員／專櫃人員,調酒師／吧台人員,飯店／旅館服務人員,侍酒師,售票／收銀人員
UberEats,【UberEats 餐廳開發業務(台北)】月薪40K~55K起、前兩個月享額外津貼10K起｜工時彈性自由｜滿3個月即享10天年假,國內業務主管,電話行銷人員,通路開發人員,,,國內業務人員,客服主管,國外業務人員,神秘客,業務助理
UberEats,【UberEats】餐廳業務(台北) ／ 40-55K底薪可談 ／ 見紅休 ／ 福利優,國內業務人員,通路開發人員,,,,業務助理,國貿助理,秘書,活動企劃人員,採購助理
Ukai,【Ukai 】鐵板燒.割烹廚廚助/副領班,餐廚助手,西式廚師,,,,鐵板燒廚師,調酒師／吧台人員,餐飲領班,木工,智慧製程工程師
Ukai,【Ukai】主廚 Pastry Chef,西點蛋糕師,,,,,品管／品保主管,調酒師／吧台人員,智慧製程工程師,木工,資材主管
Ukai,【Ukai】外場副領班/領班,餐飲服務人員,餐飲主管,飯店／旅館服務人員,,,餐飲領班,木工,升學補習班老師,智慧製程工程師,領班／管理幹部
Ukai,【Ukai】廚藝實習生 Culinary Intern,餐廚助手,,,,,學徒,工讀生,營建雜工／粗工,智慧製程工程師,工業設計
Ukai,【Ukai】服務實習生 Intern,餐飲服務人員,,,,,工讀生,房務人員,遊樂景點工作人員,神秘客,飯店／旅館服務人員
Ukai,【Ukai】貴賓服務領檯副理 VIP Service Asst. Manager,總機／接待／櫃檯人員,餐飲主管,客服主管,,,文字客服,行政人員,秘書,電腦操作／資料輸入,越南翻譯／口譯人員
Ukai,【Ukai】領檯人員 /領班~月薪4萬2(含津貼),餐飲服務人員,飯店／旅館服務人員,飯店／旅館櫃檯人員,,,導遊／領隊／導覽,宗教／神職人員,木工,資材人員,補習班導師
ViBES歌喉響宴KTV,ViBES歌喉響宴KTV(南京旗艦店)中班廚房正職人員 18:00～03:00,中式廚師,餐廚助手,,,,調酒師／吧台人員,冷熱飲調製人員,門市／店員／專櫃人員,餐飲主管,侍酒師
ViBES歌喉響宴KTV,ViBES歌喉響宴KTV(南京旗艦店)夜班廚房正職人員,中式廚師,餐廚助手,,,,調酒師／吧台人員,門市／店員／專櫃人員,冷熱飲調製人員,侍酒師,售票／收銀人員
ViBES歌喉響宴KTV,ViBES歌喉響宴KTV(南京旗艦店)日班廚房正職人員,中式廚師,,,,,調酒師／吧台人員,門市／店員／專櫃人員,冷熱飲調製人員,侍酒師,品管／品保主管
ViBES歌喉響宴KTV,ViBES歌喉響宴KTV(南京旗艦店)早班廚房兼職助手,餐廚助手,洗碗人員,,,,調酒師／吧台人員,門市／店員／專櫃人員,冷熱飲調製人員,飯店／旅館服務人員,侍酒師
ViBES歌喉響宴KTV,【ViBES歌喉響宴KTV】中班外場正職服務人員,餐飲服務人員,,,,,調酒師／吧台人員,冷熱飲調製人員,門市／店員／專櫃人員,飯店／旅館服務人員,侍酒師
WS遇見光,【WS遇見光】維修技師(嘉義) 1-2名 (學經歷不拘),汽車維修人員,,,,,汽車檢驗員,CNC車床人員,維修技術人員,傳統車床人員,電機技師／工程師
XPEL 桃園中壢授權店,【XPEL 桃園中壢授權店】包膜助理,汽車美容,,,,,電腦操作／資料輸入,採購助理,藥師助理,國貿助理,秘書
e大學眼鏡,花蓮市【e大學眼鏡】[驗光師]花蓮中山門市,驗光師,,,,,調酒師／吧台人員,冷熱飲調製人員,門市／店員／專櫃人員,藥師助理,藥師
e大學眼鏡,雲林斗六市【e大學眼鏡】[驗光師]雲林斗六門市,驗光師,,,,,調酒師／吧台人員,冷熱飲調製人員,門市／店員／專櫃人員,洗碗人員,侍酒師
hailease中租,【Chailease中租控股】GAIEP大東協實習及就業計畫｜印尼資訊人員 (會印尼文) Indonesian IT,資訊助理人員,,,,,神秘客,工讀生,房務人員,資材人員,生管／助理
【大寮發發發,【【大寮發發發】】作業員/供餐/不用輪班/高額班別津貼TU,包裝員／作業員,,,,,調酒師／吧台人員,冷熱飲調製人員,門市／店員／專櫃人員,生鮮處理人員,外務／快遞／送貨
すき家 SUKIYA,[日商]すき家 SUKIYA台北教育訓練人員-全職,教育訓練人員,人事助理,餐飲服務人員,,,智慧製程工程師,資材人員,幼教老師,電機技師／工程師,PLC／自動控制工程師
すき家 SUKIYA,【すき家 SUKIYA】★大夜班時薪256元起(含全勤加津貼)★ 三民九如店,餐廚助手,餐飲服務人員,工讀生,,,調酒師／吧台人員,洗碗人員,冷熱飲調製人員,門市／店員／專櫃人員,生鮮處理人員
すき家 SUKIYA,【すき家 SUKIYA】★大夜班時薪256元起(含全勤加津貼)★ 台中一中店,餐廚助手,餐飲服務人員,工讀生,,,調酒師／吧台人員,門市／店員／專櫃人員,冷熱飲調製人員,售票／收銀人員,飯店／旅館服務人員
すき家 SUKIYA,【すき家 SUKIYA】★大夜班時薪256元起(含全勤加津貼)★ 台中中清店,餐廚助手,餐飲服務人員,工讀生,,,調酒師／吧台人員,門市／店員／專櫃人員,冷熱飲調製人員,售票／收銀人員,飯店／旅館服務人員
すき家 SUKIYA,【すき家 SUKIYA】★大夜班時薪256元起(含全勤加津貼)★ 台中太平店,餐廚助手,餐飲服務人員,工讀生,,,調酒師／吧台人員,門市／店員／專櫃人員,冷熱飲調製人員,售票／收銀人員,侍酒師
すき家 SUKIYA,【すき家 SUKIYA】★大夜班時薪256元起(含全勤加津貼)★ 桃園龜山店,餐廚助手,餐飲服務人員,工讀生,,,調酒師／吧台人員,洗碗人員,門市／店員／專櫃人員,冷熱飲調製人員,生鮮處理人員
すき家 SUKIYA,【すき家 SUKIYA】★大夜班時薪256元起(含全勤加津貼)★ 楊梅中山北路店,餐廚助手,餐飲服務人員,工讀生,,,門市／店員／專櫃人員,調酒師／吧台人員,冷熱飲調製人員,生鮮處理人員,洗碗人員
すき家 SUKIYA,【すき家 SUKIYA】★大夜班時薪256元起(含全勤加津貼)★ 逢甲河南店,餐廚助手,餐飲服務人員,工讀生,,,調酒師／吧台人員,門市／店員／專櫃人員,冷熱飲調製人員,洗碗人員,生鮮處理人員
すき家 SUKIYA,【すき家 SUKIYA】★大夜班時薪310元起(含全勤津貼獎金)★  新北投站前店,餐廚助手,餐飲服務人員,工讀生,,,門市／店員／專櫃人員,調酒師／吧台人員,冷熱飲調製人員,洗碗人員,售票／收銀人員
すき家 SUKIYA,【すき家 SUKIYA】★大夜班時薪310元起(含全勤津貼獎金)★ 台北行天宮店,餐廚助手,餐飲服務人員,工讀生,,,門市／店員／專櫃人員,冷熱飲調製人員,調酒師／吧台人員,售票／收銀人員,金融營業人員
すき家 SUKIYA,【すき家 SUKIYA】★大夜班時薪320元起(含全勤津貼獎金)★  松山站前店,餐廚助手,餐飲服務人員,工讀生,,,門市／店員／專櫃人員,調酒師／吧台人員,冷熱飲調製人員,洗碗人員,售票／收銀人員
すき家 SUKIYA,【すき家 SUKIYA】★大夜班時薪330元起(含全勤津貼獎金)★ 台北市政府店,餐廚助手,餐飲服務人員,工讀生,,,門市／店員／專櫃人員,調酒師／吧台人員,冷熱飲調製人員,售票／收銀人員,飯店／旅館服務人員
すき家 SUKIYA,"【すき家 SUKIYA】★月薪33,800元(含全勤)★西屯市政誠品480店 全職",餐廚助手,餐飲服務人員,門市／店員／專櫃人員,,,電腦操作／資料輸入,秘書,行政人員,業務助理,財務／會計助理
すき家 SUKIYA,【すき家 SUKIYA】西寧南路店改裝回歸 Reopen！｜大夜班時薪320元起(含全勤津貼獎金),餐廚助手,餐飲服務人員,工讀生,,,生鮮處理人員,外務／快遞／送貨,智慧製程工程師,包裝員／作業員,資材主管
すき家 SUKIYA,"【すき家 SUKIYA】西寧南路店改裝回歸 Reopen！｜月薪33,800元(含全勤)｜全職",餐飲服務人員,餐廚助手,門市／店員／專櫃人員,,,智慧製程工程師,生鮮處理人員,調酒師／吧台人員,品管人員,資材主管
はま寿司 HAMASUSHI,【はま寿司 HAMASUSHI】早班兼職★時薪203元起(含全勤)★基隆店,餐飲服務人員,餐廚助手,工讀生,,,調酒師／吧台人員,飯店／旅館服務人員,門市／店員／專櫃人員,侍酒師,冷熱飲調製人員
はま寿司 HAMASUSHI,【はま寿司 HAMASUSHI】早班兼職★時薪205元起(含全勤)★苗栗尚順店,餐飲服務人員,餐廚助手,工讀生,,,飯店／旅館服務人員,調酒師／吧台人員,門市／店員／專櫃人員,冷熱飲調製人員,侍酒師
はま寿司 HAMASUSHI,【はま寿司 HAMASUSHI】晚班兼職★時薪203元起(含全勤)★基隆店,餐飲服務人員,餐廚助手,工讀生,,,調酒師／吧台人員,飯店／旅館服務人員,門市／店員／專櫃人員,侍酒師,冷熱飲調製人員
はま寿司 HAMASUSHI,【はま寿司 HAMASUSHI】晚班兼職★時薪205元起(含全勤)★台中麗寶店,餐飲服務人員,餐廚助手,工讀生,,,調酒師／吧台人員,飯店／旅館服務人員,門市／店員／專櫃人員,侍酒師,冷熱飲調製人員
はま寿司 HAMASUSHI,【はま寿司 HAMASUSHI】晚班兼職★時薪205元起(含全勤)★苗栗尚順店,餐飲服務人員,餐廚助手,工讀生,,,飯店／旅館服務人員,調酒師／吧台人員,門市／店員／專櫃人員,冷熱飲調製人員,侍酒師
一宮壽喜燒,【一宮壽喜燒】- 早晚班工讀（北屯總站店）,工讀生,餐廚助手,餐飲服務人員,生鮮處理人員,總機／接待／櫃檯人員,飯店／旅館服務人員,冷熱飲調製人員,調酒師／吧台人員,門市／店員／專櫃人員,侍酒師
一心店,一心店*維修技師,機車維修人員,,,,,智慧製程工程師,實驗／化驗人員,品管人員,電機技師／工程師,塑膠押出技術人員
一心店,麗睛眼鏡【一心店】驗光師/驗光生．各類商品銷售獎金另計，獎金無上限,驗光師,,,,,門市／店員／專櫃人員,產品經理,神秘客,儲備幹部,國內業務人員
一心美食育樂館,【一心美食育樂館】清潔人員,清潔／資源回收人員,,,,,洗碗人員,冷熱飲調製人員,調酒師／吧台人員,房務人員,門市／店員／專櫃人員
一蘭拉麵,【一蘭拉麵】資深人事｜具3年HR經歷｜50K起｜獎金年發3次,人事／人力資源專員,,,,,冷熱飲調製人員,門市／店員／專櫃人員,調酒師／吧台人員,房務人員,資材主管
一蘭拉麵-台北,"【一蘭拉麵-台北】副店長候補｜起薪53,000元｜一年3次獎金｜享額外4天休假",餐飲主管,儲備幹部,餐飲領班,,,調酒師／吧台人員,冷熱飲調製人員,西式廚師,門市／店員／專櫃人員,餐飲服務人員
三井台中港店,"藥妝銷售管理藥師【三井台中港店】年薪挑戰上看 NT$1,000,000（底薪＋津貼＋績效獎金）/日韓系藥妝/用藥諮詢/透明升遷制度",藥師,,,,,儲備幹部,產品經理,客服主管,ISO品保人員,產品企劃主管
三井林口店,髮型設計師(三井林口店),髮型設計師,美髮講師／技導,整體造型師,,,工業設計,平面設計,建築繪圖／設計,室內設計助理,水電工程師
三創生活,北區營業部-家電銷售顧問(台北三創生活園區),門市／店員／專櫃人員,店長／門市管理人員,售票／收銀人員,,,國內業務主管,產品經理,國內業務人員,國外業務主管,產品企劃主管
三商家購-美廉社,三商家購-美廉社-儲備區督導(南高屏區域),經營管理主管,基層管理幹部,,,,居家服務督導員,幼教老師,木工,資材人員,倉儲物流人員
三商家購-美廉社,三商家購-美廉社-儲備區督導(桃竹苗區域),經營管理主管,基層管理幹部,,,,幼教老師,居家服務督導員,廣告設計,木工,倉儲物流人員
三多店,◤住宅の専門家◢PT 兼職工讀★社宅包租代管電話行銷~無經驗可~!(三多店✦住宅的專門家),電話行銷人員,,,,,客服主管,神秘客,資材人員,產品企劃主管,國內業務人員
三多店,【肉多多火鍋 高雄三多店】廚務助手 - 米其林指標/有熱情、挑戰米其林等級夥伴,餐廚助手,其他料理廚師,,,,飯店／旅館服務人員,調酒師／吧台人員,侍酒師,冷熱飲調製人員,門市／店員／專櫃人員
三多店,三多店-外場儲備幹部,餐飲服務人員,,,,,調酒師／吧台人員,品管／品保主管,餐飲主管,店長／門市管理人員,冷熱飲調製人員
三多店,斯朵利三多店 徵才 設計師準師助理,美髮助理,髮型設計師,,,,室內設計助理,設計助理,資訊助理人員,UI/UX設計師,冷凍空調繪圖／設計
三多店,早班外場兼職(三多店),餐飲服務人員,工讀生,,,,冷熱飲調製人員,調酒師／吧台人員,門市／店員／專櫃人員,飯店／旅館服務人員,外送人員
三星手機,Samsung【三星手機】 營管專員/資深專員,市場調查／分析人員,業務助理,行政人員,,,資材主管,產品經理,金融營業人員,經營管理主管,儲備幹部
三星智慧館,Samsung【三星智慧館】品牌服務顧問-高雄瑞豐商圈  (具相關經驗 薪資面議),門市／店員／專櫃人員,店長／門市管理人員,飯店／旅館服務人員,,,神秘客,廣告設計,表演／主持／直播人員,客服主管,電話客服人員
三民兒福公共托嬰中心,廚工兼清潔人員【三民兒福公共托嬰中心】,中式廚師,其他料理廚師,清潔／資源回收人員,,,房務人員,飯店／旅館服務人員,休閒娛樂事業從業人員,冷熱飲調製人員,洗碗人員
三民店,SDL美容SPA竹北三民店,推拿／按摩師,講師,美容師,,,飯店／旅館服務人員,調酒師／吧台人員,冷熱飲調製人員,門市／店員／專櫃人員,售票／收銀人員
三民店,△彰化三民店誠徵美甲助理(無經驗可)/美甲儲備主管/美睫師△,美睫師,美甲彩繪師,,,,售票／收銀人員,特別助理,國貿助理,秘書,財務／會計助理
三民店,△彰化鬧區◆彰化區◆彰美/三民店◆誠徵美甲師/美甲助理(無經驗可培訓)△,美甲彩繪師,美睫師,,,,美甲助理,生管／助理,攝影助理,藥師助理,資訊助理人員
三民店,【兼職】摩斯新營三民店(383mos),餐飲服務人員,餐廚助手,,,,調酒師／吧台人員,外送人員,門市／店員／專櫃人員,冷熱飲調製人員,侍酒師
三民店,【高雄三民店】汽車包膜師傅/半技/學徒(無經驗可！),汽車美容,,,,,CNC車床人員,汽車檢驗員,壓鑄模具技術人員,學徒,機車維修人員
三民店,台灣房屋彰化三民店～百萬年薪經紀人～ 歡迎一起來挑戰！！！,不動產經紀人／營業員,,,,,儲備幹部,飯店／旅館主管,品管／品保主管,資材主管,國內業務主管
三民店,好樂迪-三民店 時薪服務人員【留任獎金10000元】,餐飲服務人員,,,,,飯店／旅館服務人員,調酒師／吧台人員,冷熱飲調製人員,侍酒師,門市／店員／專櫃人員
三民店,好樂迪-三民店 月薪服務人員【留任獎金18000元】,餐飲服務人員,,,,,飯店／旅館服務人員,調酒師／吧台人員,冷熱飲調製人員,侍酒師,門市／店員／專櫃人員
三民店,彰化【三民店】徵美甲師 無經驗可 客源穩定充足,美甲彩繪師,,,,,神秘客,資材人員,國貿人員,資料庫管理人員,客服主管
三民店,彰化三民店 徵美甲師 /美甲助理,美甲彩繪師,,,,,美甲助理,藥師助理,攝影助理,資訊助理人員,電腦操作／資料輸入
三民店,新營三民店-驗光師(生),驗光師,,,,,調酒師／吧台人員,冷熱飲調製人員,品管人員,門市／店員／專櫃人員,智慧製程工程師
三民店,業務設計師/助理設計師-蘆洲三民店(室內設計、系統櫃),國內業務人員,室內設計師,門市／店員／專櫃人員,,,國貿助理,秘書,業務助理,採購助理,行政人員
三民店,竹北三民店 斯朵利美甲 急徵美甲師 美甲助理 零經驗可培訓 招收儲備主管 美甲講師,整體造型師,美甲彩繪師,,,,特別助理,資訊助理人員,秘書,行政人員,電腦操作／資料輸入
三民店,高雄鳳山三民店長期兼職,餐廚助手,餐飲服務人員,洗碗人員,,,調酒師／吧台人員,冷熱飲調製人員,侍酒師,門市／店員／專櫃人員,外送人員
三民店,髮型設計師(南京三民店),髮型設計師,美髮講師／技導,整體造型師,,,工業設計,水電工程師,平面設計,建築繪圖／設計,服裝設計
三民店,🏆三重區三民店儲備幹部,餐飲服務人員,餐廚助手,,,,調酒師／吧台人員,店長／門市管理人員,品管／品保主管,餐飲主管,儲備幹部
三統漢菓子,【三統漢菓子】人事行政專員,人事／人力資源專員,人事助理,教育訓練人員,,,行政人員,電腦操作／資料輸入,秘書,總務人員,檔案資料管理人員
三總店,漢堡王–餐廳正職服務員[內湖三總店],餐飲服務人員,,,,,調酒師／吧台人員,侍酒師,飯店／旅館服務人員,冷熱飲調製人員,門市／店員／專櫃人員
三重三和店,【擴大徵才】寵物美容師/美容助理-三重三和店(底薪最高40K),寵物美容專業人員,,,,,美容助理,電腦操作／資料輸入,遊樂景點工作人員,財務／會計助理,秘書
三重三和店,斯朵利三重三和店,美髮助理,髮型設計師,,,,調酒師／吧台人員,冷熱飲調製人員,門市／店員／專櫃人員,侍酒師,飯店／旅館服務人員
三重湯城,【三重湯城】台灣大哥大總公司-電話行銷專員(周休二日),客服人員,,,,,廣告設計,國貿人員,廣告AE,行銷企劃人員,活動企劃人員
三重湯城,三重湯城-網路客訴工程師(派駐台哥大),電話客服人員,客服人員,,,,IC佈局工程師,嵌入式工程師,RF通訊工程師,IC設計工程師,軟體工程師
三重湯城,三重湯城~台哥大早班電話客服~正職,電話客服人員,客服人員,,,,業務助理,國貿助理,秘書,採購助理,電腦操作／資料輸入
三重湯城,急徵薪30000-商場清潔員(三重湯城做2休1) 近捷運先嗇宮站,清潔／資源回收人員,,,,,房務人員,加油服務,遊樂景點工作人員,售票／收銀人員,倉儲物流人員
三重集美店,PT美髮助理-三重集美店,美髮助理,,,,,資訊助理人員,攝影助理,電腦操作／資料輸入,行銷企劃助理,國貿助理
上善豆家-豆腐鍋,【上善豆家-豆腐鍋】桃機二航廈-計時夥伴,中式廚師,餐廚助手,餐飲服務人員,,,調酒師／吧台人員,侍酒師,飯店／旅館服務人員,冷熱飲調製人員,門市／店員／專櫃人員
上班地點 : 夏慕尼 宜蘭新月店,大廳計時人員【上班地點 : 夏慕尼 宜蘭新月店】,餐飲服務人員,,,,,調酒師／吧台人員,侍酒師,飯店／旅館服務人員,冷熱飲調製人員,門市／店員／專櫃人員
上野烤肉飯-苗栗店,【上野烤肉飯-苗栗店】5萬起！行政櫃檯收銀人員,售票／收銀人員,門市／店員／專櫃人員,,,,行政人員,電腦操作／資料輸入,秘書,檔案資料管理人員,財務／會計助理
中區出境本部,團控OP【中區出境本部】,票務人員／旅行社人員,,,,,資材主管,資材人員,儲備幹部,客服主管,產品經理
中區出境本部,手配產品企劃【中區出境本部】,票務人員／旅行社人員,,,,,產品企劃主管,客服主管,產品經理,資材人員,公關企劃人員
中原店,兼職清潔人員(World Gym桃園中壢中原店),清潔／資源回收人員,工讀生,,,,洗碗人員,房務人員,冷熱飲調製人員,調酒師／吧台人員,外送人員
中原店,墨竹亭｜燃麵本家  桃園中壢中原店-長、短期兼職人員,餐廚助手,餐飲服務人員,,,,調酒師／吧台人員,冷熱飲調製人員,侍酒師,飯店／旅館服務人員,門市／店員／專櫃人員
中原店,正職工作人員(千葉火鍋-中原店),餐飲服務人員,餐廚助手,洗碗人員,,,調酒師／吧台人員,門市／店員／專櫃人員,飯店／旅館服務人員,冷熱飲調製人員,售票／收銀人員
中原店,清潔人員(World Gym桃園中壢中原店),清潔／資源回收人員,工讀生,,,,房務人員,洗碗人員,冷熱飲調製人員,調酒師／吧台人員,門市／店員／專櫃人員
中原店,熟食人員 (千葉火鍋-中原店),中式廚師,,,,,冷熱飲調製人員,調酒師／吧台人員,門市／店員／專櫃人員,飯店／旅館服務人員,侍酒師
中原店,計時服務人員(千葉火鍋-中原店),餐飲服務人員,工讀生,,,,飯店／旅館服務人員,調酒師／吧台人員,冷熱飲調製人員,門市／店員／專櫃人員,侍酒師
中原店,青花驕新莊中原店-大廳計時人員,餐飲服務人員,,,,,飯店／旅館服務人員,侍酒師,調酒師／吧台人員,冷熱飲調製人員,門市／店員／專櫃人員
中原店,青花驕新莊中原店-廚藝助理,中式廚師,餐廚助手,,,,電腦操作／資料輸入,藥師助理,門市／店員／專櫃人員,秘書,財務／會計助理
中和圓通店,門市西點裝飾人員-85C 中和圓通店,西點蛋糕師,餐廚助手,,,,調酒師／吧台人員,門市／店員／專櫃人員,冷熱飲調製人員,生鮮處理人員,遊樂景點工作人員
中和環球,CONI美容顧問【中和環球】專櫃 專櫃保障薪資32000~36000,門市／店員／專櫃人員,,,,,房務人員,神秘客,客服主管,水電工程師,消防專業人員
中和環球,中和環球【叁玖良駅】關東煮/新店開幕籌備~★廚務儲備幹部★,餐飲服務人員,餐廚助手,餐飲領班,,,餐飲主管,調酒師／吧台人員,品管／品保主管,儲備幹部,門市／店員／專櫃人員
中和環球店,『樂起司』中和環球店正職,餐飲服務人員,西式廚師,儲備幹部,,,門市／店員／專櫃人員,調酒師／吧台人員,餐飲主管,飯店／旅館服務人員,冷熱飲調製人員
中和環球店,工讀-櫃台服務人員(中和環球店)，時薪196起,工讀生,,,,,飯店／旅館服務人員,飯店／旅館櫃檯人員,休閒娛樂事業從業人員,房務人員,遊樂景點工作人員
中和環球店,韓國八色烤肉★中和環球店★-外場店副理【薪資48000起】!!,餐飲服務人員,餐飲主管,,,,門市／店員／專櫃人員,調酒師／吧台人員,冷熱飲調製人員,藥師助理,售票／收銀人員
中和環球購物中心,【新店招募】 Store Customer/Operations Supervisor 門市主管 (Zhonghe Global Mall 中和環球購物中心),店長／門市管理人員,店長／門市管理人員,門市／店員／專櫃人員,,,客服主管,行政主管,資材主管,國內業務主管,儲備幹部
中和門市,門市行政專員【中和門市】,門市／店員／專櫃人員,售票／收銀人員,,,,電腦操作／資料輸入,檔案資料管理人員,行政人員,秘書,業務助理
中國信託,＜固定週休六日＞團膳廚師(中國信託員工餐廳),中式廚師,其他料理廚師,生鮮處理人員,,,調酒師／吧台人員,飯店／旅館服務人員,侍酒師,冷熱飲調製人員,門市／店員／專櫃人員
中壢SOGO店,【十二月餐飲連鎖事業-中壢SOGO店】二廚/中工/獎金另計,中式廚師,其他料理廚師,生鮮處理人員,,,調酒師／吧台人員,餐廚助手,門市／店員／專櫃人員,冷熱飲調製人員,餐飲服務人員
中壢SOGO店,徵 設計師 助理 中壢SOGO店斯朵利髮型,髮型設計師,美髮助理,,,,室內設計助理,設計助理,藥師助理,軟體助理工程師,冷凍空調繪圖／設計
中壢大江,CONI美容顧問【中壢大江】專櫃 保障薪資32000~36000,門市／店員／專櫃人員,,,,,房務人員,神秘客,客服主管,水電工程師,消防專業人員
中壢大江,【正職】中壢大江購物中心店_顧客服務專員 Customer Advisor-R00000004166152,門市／店員／專櫃人員,,,,,文字客服,國貿人員,國貿助理,業務助理,客服人員
中壢店,60202_芳療師 (桃園中壢店),美療師／芳療師,門市／店員／專櫃人員,美容師,,,調酒師／吧台人員,冷熱飲調製人員,中式廚師,西式廚師,餐廚助手
中壢店,【兼職】摩斯中壢店(068mos),餐飲服務人員,,,,,門市／店員／專櫃人員,外送人員,調酒師／吧台人員,冷熱飲調製人員,飯店／旅館服務人員
中壢店,【驗光師/生：實領6萬/月休9天/上班9小時（保障薪資/無業績壓力）】大倉酷眼鏡-桃園中壢店＜請檢附照片＞,驗光師,門市／店員／專櫃人員,,,,倉管／物料管理員,檢驗人員,包裝員／作業員,資材人員,技術人員
中壢店,中壢店 花藝設計師(插花人員),花藝／園藝人員,,,,,調酒師／吧台人員,門市／店員／專櫃人員,冷熱飲調製人員,藥師助理,飯店／旅館服務人員
中壢店,中壢店-行政美工人員,網頁設計,美編人員,廣告設計,網站程式設計師,包裝設計,電腦操作／資料輸入,行政人員,檔案資料管理人員,秘書,財務／會計助理
中壢店,中壢店-西點麵包二三手,西點蛋糕師,麵包師,,,,調酒師／吧台人員,冷熱飲調製人員,西式廚師,餐廚助手,門市／店員／專櫃人員
中壢店,中壢店_保養廠技師,汽車維修人員,汽車引擎技術人員,其他車輛維修人員,,,智慧製程工程師,塑膠押出技術人員,汽車檢驗員,電機技師／工程師,技術人員
中壢店,中壢店_保養廠資深技師,汽車維修人員,汽車引擎技術人員,其他車輛維修人員,,,智慧製程工程師,塑膠押出技術人員,電機技師／工程師,汽車檢驗員,技術人員
中壢店,中壢店_行銷人員/展售專員 Sales Advisor,門市／店員／專櫃人員,店長／門市管理人員,餐飲服務人員,,,汽車銷售人員,行銷企劃人員,駐校代表,廣告AE,國內業務人員
中壢店,久違石頭火鍋（桃園中壢店）廚務人員,餐飲服務人員,餐廚助手,洗碗人員,,,飯店／旅館服務人員,侍酒師,調酒師／吧台人員,門市／店員／專櫃人員,餐飲主管
中壢店,久違石頭火鍋（桃園中壢店）早班計時人員,餐廚助手,餐飲服務人員,生鮮處理人員,,,飯店／旅館服務人員,侍酒師,調酒師／吧台人員,門市／店員／專櫃人員,冷熱飲調製人員
中壢店,久違石頭火鍋（桃園中壢店）晚班計時人員,餐廚助手,餐飲服務人員,生鮮處理人員,,,飯店／旅館服務人員,侍酒師,調酒師／吧台人員,門市／店員／專櫃人員,冷熱飲調製人員
中壢店,千葉火鍋中壢店-正職,餐廚助手,餐飲服務人員,餐飲領班,,,調酒師／吧台人員,冷熱飲調製人員,飯店／旅館服務人員,門市／店員／專櫃人員,侍酒師
中壢店,千葉火鍋中壢店-熟食廚師,中式廚師,,,,,調酒師／吧台人員,冷熱飲調製人員,飯店／旅館服務人員,侍酒師,門市／店員／專櫃人員
中壢店,千葉火鍋中壢店：早班、晚班、假日班-計時人員,餐飲服務人員,,,,,調酒師／吧台人員,飯店／旅館服務人員,冷熱飲調製人員,門市／店員／專櫃人員,侍酒師
中壢店,新中壢店-驗光師,驗光師,,,,,調酒師／吧台人員,冷熱飲調製人員,藥師助理,品管人員,藥師
中壢店,桃竹 汽車銷售營業員-中壢店,國內業務人員,汽車銷售人員,,,,門市／店員／專櫃人員,餐飲主管,店長／門市管理人員,儲備幹部,產品經理
中壢店,業務設計師/助理設計師-中壢店(室內設計、系統櫃),室內設計師,國內業務人員,,,,國貿助理,業務助理,秘書,採購助理,電腦操作／資料輸入
中壢店,檳榔包葉代工(中壢店),門市／店員／專櫃人員,,,,,木工,智慧製程工程師,生鮮處理人員,營建雜工／粗工,電機技師／工程師
中壢店,正職服務人員(阿美米干中壢店),餐飲服務人員,,,,,調酒師／吧台人員,冷熱飲調製人員,門市／店員／專櫃人員,售票／收銀人員,飯店／旅館服務人員
中壢店,福容徠旅中壢店-工務組技術員,工務助理,,,,,生管／助理,PLC／自動控制工程師,資材人員,工業設計,機械加工技術人員
中壢店,糧倉1號麻辣火鍋中壢店-外場兼職人員/PT工讀可,餐飲服務人員,,,,,飯店／旅館服務人員,門市／店員／專櫃人員,調酒師／吧台人員,冷熱飲調製人員,售票／收銀人員
中壢店,糧倉1號麻辣火鍋中壢店外場正職人員,餐飲服務人員,,,,,調酒師／吧台人員,門市／店員／專櫃人員,冷熱飲調製人員,售票／收銀人員,飯店／旅館服務人員
中壢店,美容師(中壢店),美容師,,,,,休閒娛樂事業從業人員,門市／店員／專櫃人員,售票／收銀人員,遊樂景點工作人員,加油服務
中壢店,醫美師，醫美諮詢師  (中壢店)+可升遷儲備幹部,門市／店員／專櫃人員,美容師,門市／店員／專櫃人員,,,中醫師,儲備幹部,產品經理,客服主管,產品企劃主管
中壢店,金大鋤 中壢店  工讀人員,餐飲服務人員,,,,,冷熱飲調製人員,調酒師／吧台人員,門市／店員／專櫃人員,飯店／旅館服務人員,藥師助理
中壢店,"錢櫃中壢店-中班月薪服務人員 42,900 【任職滿六個月可領取獎金18000元】",餐飲服務人員,飯店／旅館櫃檯人員,,,,調酒師／吧台人員,冷熱飲調製人員,飯店／旅館服務人員,門市／店員／專櫃人員,售票／收銀人員
中壢店,門市業務員(中壢店-宜得利2F),國內業務人員,店長／門市管理人員,門市／店員／專櫃人員,,,業務助理,國貿助理,電話客服人員,活動企劃人員,秘書
中壢店,青花驕桃園中壢店(籌備處)-廚藝助理,中式廚師,餐廚助手,,,,藥師助理,門市／店員／專櫃人員,電腦操作／資料輸入,生管／助理,售票／收銀人員
中壢所,🅴 215/H  中壢所 醫藥 多時段 短時數 長時數,倉儲物流人員,包裝員／作業員,,,,藥師,藥師助理,中醫師,獸醫／獸醫佐,生鮮處理人員
中壢服務中心,【中壢服務中心】契約人員,核保／保險內勤人員,行政人員,,,,休閒娛樂事業從業人員,房務人員,遊樂景點工作人員,飯店／旅館服務人員,門市／店員／專櫃人員
中壢服務中心,【中壢服務中心】輔訓人員,教育訓練人員,核保／保險內勤人員,,,,休閒娛樂事業從業人員,房務人員,居家服務督導員,加油服務,遊樂景點工作人員
中央工廠,CK-中央工廠【蛋糕二手/三手師傅】,西點蛋糕師,餐飲主管,,,,生鮮處理人員,包裝員／作業員,CNC車床人員,智慧製程工程師,木工
中央工廠,CK-整形攪拌麵包二手師傅(中央工廠),麵包師,西點蛋糕師,,,,鉗工,木工,生鮮處理人員,染印人員,CNC車床人員
中央工廠,"Miopane中央工廠麵包組大夜班/三手、二手/薪資42,000~50,000元(包含大夜班津貼＋伙食津貼)",麵包師,,,,,生鮮處理人員,包裝員／作業員,CNC車床人員,智慧製程工程師,塑膠押出技術人員
中央工廠,【 中央工廠】晚班 西點二手師父,麵包師,西點蛋糕師,,,,木工,倉儲物流人員,生鮮處理人員,智慧製程工程師,CNC車床人員
中央工廠,中央工廠-蛋糕部【蛋糕攪拌師傅/儲備幹部】,西點蛋糕師,餐飲主管,,,,智慧製程工程師,中式廚師,木工,電機工程主管,實驗／化驗人員
中央工廠,中央工廠生產作業人員(淡水)含全勤加班每月約36K-45K,餐廚助手,門市／店員／專櫃人員,搬運人員,,,包裝員／作業員,CNC車床人員,技術人員,倉管／物料管理員,電機設備裝配員
中央工廠,葡吉手工包子-中央工廠麵點中工.會包包子.,中／港式點心廚師,,,,,倉儲物流人員,生鮮處理人員,資材人員,遊樂景點工作人員,倉管／物料管理員
中央工廠,葡吉手工包子-中央工廠麵點學徒,中式廚師,中／港式點心廚師,,,,學徒,CNC車床人員,生鮮處理人員,中式麵點人員／師傅,包裝員／作業員
中央工廠,西點二三手-三重中央工廠,西點蛋糕師,,,,,包裝員／作業員,倉儲物流人員,CNC車床人員,木工,智慧製程工程師
中央工廠,西點學徒-三重中央工廠,西點蛋糕師,,,,,CNC車床人員,學徒,重機械操作人員,其他車輛維修人員,吊車／起重機相關操作人員
中央素食自助餐,【中央素食自助餐】大廚/二廚,中／港式點心廚師,,,,,調酒師／吧台人員,冷熱飲調製人員,門市／店員／專櫃人員,餐廚助手,西式廚師
中山店,((海霸王餐廳-中山店))湯台一廚(04),中式廚師,其他料理廚師,,,,調酒師／吧台人員,侍酒師,冷熱飲調製人員,餐飲主管,飯店／旅館服務人員
中山店,((海霸王餐廳-中山店))炒鍋二廚(04),中式廚師,其他料理廚師,,,,侍酒師,調酒師／吧台人員,飯店／旅館服務人員,餐飲主管,冷熱飲調製人員
中山店,((海霸王餐廳-中山店))砧板廚師(04),中式廚師,其他料理廚師,,,,調酒師／吧台人員,侍酒師,餐飲主管,冷熱飲調製人員,門市／店員／專櫃人員
中山店,((海霸王餐廳-中山店))訂席員(04),行政人員,,,,,調酒師／吧台人員,侍酒師,門市／店員／專櫃人員,飯店／旅館服務人員,冷熱飲調製人員
中山店,((海霸王餐廳-中山店))驗收(04),行政人員,倉管／物料管理員,,,,調酒師／吧台人員,餐飲主管,侍酒師,冷熱飲調製人員,門市／店員／專櫃人員
中山店,▸高時薪221｜無人超市中山店｜冷氣房｜不需接觸客人◂早晚班、大夜班兼職,店長／門市管理人員,門市／店員／專櫃人員,倉儲物流人員,,,電話客服人員,資材人員,房務人員,飯店／旅館服務人員,客服人員
中山店,【兼職】摩斯花蓮中山店(254mos),餐飲服務人員,,,,,門市／店員／專櫃人員,外送人員,調酒師／吧台人員,飯店／旅館服務人員,冷熱飲調製人員
中山店,【擴大徵才】寵物美容師/美容助理-埔里中山店(底薪最高40K),寵物美容專業人員,,,,,美容助理,遊樂景點工作人員,電腦操作／資料輸入,藥師助理,售票／收銀人員
中山店,【新北中山店】社宅推廣高級專員,電話客服人員,電話行銷人員,國內業務人員,,,門市／店員／專櫃人員,調酒師／吧台人員,冷熱飲調製人員,飯店／旅館服務人員,藥師助理
中山店,中山店[月休10天]招聘-夜班,餐廚助手,其他料理廚師,,,,門市／店員／專櫃人員,冷熱飲調製人員,調酒師／吧台人員,餐飲主管,藥師助理
中山店,中山店[月休10天]招聘-日班,餐廚助手,其他料理廚師,,,,門市／店員／專櫃人員,調酒師／吧台人員,冷熱飲調製人員,餐飲主管,藥師助理
中山店,中山店[月休12天]招聘-夜班,餐廚助手,其他料理廚師,,,,門市／店員／專櫃人員,冷熱飲調製人員,調酒師／吧台人員,餐飲主管,藥師助理
中山店,中山店[月休12天]招聘-日班,餐廚助手,其他料理廚師,,,,門市／店員／專櫃人員,調酒師／吧台人員,冷熱飲調製人員,餐飲主管,藥師助理
中山店,中山店[月休6天]招聘-夜班,餐廚助手,其他料理廚師,,,,門市／店員／專櫃人員,冷熱飲調製人員,調酒師／吧台人員,餐飲主管,藥師助理
中山店,中山店[月休8天]招聘-夜班,餐廚助手,其他料理廚師,,,,門市／店員／專櫃人員,冷熱飲調製人員,調酒師／吧台人員,餐飲主管,藥師助理
中山店,中山店[月休8天]招聘-日班,餐廚助手,其他料理廚師,,,,門市／店員／專櫃人員,調酒師／吧台人員,冷熱飲調製人員,餐飲主管,藥師助理
中山店,健身諮詢專員(World Gym桃園中壢中山店),國內業務人員,產品企劃人員,電話行銷人員,,,門市／店員／專櫃人員,神秘客,電話客服人員,產品經理,中醫師
中山店,儲備幹部/汽修技師/半技-中和中山店,汽車引擎技術人員,汽車維修人員,,,,智慧製程工程師,電機技師／工程師,電機設備裝配員,壓鑄模具技術人員,模具技術人員
中山店,六堆伙房 中山店 服務人員39000元起薪~43900元,餐飲服務人員,,,,,調酒師／吧台人員,門市／店員／專櫃人員,房務人員,冷熱飲調製人員,生鮮處理人員
中山店,兼職清潔人員(World Gym桃園中壢中山店),清潔／資源回收人員,工讀生,,,,房務人員,洗碗人員,冷熱飲調製人員,調酒師／吧台人員,門市／店員／專櫃人員
中山店,喫茶趣中山店兼職廚藝人員時薪201元起薪,中式廚師,,,,,調酒師／吧台人員,冷熱飲調製人員,飯店／旅館服務人員,門市／店員／專櫃人員,藥師助理
中山店,外場工讀生(四米大石鍋拌飯專賣-中山店),餐飲服務人員,工讀生,,,,飯店／旅館服務人員,侍酒師,門市／店員／專櫃人員,餐飲主管,調酒師／吧台人員
中山店,外場服務員(中山店),餐飲服務人員,,,,,飯店／旅館服務人員,門市／店員／專櫃人員,調酒師／吧台人員,冷熱飲調製人員,餐飲主管
中山店,大夜櫃檯人員(中山店),門市／店員／專櫃人員,總機／接待／櫃檯人員,行政人員,,,休閒娛樂事業從業人員,飯店／旅館櫃檯人員,遊樂景點工作人員,飯店／旅館服務人員,售票／收銀人員
中山店,客服工讀生(World Gym桃園中壢中山店),工讀生,,,,,電話客服人員,資材人員,客服人員,文字客服,業務助理
中山店,房仲零經驗也能快速上手，開啟高收入職涯！嘉義中山店,不動產經紀人／營業員,,,,,房務人員,神秘客,資材人員,木工,PLC／自動控制工程師
中山店,斯朵利旗艦店 中壢中山店徵才,美髮助理,髮型設計師,,,,調酒師／吧台人員,門市／店員／專櫃人員,冷熱飲調製人員,餐飲主管,侍酒師
中山店,"斯朵利髮型中壢中山店 招募展店人才,設計師.準師.助理",髮型設計師,美髮助理,,,,室內設計助理,藥師助理,活動企劃人員,生管／助理,資訊助理人員
中山店,早、晚兼職清潔人員(中山店),清潔／資源回收人員,,,,,冷熱飲調製人員,房務人員,門市／店員／專櫃人員,飯店／旅館服務人員,調酒師／吧台人員
中山店,早班工讀人員(台南中山店),餐飲服務人員,工讀生,,,,冷熱飲調製人員,門市／店員／專櫃人員,飯店／旅館服務人員,調酒師／吧台人員,藥師助理
中山店,晚班櫃檯人員(中山店),門市／店員／專櫃人員,餐飲服務人員,,,,休閒娛樂事業從業人員,飯店／旅館櫃檯人員,售票／收銀人員,遊樂景點工作人員,飯店／旅館服務人員
中山店,業務設計師/助理設計師-中山店(室內設計、系統櫃),國內業務人員,室內設計師,門市／店員／專櫃人員,,,國貿助理,業務助理,採購助理,秘書,活動企劃人員
中山店,活動促銷工讀生(World Gym桃園中壢中山店),工讀生,,,,,門市／店員／專櫃人員,活動企劃人員,行銷企劃人員,廣告設計,廣告文案企劃人員
中山店,清潔人員(World Gym桃園中壢中山店),清潔／資源回收人員,工讀生,,,,房務人員,洗碗人員,冷熱飲調製人員,門市／店員／專櫃人員,調酒師／吧台人員
中山店,炒台.油炸人員【中山店】,中式廚師,,,,,調酒師／吧台人員,冷熱飲調製人員,門市／店員／專櫃人員,洗碗人員,生鮮處理人員
中山店,短期工讀人員(台南中山店),餐廚助手,餐飲服務人員,,,,冷熱飲調製人員,門市／店員／專櫃人員,調酒師／吧台人員,藥師助理,飯店／旅館服務人員
中山店,足體按摩師 (全職)(中山店),推拿／按摩師,美療師／芳療師,,,,休閒娛樂事業從業人員,門市／店員／專櫃人員,房務人員,飯店／旅館服務人員,神秘客
中山店,部分工時人員(台北-中山店),餐飲服務人員,,,,,調酒師／吧台人員,冷熱飲調製人員,門市／店員／專櫃人員,餐飲主管,飯店／旅館服務人員
中山店,長期假日工讀生(中山店),餐飲服務人員,餐廚助手,,,,冷熱飲調製人員,調酒師／吧台人員,門市／店員／專櫃人員,藥師助理,飯店／旅館服務人員
中山店,饞鬥鍋物(淡水中山店)外場晚班工讀生,餐飲服務人員,,,,,飯店／旅館服務人員,門市／店員／專櫃人員,調酒師／吧台人員,侍酒師,冷熱飲調製人員
中山店,饞鬥鍋物(淡水中山店)早班外場全職人員,餐飲服務人員,,,,,飯店／旅館服務人員,調酒師／吧台人員,門市／店員／專櫃人員,侍酒師,餐飲主管
中山店,饞鬥鍋物(淡水中山店)晚班外場全職人員,餐飲服務人員,,,,,飯店／旅館服務人員,調酒師／吧台人員,門市／店員／專櫃人員,侍酒師,餐飲主管
中山店,饞鬥鍋物(淡水中山店)長期假日外場工讀生,餐飲服務人員,,,,,飯店／旅館服務人員,調酒師／吧台人員,侍酒師,門市／店員／專櫃人員,冷熱飲調製人員
中山店,髮型設計師(中山店),髮型設計師,美髮講師／技導,整體造型師,,,工業設計,平面設計,服裝設計,水電工程師,建築繪圖／設計
中山店,（中山店）外場兼職/工讀人員,餐飲服務人員,餐廚助手,,,,飯店／旅館服務人員,調酒師／吧台人員,門市／店員／專櫃人員,冷熱飲調製人員,藥師助理
中山店,🌟兼職｜美容師/美體按摩師/芳療師/ ★ 西門姐姐 missximen spa美學｜中山店,美療師／芳療師,美容師,,,,調酒師／吧台人員,冷熱飲調製人員,飯店／旅館服務人員,門市／店員／專櫃人員,侍酒師
中工,AY⚇台中工業區x板材裁切作業人員/固定班休六日,包裝員／作業員,組裝組立技術人員,技術人員,,,神秘客,工業設計,資材人員,PLC／自動控制工程師,智慧製程工程師
中工,「海慶海鮮餐廳」_ 中工,其他料理廚師,中式廚師,,,,餐飲主管,飯店／旅館服務人員,調酒師／吧台人員,侍酒師,門市／店員／專櫃人員
中工,【中工】IT-INF工程師(WINDOWS),MIS／網管主管,資訊助理人員,資安工程師,,,IC佈局工程師,嵌入式工程師,PCB-Layout佈局工程師,RF通訊工程師,IC設計工程師
中工,【食品研發專員】想在舒適的辦公環境中工作嗎?我們提供多元化的工作內容和成長機會！食品研發 #熟悉食品相關法規#市場情報蒐集#分析能力#團隊合作 #成長機會,原料檢驗人員,ISO品保人員,食品檢驗人員,,,化學／化工工程師,材料分析員,化學相關研究人員,其他研究人員,材料研發人員
中工,上海麵點中工(請務必來電),餐廚助手,中式廚師,中／港式點心廚師,,,遊樂景點工作人員,房務人員,生鮮處理人員,藥師助理,工讀生
中工,中工二廚（固定班、不輪班、工作穩定，適合想穩定工作、生活規律的人）,餐廚助手,學徒,,,,門市／店員／專櫃人員,調酒師／吧台人員,房務人員,生鮮處理人員,冷熱飲調製人員
中工,中工公寓徵-台北市松山區三民路豪宅總幹事月薪50000元(見紅休),總幹事,,,,,飯店／旅館服務人員,門市／店員／專櫃人員,調酒師／吧台人員,餐飲主管,冷熱飲調製人員
中工,中工學徒,餐廚助手,,,,,學徒,高中職教師,國中教師,工讀生,藥師
中工,中工學徒/排菜,餐廚助手,,,,,中式廚師,藥師,生鮮處理人員,工讀生,藥師助理
中工,中工學徒/水台,餐廚助手,,,,,藥師,學徒,生鮮處理人員,中式廚師,CNC車床人員
中工,中餐廳廚師-中工打荷(中山區),中式廚師,,,,,調酒師／吧台人員,餐飲主管,飯店／旅館服務人員,侍酒師,冷熱飲調製人員
中工,人資專員(台中工業區),人事／人力資源專員,人事助理,,,,神秘客,資材人員,門市／店員／專櫃人員,資料庫管理人員,售票／收銀人員
中工,充填主管-HACCP(台中工業區),生管主管,工廠高階主管,,,,餐飲主管,調酒師／吧台人員,資材主管,店長／門市管理人員,儲備幹部
中工,充填作業員-班長(台中工業區),包裝員／作業員,領班／管理幹部,,,,售票／收銀人員,資材人員,門市／店員／專櫃人員,資材主管,調酒師／吧台人員
中工,充填設備工程師(台中工業區),電機技師／工程師,包裝員／作業員,,,,工業設計,水電工程師,PLC／自動控制工程師,平面設計,建築繪圖／設計
中工,冷台/廚房中工,日式廚師,,,,,調酒師／吧台人員,門市／店員／專櫃人員,冷熱飲調製人員,餐飲主管,飯店／旅館服務人員
中工,冷台中工,日式廚師,餐廚助手,,,,調酒師／吧台人員,門市／店員／專櫃人員,冷熱飲調製人員,飯店／旅館服務人員,藥師助理
中工,冷台中工(日本料理),日式廚師,,,,,調酒師／吧台人員,冷熱飲調製人員,門市／店員／專櫃人員,生鮮處理人員,餐飲主管
中工,台中工地助理,工務助理,工地監工,,,,室內設計助理,冷凍空調繪圖／設計,設計助理,音響／音控技術人員,軟體助理工程師
中工,台中工業區 科技廠 日班 安全人員,保全人員／警衛,,,,,電器產品維修人員,電機設備裝配員,電子設備維修人員,電機技師／工程師,機械加工技術人員
中工,台中工業區十二路日班工廠保全,保全人員／警衛,,,,,水電工,智慧製程工程師,領班／管理幹部,技術人員,電機技師／工程師
中工,台中工業區工業十六路日班警衛,保全人員／警衛,,,,,智慧製程工程師,PLC／自動控制工程師,售票／收銀人員,資材人員,門市／店員／專櫃人員
中工,台中工業區科技廠 日班 會客換證_儲備幹部(276H),儲備幹部,保全人員／警衛,,,,生管主管,電機技師／工程師,智慧製程工程師,電機設備裝配員,PLC／自動控制工程師
中工,台中工讀幼兒課後積木助教(南屯區),才藝類老師,,,,,調酒師／吧台人員,藥師助理,冷熱飲調製人員,飯店／旅館服務人員,門市／店員／專櫃人員
中工,台北市南港區徵【中工】,日式廚師,餐飲服務人員,,,,生鮮處理人員,門市／店員／專櫃人員,冷熱飲調製人員,調酒師／吧台人員,藥師助理
中工,台灣行銷物流股份有限公司誠徵台中工讀生,搬運人員,舉牌／傳單／派報員,清潔／資源回收人員,,,廣告設計,文字記者,行銷企劃人員,門市／店員／專櫃人員,資材人員
中工,台菜助理廚師(中工)【欣葉小聚 林口店】薪資上看42K,中式廚師,,,,,藥師助理,餐廚助手,門市／店員／專櫃人員,調酒師／吧台人員,電腦操作／資料輸入
中工,喬園海鮮餐廳【北投捷運站】中工廚師/餐廚助手,餐廚助手,中式廚師,,,,調酒師／吧台人員,飯店／旅館服務人員,餐飲主管,侍酒師,冷熱飲調製人員
中工,塑材作業員-班長(台中工業區),包裝員／作業員,領班／管理幹部,,,,資材人員,資材主管,智慧製程工程師,售票／收銀人員,水電工
中工,塑膠吹瓶助理工程師(台中工業區),塑膠射出技術人員,塑膠模具技術人員,,,,室內設計助理,冷凍空調繪圖／設計,音響／音控技術人員,CNC程式設計師,CAD／CAM工程師
中工,塑膠射出助理工程師(台中工業區),塑膠射出技術人員,塑膠模具技術人員,,,,室內設計助理,冷凍空調繪圖／設計,音響／音控技術人員,CAD／CAM工程師,光電／半導體工程助理
中工,壽司台-中工（基本刀工要會）個人宿舍,日式廚師,,,,,門市／店員／專櫃人員,調酒師／吧台人員,侍酒師,飯店／旅館服務人員,餐飲主管
中工,夜班_工務-設備工程師/副工程師【台中市西屯區】【台中工廠】,機電技師／工程師,冷凍空調技術人員／安裝員,,,,CAD／CAM工程師,建築繪圖／設計,冷凍空調繪圖／設計,平面設計,軟體工程師
中工,大和招待所(存中店)-壽司檯中工,餐廚助手,日式廚師,生鮮處理人員,,,飯店／旅館服務人員,冷熱飲調製人員,調酒師／吧台人員,餐飲主管,門市／店員／專櫃人員
中工,工程師(台中工地管理),工地監工,工務工管人員,,,,土木工程師,設備工程主管,水電工程師,電機工程主管,PLC／自動控制工程師
中工,廚房中工(土城、板橋、樹林、新莊、關渡),餐廚助手,,,,,調酒師／吧台人員,門市／店員／專櫃人員,餐飲主管,房務人員,生鮮處理人員
中工,廚房中工-冷台,日式廚師,,,,,調酒師／吧台人員,門市／店員／專櫃人員,冷熱飲調製人員,餐飲主管,飯店／旅館服務人員
中工,廚房中工人員月休8天,餐廚助手,,,,,生鮮處理人員,房務人員,門市／店員／專櫃人員,調酒師／吧台人員,休閒娛樂事業從業人員
中工,廚房助理/學徒/中工(蒸籠/烤台/冷台)（台北-青青食尚花園會館）,餐廚助手,,,,,藥師助理,藥師,生管／助理,室內設計助理,電腦操作／資料輸入
中工,廚房計時中工（井棧定食新楠店）,其他料理廚師,日式廚師,西式廚師,,,調酒師／吧台人員,冷熱飲調製人員,飯店／旅館服務人員,門市／店員／專櫃人員,藥師助理
中工,廚房計時中工（井棧定食楠梓新楠店）,其他料理廚師,日式廚師,西式廚師,,,調酒師／吧台人員,冷熱飲調製人員,飯店／旅館服務人員,門市／店員／專櫃人員,藥師助理
中工,急徵 台中工業區科技廠夜班保全員(二周內上班),保全人員／警衛,,,,,技術人員,電機設備裝配員,電機技師／工程師,水電工,機械加工技術人員
中工,日料中工（燒烤．揚物）,日式廚師,其他料理廚師,,,,生鮮處理人員,藥師助理,餐廚助手,調酒師／吧台人員,中式廚師
中工,日班_工務-設備工程師/副工程師【台中市西屯區】【台中工廠】,機電技師／工程師,冷凍空調技術人員／安裝員,,,,軟體工程師,CAD／CAM工程師,嵌入式工程師,舞台搭設工程人員,IC佈局工程師
中工,日班_生產製造工程師/副工程師【台中市西屯區】【台中工廠】,生產技術／製程工程師,,,,,智慧製程工程師,電機技師／工程師,電機設備裝配員,PLC／自動控制工程師,模具技術人員
中工,爐子中工(板橋店-近江子翠),中式廚師,,,,,調酒師／吧台人員,冷熱飲調製人員,藥師助理,飯店／旅館服務人員,藥師
中工,特斯拉鈑噴授權- 鈑金技師 (中工廠),鈑金技術人員,,,,,汽車檢驗員,CNC車床人員,壓鑄模具技術人員,機車維修人員,雷射技術操作員
中工,生產儲備幹部(組長／課長)，上班地點：台中工業區,儲備幹部,領班／管理幹部,生產線工程師,,,智慧製程工程師,電機技師／工程師,生管主管,電機設備裝配員,電機工程主管
中工,監工(台中工業區),工地監工,,,,,水電工,智慧製程工程師,工業設計,PLC／自動控制工程師,水電工程師
中工,米其林台菜餐廳（爐子中工）,中式廚師,,,,,調酒師／吧台人員,冷熱飲調製人員,侍酒師,飯店／旅館服務人員,餐飲主管
中工,芸彰牧場員林一店廚房中工,中式廚師,,,,,調酒師／吧台人員,冷熱飲調製人員,房務人員,門市／店員／專櫃人員,生鮮處理人員
中工,蒸籠中工,其他料理廚師,餐廚助手,,,,生鮮處理人員,中式廚師,藥師助理,休閒娛樂事業從業人員,調酒師／吧台人員
中工,設備助理工程師(台中工業區),電機技師／工程師,包裝員／作業員,,,,室內設計助理,冷凍空調繪圖／設計,設計助理,音響／音控技術人員,軟體助理工程師
中工,起薪40000【十二月餐飲連鎖事業-台北小巨蛋店】二廚/中工/獎金另計,中式廚師,其他料理廚師,生鮮處理人員,,,調酒師／吧台人員,餐廚助手,門市／店員／專櫃人員,餐飲服務人員,冷熱飲調製人員
中工,配料-儲備幹部(台中工業區),材料研發人員,包裝員／作業員,,,,調酒師／吧台人員,餐飲主管,智慧製程工程師,資材主管,門市／店員／專櫃人員
中工,配料專員(台中工業區),材料研發人員,包裝員／作業員,,,,調酒師／吧台人員,門市／店員／專櫃人員,售票／收銀人員,資材人員,冷熱飲調製人員
中工,餐廳中工,中式廚師,其他料理廚師,,,,餐飲主管,飯店／旅館服務人員,調酒師／吧台人員,侍酒師,門市／店員／專櫃人員
中工,餐飲服務晚夜班師傅 及 中工師傅助手 (宜蘭店),餐廚助手,中式廚師,,,,冷熱飲調製人員,調酒師／吧台人員,門市／店員／專櫃人員,藥師助理,飯店／旅館服務人員
中工,馬達定子繞入線技術員(台中工廠),機械工程師,PLC／自動控制工程師,,,,雷射技術操作員,電機設備裝配員,機械加工技術人員,電機技師／工程師,技術人員
中工,🍣壽司台廚房中工,日式廚師,餐廚助手,中式廚師,生鮮處理人員,其他料理廚師,調酒師／吧台人員,餐飲主管,門市／店員／專櫃人員,飯店／旅館服務人員,冷熱飲調製人員
中敏居護,【中敏居護】A級個管師(中壢區),個案管理師,,,,,中醫師,休閒娛樂事業從業人員,花藝／園藝人員,護理長,藥師
中東所,【中東所】午班裝卸員,堆高機操作人員,吊車／起重機相關操作人員,,,,包裝員／作業員,倉管／物料管理員,生鮮處理人員,理貨人員,倉儲物流人員
中洲建設,【中洲建設】業務行政,內勤業務,,,,,業務助理,秘書,國貿助理,檔案資料管理人員,電腦操作／資料輸入
中科店,(中科店)鮮友火鍋(假日班工讀人員),餐飲服務人員,生鮮處理人員,,,,飯店／旅館服務人員,調酒師／吧台人員,冷熱飲調製人員,門市／店員／專櫃人員,藥師助理
中科店,(中科店)鮮友火鍋(早班正職人員),餐飲服務人員,,,,,調酒師／吧台人員,冷熱飲調製人員,門市／店員／專櫃人員,侍酒師,飯店／旅館服務人員
中科店,(鮮友火鍋中科店)晚班計時人員,餐飲服務人員,餐廚助手,,,,調酒師／吧台人員,冷熱飲調製人員,飯店／旅館服務人員,門市／店員／專櫃人員,侍酒師
中科店,中科店 早、晚班清潔人員(兼職計時),工讀生,餐飲服務人員,,,,冷熱飲調製人員,調酒師／吧台人員,門市／店員／專櫃人員,飯店／旅館服務人員,外送人員
中科店,中科店-工讀生,餐飲服務人員,,,,,冷熱飲調製人員,飯店／旅館服務人員,門市／店員／專櫃人員,藥師助理,調酒師／吧台人員
中科店,中科店-早班工讀生,餐飲服務人員,,,,,冷熱飲調製人員,門市／店員／專櫃人員,調酒師／吧台人員,飯店／旅館服務人員,藥師助理
中科店,中科店-櫃檯出納-早班工讀生,總機／接待／櫃檯人員,,,,,行政人員,電腦操作／資料輸入,檔案資料管理人員,秘書,財務／會計助理
中科店,中科店-櫃檯出納-晚班工讀生,總機／接待／櫃檯人員,,,,,行政人員,電腦操作／資料輸入,檔案資料管理人員,秘書,財務／會計助理
中科店,晚班工讀生時薪200元(長期)-(阿鍋家中科店),餐飲服務人員,餐廚助手,,,,飯店／旅館服務人員,門市／店員／專櫃人員,休閒娛樂事業從業人員,冷熱飲調製人員,售票／收銀人員
中科店,美容師(台中-中科店),美容助理,美容師,美療師／芳療師,,,調酒師／吧台人員,門市／店員／專櫃人員,售票／收銀人員,飯店／旅館服務人員,冷熱飲調製人員
中科店,美容師(薪資上看50K)-中科店,美容師,美容助理,,,,調酒師／吧台人員,冷熱飲調製人員,門市／店員／專櫃人員,售票／收銀人員,飯店／旅館服務人員
中科店,美容師-中科店 (無須業務推廣),美容師,美容講師／技導,,,,醫藥業務代表,廣告AE,國外業務人員,國內業務人員,業務助理
中科店,🏆不動產營業員🏆/無經驗可/高獎金/教育培訓/后里中科店,不動產經紀人／營業員,,,,,門市／店員／專櫃人員,儲備幹部,店長／門市管理人員,資材主管,調酒師／吧台人員
中華電信,【急缺】中華電信子公司-機房機務工程師(台北)＊無經驗可,系統工程師,資訊助理人員,網路管理工程師,,,韌體工程師,IC佈局工程師,軟／韌體測試工程師,BIOS工程師,RF通訊工程師
中華電信,【急缺】中華電信子公司-機房機務工程師(東七)＊無經驗可,系統工程師,資訊助理人員,網路管理工程師,,,韌體工程師,軟／韌體測試工程師,IC佈局工程師,RF通訊工程師,BIOS工程師
中華電信,中華電信土木工程管道施工人員,營建工程人員,營建雜工／粗工,水電工,,,土木工程師,電信／配線繪圖,水電工程師,工程配管繪圖,弱電工程師
中華電信,中華電信子公司-SI網路工程師(新北)CCNA,網路管理工程師,,,,,RF通訊工程師,IC佈局工程師,韌體工程師,嵌入式工程師,IC設計工程師
中華電信,中華電信子公司-網路服務工程師(台北士林),弱電工程師,,,,,嵌入式工程師,軟體工程師,IC佈局工程師,IC設計工程師,PCB-Layout佈局工程師
中華電信,台北市中華電信仁愛職場互助教保服務中心-教保服務人員,教保員／保育員,幼教老師,,,,休閒娛樂事業從業人員,遊樂景點工作人員,房務人員,售票／收銀人員,檔案資料管理人員
中華電信,台南中華電信（兼職）委外電話行銷專員,電話行銷人員,保險業務員／經紀人,國內業務人員,,,行銷企劃人員,傳播媒體編輯企劃,活動企劃人員,廣告設計,廣告AE
中華電信,新北市中華電信江翠職場互助教保服務中心-教師助理人員,助教,教保員／保育員,幼教老師,,,藥師助理,遊樂景點工作人員,資訊助理人員,檔案資料管理人員,電腦操作／資料輸入
中華電信,桃園市中華電信楊梅職場互助教保服務中心-教保服務人員,教保員／保育員,幼教老師,,,,休閒娛樂事業從業人員,飯店／旅館服務人員,遊樂景點工作人員,售票／收銀人員,檔案資料管理人員
中華電信,臺北市中華電信北投職場互助教保服務中心-兼職代課教保人員,教保員／保育員,幼教老師,保母／托育人員,,,休閒娛樂事業從業人員,飯店／旅館櫃檯人員,飯店／旅館服務人員,檔案資料管理人員,房務人員
中華電信,臺北市中華電信北投職場互助教保服務中心-教保服務人員,教保員／保育員,幼教老師,,,,休閒娛樂事業從業人員,電訪人員,房務人員,遊樂景點工作人員,售票／收銀人員
中華電信,臺北市中華電信愛國職場互助教保服務中心-教保服務人員,教保員／保育員,幼教老師,,,,休閒娛樂事業從業人員,房務人員,遊樂景點工作人員,檔案資料管理人員,電訪人員
中華電信,雲林中華電信委外電話行銷人員,國內業務人員,保險業務員／經紀人,電話行銷人員,,,行銷企劃人員,傳播媒體編輯企劃,融資／信用業務人員,廣告AE,廣告設計
中都校,【中都校】護理師兼班務助理,教保員／保育員,幼教老師,護理師,,,護理助理(護佐),資訊助理人員,醫院行政管理人員,行政人員,人事助理
中都校,【中都校國小部】國小部助教,助教,,,,,國小教師,國中教師,高中職教師,托育中心主任／主管,資材主管
中鋼,(中鋼集團)-台南AP8職業安全衛生技術士,職業安全衛生管理人員,,,,,保全工程技術人員,電器產品維修人員,電子設備維修人員,職業安全衛生管理師,工廠安全衛生人員
中鋼,(中鋼集團)-嘉義AP7職業安全衛生技術士,職業安全衛生管理人員,,,,,保全工程技術人員,電器產品維修人員,職業安全衛生管理師,工廠安全衛生人員,電子設備維修人員
中鋼,(中鋼集團)-工安檢查人員(台中龍井)[SCT-AJ-B2],職業安全衛生管理人員,工地安全衛生工程師,,,,調酒師／吧台人員,飯店／旅館服務人員,品管人員,門市／店員／專櫃人員,資材人員
中鋼,(中鋼集團)-楠梓F22職業安全衛生技術士,職業安全衛生管理人員,,,,,電器產品維修人員,保全工程技術人員,職業安全衛生管理師,工廠安全衛生人員,電子設備維修人員
中鋼,【中鋼集團】銷售行政主管(越南胡志明市),專案業務主管,專案經理,特別助理,,,客服主管,行政主管,國外業務主管,售票／收銀人員,業務助理
中鋼,中鋼-機械維護(無經驗可 薪優 有宿舍),焊接技術人員,維修技術人員,,,,機械工程師,電機維修人員,PLC／自動控制工程師,機械加工技術人員,電子設備維修人員
中鋼,中鋼結構-生產工程師-官田廠,機械工程師,生產技術／製程工程師,品保工程師,,,智慧製程工程師,電機技師／工程師,電機設備裝配員,模具技術人員,PLC／自動控制工程師
中鋼,中鋼駐廠-EP槽車操作-(薪)40000以上-輪班(做6休1),營建雜工／粗工,泥水工相關人員,,,,包裝員／作業員,CNC車床人員,吊車／起重機相關操作人員,重機械操作人員,倉管／物料管理員
中鋼,中鋼駐廠-出鐵間-(薪)40000-正常班1-6,建築物清潔人員,清潔／資源回收人員,,,,塑膠射出技術人員,包裝員／作業員,智慧製程工程師,CNC車床人員,塑膠押出技術人員
中鋼,中鋼駐廠-導焦助手-(薪)47000以上-輪8H,營建雜工／粗工,清潔／資源回收人員,,,,包裝員／作業員,CNC車床人員,組裝組立技術人員,機械操作人員,車縫人員
中鋼,中鋼駐廠-工作代班-(薪)50000-輪班(做6休1),營建雜工／粗工,泥水工相關人員,,,,CNC車床人員,包裝員／作業員,智慧製程工程師,倉管／物料管理員,電機技師／工程師
中鋼,中鋼駐廠-工安管理-(薪)36000-週休二日,職業安全衛生管理人員,行政助理,工廠安全衛生人員,,,水電工,領班／管理幹部,生管主管,電機技師／工程師,智慧製程工程師
中鋼,中鋼駐廠-機械維修技術人員,機械設備組裝測試人員,鉗工,焊接技術人員,組裝組立技術人員,,電機設備裝配員,技術人員,電機技師／工程師,模具技術人員,CNC車床人員
中鋼,中鋼駐廠-機械維修輪班人員,機械設備組裝測試人員,鉗工,焊接技術人員,組裝組立技術人員,,CNC車床人員,電機設備裝配員,電機技師／工程師,汽車檢驗員,機械加工技術人員
中鋼,中鋼駐廠-鏟車駕駛-(薪)44000-固定中班(8hr),大貨車司機,挖土／推土機相關操作人員,重機械操作人員,,,CNC車床人員,汽車檢驗員,壓鑄模具技術人員,塑膠押出技術人員,包裝員／作業員
中鋼,中鋼駐廠– 勞務工,廠務,包裝員／作業員,,,,CNC車床人員,領班／管理幹部,鍋爐相關人員,機械加工技術人員,壓鑄模具技術人員
中鋼,中鋼駐廠–工作協調員–(薪)44650–輪班(做四休二–12hr),工務工管人員,領班／管理幹部,,,,生管／助理,生產技術／製程工程師,機械操作人員,倉管／物料管理員,資材人員
中鋼,高雄小港中鋼廠粗工,營建雜工／粗工,,,,,CNC車床人員,智慧製程工程師,汽車檢驗員,壓鑄模具技術人員,包裝員／作業員
中鋼小港廠區,工安人員【中鋼小港廠區】日薪制,工地安全衛生工程師,工地品管員／工程師,營建工程人員,,,智慧製程工程師,資材人員,木工,品管人員,電機技師／工程師
中鋼鋁業,【中鋼鋁業】消防事務助理人員,消防類相關人員,消防繪圖人員,,,,秘書,採購助理,文字客服,行政人員,電腦操作／資料輸入
中鋼鋁業,中鋼鋁業-工安專業人員,職業安全衛生管理人員,,,,,神秘客,房務人員,PLC／自動控制工程師,智慧製程工程師,工業設計
中鋼鋁業,中鋼鋁業駐廠機械維修技術員,維修技術人員,電機維修人員,產品設備維修人員,機械設備組裝測試人員,機電技師／工程師,技術人員,電機設備裝配員,機械加工技術人員,雷射技術操作員,模具技術人員
中龍,※台中龍井-供宿※ 中鋼集團門禁維護管理[CSS-AJ-37],保全人員／警衛,管理員,隨扈／安全人員,,,門市／店員／專櫃人員,調酒師／吧台人員,休閒娛樂事業從業人員,餐飲主管,售票／收銀人員
中龍,※台中龍井※中鋼集團員工樂活中心行政暨安全維護人員(常日中班) [CSS-AJ-37],保全人員／警衛,管理員,,,,檔案資料管理人員,電腦操作／資料輸入,行政人員,秘書,文字客服
中龍,外遇行蹤調查員(台中龍井區),授權／授信／徵信人員,,,,,神秘客,資料庫管理人員,售票／收銀人員,電腦操作／資料輸入,檔案資料管理人員
中龍,抓姦外遇專案調查員(台中龍井區),授權／授信／徵信人員,,,,,神秘客,資料庫管理人員,廣告設計,售票／收銀人員,門市／店員／專櫃人員
中龍,旅館抓姦調查員(台中龍井區),授權／授信／徵信人員,,,,,飯店／旅館服務人員,神秘客,門市／店員／專櫃人員,調酒師／吧台人員,侍酒師
中龍,日照中心儲備主任_台中龍井區_社區式（日照）長照機構,居家服務督導員,護理師,社會工作人員／督導,,,儲備幹部,餐飲主管,店長／門市管理人員,調酒師／吧台人員,品管／品保主管
中龍,日照中心儲備主任_台中龍井市_社區式（日照）長照機構,居家服務督導員,社會工作人員／督導,護理師,,,餐飲主管,調酒師／吧台人員,儲備幹部,店長／門市管理人員,品管／品保主管
中龍,機修技術員/鐵工 (55000↑)(近台中龍井),鈑金技術人員,焊接技術人員,金屬建材架構人員,,,電機技師／工程師,電機設備裝配員,智慧製程工程師,水電工,技術人員
九如美學館,【九如美學館】房務工讀生/PT兼職,清潔／資源回收人員,,,,,房務人員,飯店／旅館服務人員,調酒師／吧台人員,飯店／旅館櫃檯人員,門市／店員／專櫃人員
九如美學館,【九如美學館】房務部 房務員,飯店／旅館服務人員,家事服務／洗衣,清潔／資源回收人員,,,調酒師／吧台人員,房務人員,品管／品保主管,資材主管,儲備幹部
乾杯,F14C1【乾杯】黑毛屋本家 台中市政店-清潔計時社員『時薪200元起，津貼獎金600元另計』,工讀生,洗碗人員,清潔／資源回收人員,,,電腦操作／資料輸入,業務助理,門市／店員／專櫃人員,秘書,售票／收銀人員
乾杯,KCLF1【乾杯】台中霧峰倉 物流倉儲課-物流主管『月薪45K』 (加班費另計),外務／快遞／送貨,大貨車司機,,,,資材主管,資材人員,生管主管,倉管／物料管理員,包裝員／作業員
乾杯,【乾杯】總部 稽核室-主任/專案經理,稽核人員,,,,,行政主管,軟體專案主管,經營管理主管,國內業務主管,產品企劃主管
乾杯,【乾杯】總部 經營企劃室 數據分析高級專員/主任,數據分析師／資料分析師,資料科學工程師,,,,軟體專案主管,產品企劃主管,財務分析／財務人員,經營管理主管,產品經理
乾杯,【乾杯集團】總部 人才發展課-招募專員,人事／人力資源專員,,,,,人事／人力資源主管,補習班主任／主管,行政主管,儲備幹部,客服主管
二重店,"▼✦【二重店】生鮮處理人員(29,500~35,000)",生鮮處理人員,,,,,西式廚師,洗碗人員,餐廚助手,其他料理廚師,調酒師／吧台人員
二重店,✦【二重店】生鮮處理人員,生鮮處理人員,,,,,洗碗人員,西式廚師,餐廚助手,調酒師／吧台人員,冷熱飲調製人員
五年以上,櫃台諮詢主管【需五年以上經驗】,牙醫助理,,,,,客服主管,飯店／旅館主管,專案經理,設計主管,專案業務主管
五甲店,【兼職】摩斯鳳山五甲店(250mos),餐飲服務人員,,,,,外送人員,調酒師／吧台人員,門市／店員／專櫃人員,冷熱飲調製人員,飯店／旅館服務人員
五甲店,五甲店-美容師🎉挑戰高薪全方位,美容師,美療師／芳療師,,,,調酒師／吧台人員,門市／店員／專櫃人員,智慧製程工程師,飯店／旅館服務人員,休閒娛樂事業從業人員
五甲店,享溫馨KTV-五甲店 早班 外場正職人員★｜保障底薪＋獎金分紅｜★,餐飲服務人員,,,,,調酒師／吧台人員,門市／店員／專櫃人員,冷熱飲調製人員,品管／品保主管,侍酒師
五甲店,享溫馨KTV-五甲店 晚班 外場正職人員★｜保障底薪＋獎金分紅｜★,餐飲服務人員,,,,,調酒師／吧台人員,門市／店員／專櫃人員,冷熱飲調製人員,品管／品保主管,店長／門市管理人員
五甲店,佑佑鍋燒麵(五甲店)兼職人員,餐飲服務人員,餐廚助手,洗碗人員,,,飯店／旅館服務人員,侍酒師,調酒師／吧台人員,冷熱飲調製人員,門市／店員／專櫃人員
五甲店,佑佑鍋燒麵(五甲店)正職人員,餐飲服務人員,餐廚助手,,,,調酒師／吧台人員,侍酒師,冷熱飲調製人員,門市／店員／專櫃人員,飯店／旅館服務人員
五甲店,儲備幹部（鳳山五甲店）,餐飲服務人員,,,,,調酒師／吧台人員,品管／品保主管,店長／門市管理人員,儲備幹部,餐飲主管
五甲店,兼職清潔人員(World Gym鳳山五甲店),工讀生,清潔／資源回收人員,,,,洗碗人員,房務人員,冷熱飲調製人員,調酒師／吧台人員,外送人員
五甲店,客服工讀生(零售)(World Gym高雄鳳山五甲店),工讀生,,,,,資材人員,電話客服人員,業務助理,售票／收銀人員,國貿助理
五甲店,早晚班計時人員（鳳山五甲店）,餐飲服務人員,,,,,冷熱飲調製人員,調酒師／吧台人員,門市／店員／專櫃人員,售票／收銀人員,外送人員
五甲店,極鮮火鍋(五甲店)~假日工讀生,餐飲服務人員,餐廚助手,洗碗人員,,,飯店／旅館服務人員,調酒師／吧台人員,門市／店員／專櫃人員,冷熱飲調製人員,侍酒師
五甲店,極鮮火鍋(五甲店)~晚班廚房兼職人員,餐廚助手,餐飲服務人員,,,,飯店／旅館服務人員,調酒師／吧台人員,冷熱飲調製人員,門市／店員／專櫃人員,侍酒師
五甲店,活動促銷工讀生(World Gym高雄鳳山五甲店),工讀生,,,,,門市／店員／專櫃人員,活動企劃人員,行銷企劃人員,廣告設計,行銷企劃助理
五甲店,清潔人員(World Gym鳳山五甲店),清潔／資源回收人員,,,,,洗碗人員,房務人員,調酒師／吧台人員,冷熱飲調製人員,門市／店員／專櫃人員
五甲店,門市助理（鳳山五甲店）,門市／店員／專櫃人員,,,,,電腦操作／資料輸入,秘書,財務／會計助理,業務助理,行政人員
五結廠,【五結廠】廠務專員,廠務,,,,,廠務助理,領班／管理幹部,鍋爐相關人員,CNC車床人員,報關人員
五股所,業務代表（五股所）,汽車銷售人員,,,,,國外業務人員,廣告AE,國貿人員,國內業務人員,國貿助理
五股獅子頭日照中心,"【五股獅子頭日照中心】照顧服務員(薪資33,000元~35,000元)",照顧服務／指導員,,,,,休閒娛樂事業從業人員,房務人員,神秘客,調酒師／吧台人員,資材人員
五花馬,(五花馬)早、晚班兼職人員,餐飲服務人員,餐廚助手,工讀生,,,冷熱飲調製人員,調酒師／吧台人員,外送人員,門市／店員／專櫃人員,售票／收銀人員
五花馬,五花馬水餃館工讀生-中山醫商場（需長期）,餐飲服務人員,餐廚助手,,,,藥師助理,門市／店員／專櫃人員,遊樂景點工作人員,休閒娛樂事業從業人員,售票／收銀人員
五花馬,五花馬集團台北士東店早班櫃檯外場人員,餐飲服務人員,洗碗人員,,,,冷熱飲調製人員,飯店／旅館服務人員,飯店／旅館櫃檯人員,調酒師／吧台人員,遊樂景點工作人員
五花馬,五花馬餐飲人員-車亭休息站,餐飲服務人員,餐廚助手,中式廚師,,,冷熱飲調製人員,調酒師／吧台人員,門市／店員／專櫃人員,飯店／旅館服務人員,售票／收銀人員
五花馬,五花馬餐飲人員（中山醫院商場）,餐飲服務人員,餐廚助手,洗碗人員,,,門市／店員／專櫃人員,冷熱飲調製人員,調酒師／吧台人員,店長／門市管理人員,售票／收銀人員
五鎮貿易旗艦店,【五鎮貿易旗艦店】門市人員(起薪35000+業績獎金),門市／店員／專櫃人員,售票／收銀人員,,,,資材人員,業務助理,國貿助理,生管／助理,秘書
五鮮級,【五鮮級】行政主廚｜歡迎社會新鮮人｜應屆畢業生,餐飲主管,其他料理廚師,,,,行政人員,電腦操作／資料輸入,行政主管,秘書,財務／會計助理
井棧,井棧定食兼職工讀-井棧新楠家樂福,餐飲服務人員,,,,,飯店／旅館服務人員,調酒師／吧台人員,冷熱飲調製人員,侍酒師,門市／店員／專櫃人員
井棧,廚房人員井棧新楠店,西式廚師,餐廚助手,日式廚師,,,調酒師／吧台人員,冷熱飲調製人員,飯店／旅館服務人員,門市／店員／專櫃人員,侍酒師
井賀鍋物,【井賀鍋物】台南安南店-早班外場正職,餐廚助手,餐飲服務人員,,,,飯店／旅館服務人員,調酒師／吧台人員,侍酒師,門市／店員／專櫃人員,冷熱飲調製人員
井賀鍋物,【井賀鍋物】台南文賢店-晚班外場正職,餐廚助手,餐飲服務人員,,,,飯店／旅館服務人員,調酒師／吧台人員,侍酒師,門市／店員／專櫃人員,冷熱飲調製人員
井賀鍋物,【井賀鍋物】台南文賢直營店-外場工讀生,餐廚助手,,,,,飯店／旅館服務人員,門市／店員／專櫃人員,調酒師／吧台人員,侍酒師,冷熱飲調製人員
井賀鍋物,【井賀鍋物】台南文賢直營店-早班外場正職,餐廚助手,餐飲服務人員,,,,飯店／旅館服務人員,調酒師／吧台人員,侍酒師,門市／店員／專櫃人員,冷熱飲調製人員
井賀鍋物,【井賀鍋物】台南新市直營店-外場工讀生,餐飲服務人員,,,,,飯店／旅館服務人員,門市／店員／專櫃人員,調酒師／吧台人員,侍酒師,冷熱飲調製人員
井賀鍋物,【井賀鍋物】台南新市直營店-早班外場正職,餐廚助手,餐飲服務人員,,,,飯店／旅館服務人員,調酒師／吧台人員,侍酒師,門市／店員／專櫃人員,冷熱飲調製人員
井賀鍋物,【井賀鍋物】台南新市直營店-晚班外場正職,餐飲服務人員,,,,,飯店／旅館服務人員,調酒師／吧台人員,侍酒師,門市／店員／專櫃人員,冷熱飲調製人員
井賀鍋物,【井賀鍋物】品牌總部辦公室《人資HR》,人事／人力資源專員,人事／人力資源主管,人事助理,,,行政主管,售票／收銀人員,行政人員,客服主管,飯店／旅館服務人員
井賀鍋物,【井賀鍋物】彰化員林店-外場工讀生,餐飲服務人員,餐廚助手,,,,飯店／旅館服務人員,門市／店員／專櫃人員,調酒師／吧台人員,侍酒師,冷熱飲調製人員
井賀鍋物,【井賀鍋物】彰化員林店-早班外場正職,餐廚助手,餐飲服務人員,,,,飯店／旅館服務人員,調酒師／吧台人員,侍酒師,門市／店員／專櫃人員,冷熱飲調製人員
井賀鍋物,【井賀鍋物】彰化員林店-晚班外場正職,餐飲服務人員,,,,,飯店／旅館服務人員,調酒師／吧台人員,侍酒師,門市／店員／專櫃人員,冷熱飲調製人員
井賀鍋物,【井賀鍋物】新莊直營店-早班外場正職,餐廚助手,餐飲服務人員,,,,飯店／旅館服務人員,調酒師／吧台人員,侍酒師,門市／店員／專櫃人員,冷熱飲調製人員
井賀鍋物,【井賀鍋物】新莊直營店-早班領班,經營管理主管,儲備幹部,,,,飯店／旅館服務人員,調酒師／吧台人員,門市／店員／專櫃人員,侍酒師,冷熱飲調製人員
井賀鍋物,【井賀鍋物】新莊直營店-晚班外場正職,餐廚助手,餐飲服務人員,,,,飯店／旅館服務人員,調酒師／吧台人員,侍酒師,門市／店員／專櫃人員,冷熱飲調製人員
井賀鍋物,【井賀鍋物】新莊直營店-晚班領班,經營管理主管,儲備幹部,,,,飯店／旅館服務人員,調酒師／吧台人員,門市／店員／專櫃人員,侍酒師,冷熱飲調製人員
井賀鍋物,【井賀鍋物】林口長庚店-外場工讀生,餐飲服務人員,,,,,飯店／旅館服務人員,門市／店員／專櫃人員,調酒師／吧台人員,侍酒師,冷熱飲調製人員
井賀鍋物,【井賀鍋物】林口長庚店-早班外場正職,餐廚助手,餐飲服務人員,,,,飯店／旅館服務人員,調酒師／吧台人員,侍酒師,門市／店員／專櫃人員,冷熱飲調製人員
井賀鍋物,【井賀鍋物】林口長庚店-晚班外場正職,餐廚助手,餐飲服務人員,,,,飯店／旅館服務人員,調酒師／吧台人員,侍酒師,門市／店員／專櫃人員,冷熱飲調製人員
井賀鍋物,【井賀鍋物】桃園市中壢店-外場工讀生,餐飲服務人員,,,,,飯店／旅館服務人員,門市／店員／專櫃人員,調酒師／吧台人員,侍酒師,冷熱飲調製人員
井賀鍋物,【井賀鍋物】高雄左營店-外場工讀生,餐飲服務人員,,,,,飯店／旅館服務人員,門市／店員／專櫃人員,調酒師／吧台人員,侍酒師,冷熱飲調製人員
井賀鍋物,【井賀鍋物】高雄左營店-早班外場正職,餐廚助手,餐飲服務人員,,,,飯店／旅館服務人員,調酒師／吧台人員,侍酒師,門市／店員／專櫃人員,冷熱飲調製人員
井賀鍋物,【井賀鍋物】高雄左營店-晚班外場正職,餐廚助手,餐飲服務人員,,,,飯店／旅館服務人員,調酒師／吧台人員,侍酒師,門市／店員／專櫃人員,冷熱飲調製人員
井賀鍋物,【井賀鍋物】高雄楠梓店-外場工讀生,餐廚助手,,,,,飯店／旅館服務人員,門市／店員／專櫃人員,調酒師／吧台人員,侍酒師,冷熱飲調製人員
井賀鍋物,【井賀鍋物】高雄楠梓店-早班外場正職,餐廚助手,餐飲服務人員,,,,飯店／旅館服務人員,調酒師／吧台人員,侍酒師,門市／店員／專櫃人員,冷熱飲調製人員
井賀鍋物,【井賀鍋物】高雄楠梓店-晚班外場正職,餐廚助手,餐飲服務人員,,,,飯店／旅館服務人員,調酒師／吧台人員,侍酒師,門市／店員／專櫃人員,冷熱飲調製人員
井賀鍋物,井賀鍋物＜台南東橋店＞外場早班服務員,餐飲服務人員,,,,,飯店／旅館服務人員,門市／店員／專櫃人員,調酒師／吧台人員,侍酒師,冷熱飲調製人員
井賀鍋物,井賀鍋物＜東橋店＞外場晚班計時服務人員,餐飲服務人員,,,,,飯店／旅館服務人員,調酒師／吧台人員,侍酒師,門市／店員／專櫃人員,冷熱飲調製人員
亞洲最大獵頭,亞洲最大獵頭集團 Recruitfirst 獵頭顧問_無經驗歡迎,人事／人力資源專員,,,,,神秘客,化學／化工工程師,工業設計,PLC／自動控制工程師,禮儀師
京站,(松江南京站旁)商辦櫃台日班保全【44000元】-台北事業處,保全人員／警衛,,,,,銀行辦事人員,股務人員,旅遊休閒類主管,資材人員,保稅人員
京站,*機動清潔員（日班）-辦公大樓(元泰廣場)近捷運松江南京站,清潔／資源回收人員,家事服務／洗衣,,,,房務人員,資材人員,文字客服,國貿人員,生管／助理
京站,*辦公大樓清潔員（日班）-中山區辦公大樓（近捷運松江南京站）,清潔／資源回收人員,家事服務／洗衣,,,,房務人員,文字客服,電腦操作／資料輸入,行政人員,國貿人員
京站,*辦公大樓清潔領班（日班）-中山區辦公大樓（近捷運松江南京站）,清潔／資源回收人員,家事服務／洗衣,,,,文字客服,國貿人員,房務人員,報關人員,資材人員
京站,*辦公大樓駐點機動清潔員（日班）-中山區辦公大樓（近捷運松江南京站）,清潔／資源回收人員,家事服務／洗衣,,,,文字客服,房務人員,國貿人員,電腦操作／資料輸入,行政人員
京站,【京站】午班4H15天14000,餐廚助手,清潔／資源回收人員,飯店／旅館服務人員,,,加油服務,遊樂景點工作人員,售票／收銀人員,休閒娛樂事業從業人員,房務人員
京站,京站-「數位平台」數位設計人員,軟體工程師,網頁設計,,,,美編人員,平面設計,建築繪圖／設計,包裝設計,數位IC設計工程師
京站,京站-內裝高級管理師,室內設計師,建築繪圖／設計,營建工程人員,,,塑膠射出技術人員,其他車輛維修人員,養殖／畜牧專業人員,噴漆技術人員,智慧製程工程師
京站,京站-客服專員(假日工讀生),客服人員,電話客服人員,,,,資材人員,文字客服,電腦操作／資料輸入,業務助理,秘書
京站,京站-客服專員(小碧潭店)-工讀生,客服人員,電話客服人員,,,,電腦操作／資料輸入,業務助理,秘書,行政人員,售票／收銀人員
京站,京站-客服專員(工讀生),客服人員,電話客服人員,,,,電腦操作／資料輸入,文字客服,資材人員,售票／收銀人員,業務助理
京站,"京站-百貨樓面管理規劃專員(無經驗起薪40,000元)",儲備幹部,店長／門市管理人員,,,,消防繪圖人員,管理員,後端工程師,土木工程師,DevOps工程師
京站,京站-電商工讀生,工讀生,行政助理,,,,倉儲物流人員,倉管／物料管理員,理貨人員,文字記者,資材人員
京站,京站-電商營運專員,客服人員,行政人員,業務助理,,,資材人員,金融營業人員,保險業務員／經紀人,倉儲物流人員,國貿人員
京站,京站即日起-炸物啤酒BAR專櫃烤魷魚銷售工讀生,餐飲服務人員,餐廚助手,,,,門市／店員／專櫃人員,飯店／旅館服務人員,售票／收銀人員,休閒娛樂事業從業人員,侍酒師
京站,日商Times【PM/系統專案管理】-松江南京站1分鐘/固定調薪,軟體工程師,ERP專案管理師,網路管理工程師,,,DevOps工程師,專案管理主管,PLC／自動控制工程師,電信／配線繪圖,電子設備維修人員
京站店,【兼職】摩斯京站店(176mos),餐飲服務人員,,,,,調酒師／吧台人員,外送人員,冷熱飲調製人員,門市／店員／專櫃人員,侍酒師
京站店,和田涮涮鍋(京站店)外場人員,餐飲服務人員,,,,,飯店／旅館服務人員,侍酒師,調酒師／吧台人員,門市／店員／專櫃人員,冷熱飲調製人員
京站店,和田涮涮鍋(京站店)外場計時人員,餐飲服務人員,,,,,飯店／旅館服務人員,侍酒師,調酒師／吧台人員,冷熱飲調製人員,門市／店員／專櫃人員
京站店,外場兼職工讀人員-京站店,餐飲服務人員,,,,,飯店／旅館服務人員,冷熱飲調製人員,調酒師／吧台人員,門市／店員／專櫃人員,外送人員
京站門市,ZARA_Senior Sales Assistant資深門市銷售-京站門市,店長／門市管理人員,門市／店員／專櫃人員,,,,行銷企劃助理,媒體公關人員,秘書,國貿助理,電腦操作／資料輸入
京簡康,【京簡康】健康餐盒-兼職餐廚助手（J04三峽北大店）,餐廚助手,,,,,調酒師／吧台人員,冷熱飲調製人員,門市／店員／專櫃人員,飯店／旅館服務人員,侍酒師
人體工房,芳療師【人體工房】,美療師／芳療師,美容師,,,,調酒師／吧台人員,冷熱飲調製人員,侍酒師,工讀生,飯店／旅館服務人員
仁武店,(仁武店)全日班工作人員(薪優32K起).,餐廚助手,中式廚師,生鮮處理人員,,,房務人員,門市／店員／專櫃人員,資材人員,售票／收銀人員,遊樂景點工作人員
仁武店,(仁武店)早/ 晚班 服務人員,餐飲服務人員,,,,,冷熱飲調製人員,門市／店員／專櫃人員,售票／收銀人員,遊樂景點工作人員,調酒師／吧台人員
仁武店,(仁武店)早晚班工讀人員,餐飲服務人員,,,,,冷熱飲調製人員,調酒師／吧台人員,門市／店員／專櫃人員,飯店／旅館服務人員,藥師助理
仁武店,【高雄仁武店】 汽車美容助理／學徒／儲備 起薪35000以上-請先投遞履歷,汽車美容,汽車維修人員,其他車輛維修人員,,,生管／助理,資訊助理人員,採購助理,電腦操作／資料輸入,執行製作／助理
仁武店,享溫馨KTV-仁武店 早班 外場正職人員★｜保障底薪＋獎金分紅｜★,餐飲服務人員,,,,,調酒師／吧台人員,門市／店員／專櫃人員,冷熱飲調製人員,品管／品保主管,店長／門市管理人員
仁武店,享溫馨KTV-仁武店 晚班 外場正職人員★｜保障底薪＋獎金分紅｜★,餐飲服務人員,,,,,調酒師／吧台人員,門市／店員／專櫃人員,冷熱飲調製人員,品管／品保主管,店長／門市管理人員
仁武店,早晚班工讀（仁武店）,餐飲服務人員,,,,,冷熱飲調製人員,調酒師／吧台人員,門市／店員／專櫃人員,飯店／旅館服務人員,外送人員
仁武校,仁武校～積木創作老師,才藝類老師,,,,,美術老師,木工,升學補習班老師,作文老師,教保員／保育員
仁武校,仁武校～美術老師,才藝類老師,,,,,美術老師,幼教老師,升學補習班老師,安親課輔老師,教保員／保育員
仁濟醫院,[仁濟醫院]（日班）手術室護理師｜穩定好上手｜週日固定休｜績效獎金｜保障年薪14個月,護理師,醫院行政管理人員,,,,獸醫／獸醫佐,機械工程師,維修技術人員,水電工程師,智慧製程工程師
仁濟醫院,新莊仁濟醫院–廚師,中式廚師,,,,,調酒師／吧台人員,冷熱飲調製人員,獸醫／獸醫佐,門市／店員／專櫃人員,藥師助理
仁馨住宿機構,"仁馨住宿機構照服員(純白班8小時薪資34,640元起/月休基本8天)",其他醫療從業人員,照顧服務／指導員,,,,水電及其他工程繪圖人員,機構工程師,工業設計,機械設計／繪圖人員,冷凍空調繪圖／設計
仁馨住宿機構,照顧服務員(兼職)(仁馨住宿機構),照顧服務／指導員,護理師,其他醫療從業人員,,,專任管理員,房務人員,飯店／旅館服務人員,神秘客,售票／收銀人員
住商,!!!住商埔心店  大型加盟強力徵材!!! 誠徵:房仲/業務員/仲介夥伴,不動產經紀人／營業員,,,,,國外業務人員,國內業務人員,國貿人員,廣告AE,文字客服
住商,!!!住商埔心店  誠徵:房仲/業務員/仲介夥伴,不動產經紀人／營業員,,,,,國外業務人員,國貿人員,廣告AE,國貿助理,國內業務人員
住商,$$$ 新手業務 跟著月月成交達人 嚮往財富自由不是夢 住商新莊新樹店/住商樹林中正店,不動產經紀人／營業員,土地開發人員,,,,國外業務人員,國內業務人員,國貿人員,廣告AE,客戶成功經理
住商,$$$新北冠軍團隊(樹林/新莊)幹部~住商新莊新樹店/住商樹林中正店,不動產經紀人／營業員,土地開發人員,,,,儲備幹部,店長／門市管理人員,資材主管,品管／品保主管,客服主管
住商,$$$新北第1名金鷹冠軍店團隊使用最新系統超越傳統仲介~住商新莊新樹店/住商樹林中正,不動產經紀人／營業員,土地開發人員,,,,PLC／自動控制工程師,水電工程師,水電工,工業設計,土木工程師
住商,$$$新北第1名金鷹冠軍店高人效500萬＋高獎金~住商新莊新樹店/住商樹林中正店,土地開發人員,不動產經紀人／營業員,,,,儲備幹部,資材主管,國內業務人員,店長／門市管理人員,門市／店員／專櫃人員
住商,$$$蟬聯20年金牌教練培訓超業 應屆畢業可 無經驗可 住商新莊新樹店/住商樹林中正店,土地開發人員,不動產經紀人／營業員,,,,神秘客,國內業務人員,儲備幹部,房務人員,客服主管
住商,$$$金牌教練培訓超業 應屆畢業可  住商新莊新樹店/住商樹林中正店,土地開發人員,不動產經紀人／營業員,,,,神秘客,儲備幹部,國內業務人員,房務人員,產品經理
住商,$$$高人效新北第1名金鷹冠軍團隊~住商新莊新樹店/住商樹林中正店,不動產經紀人／營業員,土地開發人員,,,,儲備幹部,資材主管,國內業務人員,房務人員,門市／店員／專櫃人員
住商,$$學長制一對一行銷達人💪💪 嘉義住商一銀店,不動產經紀人／營業員,,,,,行銷企劃人員,國內業務人員,傳播媒體編輯企劃,廣告設計,儲備幹部
住商,$$強力募集 業務菁英 嘉義住商不動產一銀店,不動產經紀人／營業員,,,,,國外業務人員,國內業務人員,廣告AE,國貿人員,國外業務主管
住商,(住商_彰化_溪湖_弘海地產加盟店)招兵買馬-房仲業務專員,不動產經紀人／營業員,,,,,國外業務人員,人力／外勞仲介,國貿人員,廣告AE,國內業務人員
住商,(住商土城日月光捷運店)改變人生的第一步,不動產經紀人／營業員,,,,,儲備幹部,資材主管,資材人員,國內業務人員,門市／店員／專櫃人員
住商,(直營店人員加入，保障底薪+高獎金)☆☆年收千萬不是夢☆☆107+108+109+110+111年度冠軍店~住商-三重徐匯捷運加盟店~誠徵儲備幹部!,國內業務人員,,,,,儲備幹部,店長／門市管理人員,品管／品保主管,國內業務主管,客服主管
住商,(直營店人員加入，保障底薪+高獎金)住商新北年度冠軍店，破億最強團隊!直營店團隊文化+超高獎金福利。,不動產經紀人／營業員,,,,,儲備幹部,店長／門市管理人員,產品經理,國內業務主管,國內業務人員
住商,(直營店人員加入，保障底薪+高獎金)破億最強團隊~徵的就是你!新北住商年度冠軍店，直營店團隊文化+超高獎金福利,不動產經紀人／營業員,,,,,儲備幹部,店長／門市管理人員,國內業務人員,產品經理,國內業務主管
住商,24H營業上班時間彈性~開發高手~兼職可 ~論件計酬(住商土城重劃學海加盟店),不動產經紀人／營業員,土地開發人員,,,,產品企劃人員,通路開發人員,室內設計師,化學／化工工程師,商化人員
住商,※強力募集不動產營業員※-(住商台中海線加盟店),不動產經紀人／營業員,,,,,儲備幹部,門市／店員／專櫃人員,店長／門市管理人員,餐飲主管,售票／收銀人員
住商,※強力招募.房仲菁英(住商台北大學店),不動產經紀人／營業員,,,,,人力／外勞仲介,房務人員,儲備幹部,人事／人力資源主管,客服主管
住商,※強力招募.業務高手★保障底薪+獎金(住商台北大學店),業務助理,,,,,國內業務人員,國外業務人員,人力／外勞仲介,國外業務主管,廣告AE
住商,※徵房仲高手!歡迎同業轉職~高底薪加奬金.不動產業務最佳選擇(住商台北大學店),不動產經紀人／營業員,,,,,國外業務人員,國內業務人員,廣告AE,國貿人員,報關人員
住商,※敢說敢做敢拚.年薪百萬就是你(住商台北大學店),不動產經紀人／營業員,,,,,房務人員,木工,儲備幹部,水電工程師,水電工
住商,→☆土地農地達人☆開創事業第二春♥可休六日♥(住商台北三峽店),不動產經紀人／營業員,土地開發人員,,,,房務人員,儲備幹部,營建雜工／粗工,門市／店員／專櫃人員,木工
住商,→☆轉職同業菁英☆假日可休♥換個環境再創佳績(住商台北三峽店),不動產經紀人／營業員,土地開發人員,,,,房務人員,國內業務人員,神秘客,PLC／自動控制工程師,儲備幹部
住商,★TOP經紀人★住商-內湖文德店(底薪制.無經驗可),不動產經紀人／營業員,,,,,資材主管,產品經理,資材人員,國內業務主管,國內業務人員
住商,★住商佳里金仲團隊★ 歡迎轉職加入~,不動產經紀人／營業員,,,,,房務人員,神秘客,門市／店員／專櫃人員,廣告設計,國內業務人員
住商,★住商石牌捷運加盟店☆轉職首選/業務新手,不動產經紀人／營業員,,,,,國貿助理,業務助理,國貿人員,活動企劃人員,國外業務人員
住商,★強力招募.房仲菁英★(住商樹林后站店),不動產經紀人／營業員,,,,,房務人員,人力／外勞仲介,儲備幹部,客服主管,資材人員
住商,★轉職首選★西屯房仲-有人教有人帶+獎金拿50％起~高手請進-住商七期朝富店-,國內業務人員,國內業務主管,不動產經紀人／營業員,專案業務主管,產品企劃人員,房務人員,資材人員,木工,資材主管,水電工
住商,☆★強力募集業務高手☆★【住商台中北屯敦富加盟店】,不動產經紀人／營業員,,,,,國外業務人員,國內業務人員,國貿人員,廣告AE,客服主管
住商,☆不動產營業員-新手入門熱情招募(住商不動產桃園平鎮店)💰,國內業務主管,不動產經紀人／營業員,,,,門市／店員／專櫃人員,調酒師／吧台人員,店長／門市管理人員,儲備幹部,冷熱飲調製人員
住商,❗️👉 挑戰自己無極限 成為Top房仲經紀人【住商頭份中央加盟店】,不動產經紀人／營業員,國內業務人員,業務助理,,,客戶成功經理,智慧製程工程師,房務人員,PLC／自動控制工程師,神秘客
住商,❤❤Top One-挑戰高薪–挑戰能力-挑戰無極限❤❤住商新莊中平店,不動產經紀人／營業員,國內業務人員,,,,木工,營建雜工／粗工,泥水工相關人員,結構技師／工程師,PLC／自動控制工程師
住商,❤️住商不動產桃園站前成功加盟店👉徵的在找你×房仲菁英挑戰高％數獎金-業務專員❤️,不動產經紀人／營業員,不動產／商場開發人員,,,,國外業務人員,國內業務人員,廣告AE,國貿人員,國外業務主管
住商,❤️住商不動產桃園站前成功加盟店👉徵的就是你×業務菁英百萬經紀人員❤️,不動產經紀人／營業員,不動產／商場開發人員,,,,國外業務主管,國外業務人員,國內業務主管,國內業務人員,保險業務員／經紀人
住商,「住商南京三民加盟店」徵普專～無經驗可！,不動產經紀人／營業員,,,,,儲備幹部,國內業務人員,房務人員,神秘客,產品經理
住商,【不動產仲介業務/營業員/經紀人】住商永和仁愛加盟店（仁愛特區優質好漾團隊，新人專業培育+安心保障收入+獎金最高50％）N6,不動產經紀人／營業員,加盟／招商人員,電話行銷人員,,,國外業務人員,國內業務主管,保險業務員／經紀人,國外業務主管,國內業務人員
住商,【住商不動產-謙行】不動產業務,不動產經紀人／營業員,,,,,國外業務人員,廣告AE,國貿人員,國內業務人員,國貿助理
住商,上新莊包區團隊~不會有同品牌競爭~住商新莊中平店,不動產經紀人／營業員,國內業務人員,國外業務人員,,,門市／店員／專櫃人員,房務人員,調酒師／吧台人員,儲備幹部,飯店／旅館服務人員
住商,不動產業務-無經驗可(住商新營加盟店),不動產經紀人／營業員,,,,,國外業務人員,廣告AE,國內業務人員,國貿人員,國外業務主管
住商,不動產業務員/住商不動產松山敦北店,不動產經紀人／營業員,,,,,國外業務人員,國貿助理,業務助理,國貿人員,國內業務人員
住商,不動產營業員-住商台中大里店,不動產經紀人／營業員,國內業務人員,,,,門市／店員／專櫃人員,店長／門市管理人員,儲備幹部,餐飲主管,調酒師／吧台人員
住商,不動產經紀業務助理(住商不動產新營中山加盟店),不動產經紀人／營業員,,,,,國貿助理,業務助理,秘書,採購助理,財務／會計助理
住商,不動產經紀業務專員(住商不動產新營中山加盟店),不動產經紀人／營業員,,,,,國外業務主管,國外業務人員,國內業務主管,國內業務人員,保險業務員／經紀人
住商,不動產規劃師(住商不動產新營中山加盟店),不動產經紀人／營業員,,,,,建築師,水電工程師,都市／交通規劃人員,建築繪圖／設計,室內設計師
住商,不想再領死薪水？新手不用怕，帶你挑戰高薪~獎金50％起｜住商七期朝富店,國內業務人員,國內業務主管,不動產經紀人／營業員,專案業務主管,產品企劃人員,營建雜工／粗工,水電工程師,木工,泥水工相關人員,化學／化工工程師
住商,人生轉折點想賺錢首選-房仲業務-住商吐司團隊誠懇踏實好夥伴,不動產經紀人／營業員,經營管理主管,,,,國外業務人員,廣告AE,國內業務人員,票務人員／旅行社人員,國貿人員
住商,低門檻高獎金時間自由【不動產營業員】 (住商台中北區加盟店),國內業務人員,不動產經紀人／營業員,,,,門市／店員／專櫃人員,餐飲主管,店長／門市管理人員,調酒師／吧台人員,儲備幹部
住商,住商-彰化家樂福店-《百萬年薪銷售王、銷售新人王》★高獎金、高福利★,不動產經紀人／營業員,土地開發人員,,,,門市／店員／專櫃人員,儲備幹部,國內業務人員,店長／門市管理人員,產品經理
住商,住商不動產-彰化溪湖弘海地產加盟店&ndash;&ndash;誠徵&ndash;&ndash;尋找對房地產肯學習~房仲業務_菁英業務,不動產經紀人／營業員,,,,,國外業務人員,國貿人員,廣告AE,國內業務人員,國貿助理
住商,住商不動產-彰化溪湖弘海地產加盟店&ndash;&ndash;誠徵&ndash;&ndash;房仲高獎金_業務菁英,不動產經紀人／營業員,,,,,國外業務人員,國貿人員,國內業務人員,廣告AE,國貿助理
住商,住商不動產南屯市政加盟店~徵~【業務人員】(新人培訓期間合格獎金+全勤+補貼+本酬),不動產經紀人／營業員,,,,,國貿人員,國貿助理,業務助理,國外業務人員,秘書
住商,"住商不動產高專業務獎金,最高到『70％』,無經驗可、提供完善教學及業務技巧、國內外旅遊補助、時間彈性",不動產經紀人／營業員,,,,,國外業務人員,國貿人員,票務人員／旅行社人員,報關人員,電話客服人員
住商,住商南屯市政店~徵~【不動產經紀人員】【 4萬/月以上】 (新人培訓期間合格獎金+全勤+補貼+本酬),不動產經紀人／營業員,,,,,客服主管,國內業務主管,產品企劃主管,儲備幹部,行政主管
住商,住商天母德東店_房產銷售業務高手(老戰友轉職專案),不動產經紀人／營業員,,,,,國內業務人員,國外業務人員,廣告AE,國外業務主管,國貿人員
住商,住商崇明店 [強力徵才]不動產業務人員,不動產經紀人／營業員,,,,,國外業務人員,國貿人員,廣告AE,國內業務人員,國貿助理
住商,住商心樂活團隊–人資,人事／人力資源專員,人事／人力資源主管,,,,休閒娛樂事業從業人員,房務人員,電訪人員,神秘客,客服主管
住商,住商楠梓高大藍田-徵不動產業務專員,不動產經紀人／營業員,不動產／商場開發人員,,,,國外業務人員,國貿人員,廣告AE,國內業務人員,報關人員
住商,住商汐止康寧湖前徵不動產業務 別讓你的努力被低估 高獎金65％,不動產經紀人／營業員,,,,,國外業務人員,國貿人員,廣告AE,國內業務人員,報關人員
住商,住商西屯福星店✿廣大徵求經紀人員,國內業務人員,不動產經紀人／營業員,,,,儲備幹部,產品經理,國內業務主管,店長／門市管理人員,資材主管
住商,住商關渡店_房產銷售業務高手(老戰友轉職專案),不動產經紀人／營業員,,,,,國內業務人員,廣告AE,國外業務人員,國外業務主管,國內業務主管
住商,宏觀/住商不動產【沙鹿向上加盟店】_行政祕書,內勤業務,,,,,行政人員,秘書,電腦操作／資料輸入,財務／會計助理,業務助理
住商,徵高專／北市最高獎金【住商承德京站加盟店】,不動產經紀人／營業員,國內業務人員,,,,門市／店員／專櫃人員,店長／門市管理人員,儲備幹部,售票／收銀人員,房務人員
住商,急徵【不動產營業員業務/房屋仲介】底薪+獎金抽成+月休8天+工作彈性_住商不動產樹林站前店,不動產經紀人／營業員,,,,,國外業務人員,國貿人員,國貿助理,業務助理,採購助理
住商,我們在找下定決心就是要賺錢的你(妳)-(住商嘉義大學店),不動產經紀人／營業員,,,,,電訪人員,神秘客,房務人員,產品經理,市場調查／分析人員
住商,挑戰高薪業務 ◆轉職首選◆ ~(住商北屯熱河),不動產經紀人／營業員,,,,,國外業務人員,國內業務人員,廣告AE,國外業務主管,國貿人員
住商,昱興土地開發團隊＆住商榮總加盟店📣【誠徵｜工讀生】住商不動產 × 昱興土地開發團隊,工讀生,,,,,土地開發人員,電訪人員,不動產經紀人／營業員,廣告設計,國內業務人員
住商,最強團隊🏆徵業務🏆高獎金 不動產、房地產 (住商嘉義檜意村加盟店),不動產經紀人／營業員,,,,,國外業務人員,國內業務人員,廣告AE,國貿人員,國外業務主管
住商,松山區【住商混合夜班安管員】 薪資45500元、月休大7小6(排休制),保全人員／警衛,客服人員,飯店／旅館服務人員,,,房務人員,資材主管,產品經理,儲備幹部,資材人員
住商,松山區【住商混合日班安管員】 月薪45500元、月休大7小6(排休制),保全人員／警衛,客服人員,飯店／旅館服務人員,,,資材主管,儲備幹部,ISO品保人員,房務人員,產品經理
住商,業務助理員／★☆房仲的搖籃★☆住商機構／和緯武聖店／★☆房屋仲介訓練營 ／★☆☆★ ／完整初、中、高階訓練課程／ ★☆成就人生夢想藍圖 共享人生故事★☆,不動產經紀人／營業員,,,,,國貿助理,業務助理,秘書,採購助理,活動企劃人員
住商,業務專員-無經驗可(住商新營加盟店),不動產經紀人／營業員,,,,,國外業務人員,國內業務人員,廣告AE,國貿人員,國外業務主管
住商,為你的未來鋪就成功之路！現招聘房地產經紀人，請加入我門住商北大大德店的團隊,國內業務人員,不動產經紀人／營業員,,,,儲備幹部,店長／門市管理人員,門市／店員／專櫃人員,產品企劃主管,國內業務主管
住商,無經驗可培訓★業務菁英★~轉職首選歡迎同業加入(住商不動產三重自強店),不動產經紀人／營業員,,,,,國外業務人員,國貿人員,客服人員,電話客服人員,國內業務人員
住商,翻轉人生～歡迎同業菁英加入「住商南京三民店」～,不動產經紀人／營業員,,,,,房務人員,儲備幹部,國內業務人員,神秘客,客服主管
住商,西屯房仲-挑戰50％起 高薪再加高獎金 /歡迎新手 – 住商七期朝富店,國內業務人員,國內業務主管,不動產經紀人／營業員,專案業務主管,產品企劃人員,木工,神秘客,PLC／自動控制工程師,營建雜工／粗工,智慧製程工程師
住商,西屯房仲高％數 50％ 起＋獎金全拿｜收入沒有天花板｜住商七期朝富店,國內業務人員,不動產經紀人／營業員,國內業務主管,專案業務主管,產品企劃人員,房務人員,PLC／自動控制工程師,資材人員,水電工程師,神秘客
住商,誠徵:房仲/業務員/仲介夥伴    !!!住商埔心店  大型加盟強力徵材!!!    誠徵:房仲/業務員/仲介夥伴,不動產經紀人／營業員,,,,,國外業務人員,國貿人員,國貿助理,文字客服,業務助理
住商,誠徵:房仲/業務員/仲介夥伴  !!!住商埔心店  熱烈徵才!!!,不動產經紀人／營業員,,,,,國外業務人員,國貿助理,國貿人員,業務助理,廣告AE
住商,誠徵工讀夥伴(住商嘉義檜意村加盟店),數位行銷人員,社群經營人員,行銷企劃助理,,,門市／店員／專櫃人員,房務人員,廣告設計,售票／收銀人員,神秘客
住商,誠徵業務高手~熱銷副都心、頭前重劃區~住商新莊區,不動產經紀人／營業員,,,,,國外業務人員,國內業務人員,廣告AE,國貿人員,國貿助理
住商,還在做錢少事多的內勤~該來挑戰高薪囉~住商新莊區,不動產經紀人／營業員,國內業務人員,國內業務主管,,,稽核人員,養殖／畜牧專業人員,票務人員／旅行社人員,客服人員,電話行銷人員
住商,頭份市# 住商不動產 -頭份昌隆店房仲專員,不動產經紀人／營業員,,,,,調酒師／吧台人員,門市／店員／專櫃人員,冷熱飲調製人員,房務人員,神秘客
住商,頭份市# 住商不動產 -頭份昌隆店業務,不動產經紀人／營業員,,,,,國外業務人員,國貿助理,業務助理,國貿人員,國內業務人員
住商,頭份市# 誠徵房仲菁英 住商不動產-非凡團隊,不動產經紀人／營業員,,,,,調酒師／吧台人員,房務人員,神秘客,門市／店員／專櫃人員,冷熱飲調製人員
住商,頭份市#誠徵房仲業務 住商不動產 非凡團隊【高專獎金分配55％】,不動產經紀人／營業員,,,,,國外業務人員,國內業務人員,廣告AE,國貿人員,客服主管
住商,高專50％起~ 加各種獎金 ★西屯房仲高手請進★住商七期朝富店,國內業務人員,國內業務主管,不動產經紀人／營業員,專案業務主管,產品企劃人員,房務人員,木工,PLC／自動控制工程師,水電工程師,智慧製程工程師
住商,🌟誠徵未來的你｜與桃竹苗最強房仲團隊一起出發 🏡 不只是一份工作，是一場改變人生的旅程【住商頭份中央加盟店】,不動產經紀人／營業員,國內業務人員,業務助理,,,房務人員,神秘客,客服主管,電話客服人員,票務人員／旅行社人員
住商,🌸房仲業務🌸無經驗可｜專業培訓｜住商環中新辰店,不動產經紀人／營業員,,,,,國外業務人員,國內業務人員,廣告AE,醫藥業務代表,汽車銷售人員
住商,🎯高專(高獎金)－二度就業，有自信，能學習❤️｜住商 民族重慶加盟店，歡迎熱情的你來應徵,不動產經紀人／營業員,,,,,房務人員,神秘客,國內業務人員,客服主管,PLC／自動控制工程師
住商,🎯高業績趴數❤️｜住商 民族重慶加盟店，歡迎有夢想的你來應徵,不動產經紀人／營業員,,,,,國外業務人員,國內業務人員,廣告AE,國外業務主管,客服主管
住商,🏆大南門冠軍團隊~住商南門店~破千團隊/百人聯盟/資源豐富/成交快速,不動產經紀人／營業員,,,,,儲備幹部,資材主管,門市／店員／專櫃人員,國內業務人員,資材人員
住商,🏆徵~房仲新手★ 給自己一個挑戰百萬年薪的機會🏆(住商嘉義52+1房仲事業),不動產經紀人／營業員,產品企劃人員,,,,房務人員,水電工程師,營建雜工／粗工,泥水工相關人員,PLC／自動控制工程師
住商,💖工業不動產誠徵-工業不動產高專營業員-專營廠房、土地(週休二日+論件計酬高獎金)住商不動產台南崇善文化加盟店,土地開發人員,不動產經紀人／營業員,,,,工業設計,PLC／自動控制工程師,智慧製程工程師,資材主管,水電工
住商,💫翻轉吧!!房仲小兵💫 住商佳里店~等你(妳)來圓夢!,不動產經紀人／營業員,,,,,房務人員,木工,神秘客,門市／店員／專櫃人員,PLC／自動控制工程師
住商,📢住商不動產桃園站前成功加盟店👉普專制(享優渥底薪)❤️不動產經紀營業員-業務助理數名,不動產經紀人／營業員,不動產／商場開發人員,,,,業務助理,國貿助理,秘書,財務／會計助理,電腦操作／資料輸入
住商,📢住商不動產桃園站前成功加盟店👉普專制(享優渥底薪)💖不動產經紀營業員-業務助理,不動產經紀人／營業員,不動產／商場開發人員,,,,業務助理,國貿助理,秘書,財務／會計助理,電腦操作／資料輸入
住商,📢住商不動產桃園站前成功加盟店👉歡迎加入我們普專制(享底薪+優渥獎金)-業務助理名額有限💖不動產經紀營業員,不動產經紀人／營業員,不動產／商場開發人員,,,,業務助理,國貿助理,秘書,財務／會計助理,行政人員
住商,📢住商不動產桃園站前成功加盟店👉歡迎加入我們普專制(享底薪+優渥獎金)-業務助理💖不動產經紀營業員,不動產經紀人／營業員,不動產／商場開發人員,,,,業務助理,國貿助理,秘書,財務／會計助理,電腦操作／資料輸入
住商,🚀💫台中土地房屋仲介💰💰💰高％數獎金、💫🏆高支援平台、自由發揮空間，同業菁英、轉職新人（住商北屯四平加盟店),不動產經紀人／營業員,土地開發人員,,,,國內業務人員,客服主管,室內設計助理,客服工程師,神秘客
住商中興新村店,超級業務員(住商中興新村店),不動產經紀人／營業員,,,,,國外業務人員,國內業務人員,廣告AE,國貿人員,國貿助理
住商北投捷運店,【住商北投捷運店】🚉 零經驗也能上手！💎 資源共享｜團隊協作｜快速成交 👉 輕鬆打造高收入，挑戰無上限業績！,不動產經紀人／營業員,,,,,國內業務人員,客戶成功經理,神秘客,國外業務人員,廣告AE
住商台中十期店,尋找房仲業務-賣房子好好玩~輕鬆拍~自媒體玩家歡迎加入【住商台中十期店】,不動產經紀人／營業員,土地開發人員,,,,國外業務人員,廣告AE,國內業務人員,國貿人員,活動企劃人員
住商台中十期店,徵高專不動產仲介菁英：🔥 你的薪水，由你自己決定！ ◆ 住商台中十期店共好團隊◆,不動產經紀人／營業員,不動產／商場開發人員,,,,神秘客,國內業務人員,廣告設計,產品經理,門市／店員／專櫃人員
住商台南南紡店,◆房仲新人◆【住商台南南紡店】,不動產經紀人／營業員,,,,,房務人員,門市／店員／專櫃人員,神秘客,調酒師／吧台人員,儲備幹部
住商台南南紡店,★房仲業務菁英★【住商台南南紡店】,不動產經紀人／營業員,,,,,國外業務人員,廣告AE,國貿人員,國內業務人員,國外業務主管
住商台南府前店,↑創造千萬菁英平台↑不動產營業員【住商台南府前店】,不動產經紀人／營業員,,,,,門市／店員／專櫃人員,儲備幹部,店長／門市管理人員,營建雜工／粗工,調酒師／吧台人員
住商台南府前店,『加入府前超越自我實現夢想』~不動產營業員【住商台南府前店】,不動產經紀人／營業員,,,,,門市／店員／專櫃人員,儲備幹部,店長／門市管理人員,客服主管,售票／收銀人員
住商台南府前店,歡迎『社會新鮮人』『二度就業』『轉職菁英』~不動產營業員【住商台南府前店】,不動產經紀人／營業員,,,,,門市／店員／專櫃人員,儲備幹部,店長／門市管理人員,調酒師／吧台人員,侍酒師
住商大將金仲團隊,【住商大將金仲團隊】♕ 不動產業務菁英 ♕(嘉義新生加盟店),不動產經紀人／營業員,土地開發人員,電話行銷人員,,,國外業務人員,國貿人員,國貿助理,業務助理,廣告AE
住商淡水團隊,住商淡水團隊-業務新秀-合作無間【保障三個月4-4.5萬+超多資源+專人指導】(淡水台北灣加盟店),國內業務人員,不動產經紀人／營業員,,,,國外業務人員,國貿人員,客服人員,電話客服人員,國貿助理
住商淡水團隊,房仲新秀｜保障4-4.5萬+獎金｜一對一輔導｜零經驗手把手教學【住商淡水團隊】,國內業務人員,不動產經紀人／營業員,,,,水電工程師,PLC／自動控制工程師,水電工,ISO品保人員,消防專業人員
住商石牌自強店,【住商石牌自強店】 💞 沒經驗？沒關係！ 我們有耐心帶領、有溫度的團隊， 一起合作、共享資源、攜手成長！ 🌟 歡迎加入，開創屬於你的成功之路！,不動產經紀人／營業員,,,,,儲備幹部,房務人員,神秘客,國內業務人員,客服主管
住商頂峯團隊,【住商頂峯團隊】誠徵!!楠梓高大藍田–房仲多媒體影音業務專員,不動產經紀人／營業員,,,,,國外業務人員,國貿人員,廣告AE,國貿助理,報關人員
住好宅物業,【住好宅物業有限公司】徵求 打掃人員,清潔／資源回收人員,,,,,洗碗人員,房務人員,冷熱飲調製人員,調酒師／吧台人員,營建雜工／粗工
住好宅物業,【住好宅物業有限公司】誠徵包租代管_租賃管理師/仲介轉換跑道首選,國內業務人員,,,,,水電工,運輸物流類主管,資材主管,生管主管,PLC／自動控制工程師
佳利安美生館,【佳利安美生館】spa高階主管,經營管理主管,,,,,品管／品保主管,店長／門市管理人員,調酒師／吧台人員,餐飲主管,冷熱飲調製人員
信義地政士聯合,【代書助理】（中壢）6個月保障薪 （信義地政士聯合事務所）,代書／地政士,法務助理,,,,保稅人員,人事助理,資訊助理人員,醫院行政管理人員,文字客服
信義地政士聯合,【代書助理】（台北） 6個月保障薪 (信義地政士聯合事務所),代書／地政士,法務助理,,,,人事助理,保稅人員,資訊助理人員,醫院行政管理人員,媒體公關人員
信義地政士聯合,【儲備代書/地政士】(北市)無經驗可培訓、6個月保障薪 (信義地政士聯合事務所),代書／地政士,,,,,水電工程師,地質師／地質工程師,ISO品保人員,水電工,儲備幹部
信義店,{信義店} 美容師/芳療師,美容師,美療師／芳療師,,,,調酒師／吧台人員,冷熱飲調製人員,門市／店員／專櫃人員,售票／收銀人員,飯店／旅館服務人員
信義店,【信義店】美容 / 芳療師,美容師,美療師／芳療師,,,,調酒師／吧台人員,冷熱飲調製人員,門市／店員／專櫃人員,售票／收銀人員,飯店／旅館服務人員
信義店,【兼職】ATT 4 FUN信義店_顧客服務專員 Customer Advisor-R00000004166208,門市／店員／專櫃人員,餐飲服務人員,,,,國貿人員,文字客服,國貿助理,業務助理,採購助理
信義店,信義店[月休10天]招聘-夜班,餐廚助手,其他料理廚師,,,,冷熱飲調製人員,調酒師／吧台人員,門市／店員／專櫃人員,售票／收銀人員,侍酒師
信義店,信義店[月休12天]招聘-夜班,餐廚助手,其他料理廚師,,,,冷熱飲調製人員,調酒師／吧台人員,門市／店員／專櫃人員,售票／收銀人員,侍酒師
信義店,信義店[月休12天]招聘-日班,餐廚助手,其他料理廚師,,,,調酒師／吧台人員,冷熱飲調製人員,門市／店員／專櫃人員,侍酒師,西式廚師
信義店,信義店[月休6天]招聘-夜班,餐廚助手,其他料理廚師,,,,冷熱飲調製人員,調酒師／吧台人員,門市／店員／專櫃人員,侍酒師,售票／收銀人員
信義店,信義店[月休8天]招聘-夜班,餐廚助手,其他料理廚師,,,,冷熱飲調製人員,調酒師／吧台人員,門市／店員／專櫃人員,售票／收銀人員,侍酒師
信義店,信義店客服人員,客服人員,門市／店員／專櫃人員,售票／收銀人員,,,業務助理,國貿助理,資材人員,秘書,電腦操作／資料輸入
信義店,健身諮詢專員(World Gym基隆信義店),國內業務人員,產品企劃人員,電話行銷人員,,,門市／店員／專櫃人員,神秘客,產品經理,售票／收銀人員,調酒師／吧台人員
信義店,劉家宴-信義店-儲備幹部,餐飲服務人員,,,,,調酒師／吧台人員,店長／門市管理人員,餐飲主管,品管／品保主管,儲備幹部
信義店,劉家宴-信義店-全職清潔洗滌人員,中式廚師,,,,,洗碗人員,冷熱飲調製人員,調酒師／吧台人員,飯店／旅館服務人員,外送人員
信義店,劉家宴-信義店-外場兼職人員,餐飲服務人員,,,,,調酒師／吧台人員,冷熱飲調製人員,飯店／旅館服務人員,門市／店員／專櫃人員,侍酒師
信義店,劉家宴-信義店-外場包廂服務員,餐飲服務人員,,,,,調酒師／吧台人員,飯店／旅館服務人員,冷熱飲調製人員,門市／店員／專櫃人員,侍酒師
信義店,劉家宴-信義店-外場營運經理,經營管理主管,,,,,店長／門市管理人員,調酒師／吧台人員,門市／店員／專櫃人員,餐飲主管,冷熱飲調製人員
信義店,劉家宴-信義店-片鴨師,中式廚師,,,,,調酒師／吧台人員,冷熱飲調製人員,門市／店員／專櫃人員,侍酒師,飯店／旅館服務人員
信義店,外場服務人員(早/晚班)220/H- つくみ鶿克米信義店,餐飲服務人員,,,,,調酒師／吧台人員,冷熱飲調製人員,門市／店員／專櫃人員,飯店／旅館服務人員,洗碗人員
信義店,有巢氏光復信義店-金都賀團隊~誠徵高專營業員,不動產經紀人／營業員,,,,,門市／店員／專櫃人員,調酒師／吧台人員,侍酒師,冷熱飲調製人員,飯店／旅館服務人員
信義店,柒息地串燒居酒屋45000-50000 月休8 信義店林口街,其他料理廚師,中式廚師,儲備幹部,,,調酒師／吧台人員,冷熱飲調製人員,侍酒師,門市／店員／專櫃人員,洗碗人員
信義店,活動促銷工讀生(World Gym基隆信義店),工讀生,,,,,門市／店員／專櫃人員,行銷企劃人員,活動企劃人員,廣告設計,售票／收銀人員
信義店,清潔人員(World Gym基隆信義店),清潔／資源回收人員,工讀生,,,,洗碗人員,房務人員,調酒師／吧台人員,冷熱飲調製人員,門市／店員／專櫃人員
信義店,湯瑪仕肉舖- 計時人員 (信義店),工讀生,,,,,調酒師／吧台人員,冷熱飲調製人員,侍酒師,洗碗人員,外送人員
信義店,💖信義店儲備店長,餐飲服務人員,,,,,調酒師／吧台人員,店長／門市管理人員,門市／店員／專櫃人員,冷熱飲調製人員,侍酒師
健康事業,新事業開發專案經理 (New Business Manager)_健康事業,經營管理主管,,,,,專案業務主管,土地開發人員,保險業務員／經紀人,不動產經紀人／營業員,通路開發人員
健康管理中心,[健康管理中心]辦事員,其他醫療從業人員,,,,,銀行辦事人員,股務人員,MIS／網管主管,休閒娛樂事業從業人員,新聞／傳播媒體主管
健康管理中心,【健康管理中心】事務員,行政人員,,,,,股務人員,銀行辦事人員,休閒娛樂事業從業人員,MIS／網管主管,營養師
健康管理中心,【健康管理中心】計時事務助理員(長期),工讀生,行政助理,,,,檔案資料管理人員,電腦操作／資料輸入,秘書,行政人員,財務／會計助理
健康管理中心,健康管理中心-企劃行銷人員,行政人員,,,,,行銷企劃人員,產品企劃主管,廣告／行銷企劃主管,編採主管,產品經理
健康管理中心,健康管理中心-助理員,行政人員,,,,,文字客服,檔案資料管理人員,資訊助理人員,護理助理(護佐),醫院行政管理人員
健康管理中心,健康管理中心專員(板橋院區),醫院行政管理人員,行政人員,行政助理,,,休閒娛樂事業從業人員,護理長,獸醫／獸醫佐,營養師,MIS／網管主管
健康管理中心,健康管理中心－護理師、技術師(整篩計畫),護理師,醫事檢驗師,,,,復健技術師,電機維修人員,醫事放射師,生技主管,維修技術人員
健康管理中心,健檢事務員(永越健康管理中心),其他醫療從業人員,,,,,營養師,醫事檢驗師,新聞／傳播媒體主管,MIS／網管主管,銀行辦事人員
健康管理中心,健檢技術護理師(永越健康管理中心),其他醫療從業人員,護理師,,,,復健技術師,醫事放射師,生技主管,維修技術人員,水產養殖人員
健康管理中心,健檢諮詢護理師(永越健康管理中心),護理師,,,,,護理長,勞工健康服務護理人員／廠護,營養師,心理學研究人員,復健技術師
健康管理中心,大林慈院-健康管理中心-慢性腎臟病個案管理師,護理師,,,,,MIS／網管主管,復健技術師,休閒娛樂事業從業人員,軟體相關管理師,獸醫／獸醫佐
健康管理中心,大林慈院-健康管理中心-糖尿病個案管理師,護理師,個案管理師,,,,休閒娛樂事業從業人員,護理長,MIS／網管主管,獸醫／獸醫佐,托育中心主任／主管
健康管理中心,廚師(永越健康管理中心),中式廚師,,,,,中醫師,獸醫／獸醫佐,品管／品保主管,休閒娛樂事業從業人員,ESG永續管理師
健康管理中心,房務員(永越健康管理中心),清潔／資源回收人員,,,,,休閒娛樂事業從業人員,客服主管,房務人員,獸醫／獸醫佐,產品經理
健康管理中心,新竹臺大分院新竹醫院 健康管理中心(體檢組),護理師,,,,,休閒娛樂事業從業人員,MIS／網管主管,獸醫／獸醫佐,心理學研究人員,新聞／傳播媒體主管
健康管理中心,餐廳服務員(永越健康管理中心),餐飲服務人員,,,,,餐飲主管,侍酒師,調酒師／吧台人員,門市／店員／專櫃人員,飯店／旅館服務人員
偷鍋和美店,【偷鍋和美店】外場服務人員(兼職),餐飲服務人員,工讀生,,,,飯店／旅館服務人員,調酒師／吧台人員,侍酒師,門市／店員／專櫃人員,冷熱飲調製人員
偷鍋和美店,【偷鍋和美店】餐廚助手,餐廚助手,,,,,飯店／旅館服務人員,調酒師／吧台人員,侍酒師,冷熱飲調製人員,門市／店員／專櫃人員
偷鍋和美店,【偷鍋和美店】餐廚助手(兼職),工讀生,餐廚助手,,,,飯店／旅館服務人員,調酒師／吧台人員,侍酒師,冷熱飲調製人員,門市／店員／專櫃人員
傳家印章台中,行政門市【傳家印章台中】30000~68000元起，薪資和福利優於行情，全省實體門市。,國內業務人員,客服人員,門市／店員／專櫃人員,,,電腦操作／資料輸入,行政人員,秘書,財務／會計助理,檔案資料管理人員
傳家印章台中店,門市行政【傳家印章台中店】30000元~68000元。薪資和福利優於行情。,國內業務人員,客服人員,門市／店員／專櫃人員,,,電腦操作／資料輸入,行政人員,秘書,財務／會計助理,業務助理
傳家印章新竹店,門市行政【傳家印章新竹店】30000元~68000元。薪資和福利優於行情。,國內業務人員,客服人員,門市／店員／專櫃人員,,,電腦操作／資料輸入,行政人員,秘書,財務／會計助理,檔案資料管理人員
傳家台中,客服人員【傳家台中】30000元~68000元。周休二日排休，薪資和福利優於行情。,國內業務人員,客服人員,門市／店員／專櫃人員,,,資材人員,文字客服,客服主管,生管／助理,業務助理
傳家台中,客服行政網拍【傳家台中】薪資和福利優於行情，全省實體門市。,國內業務人員,客服人員,門市／店員／專櫃人員,,,行政人員,電腦操作／資料輸入,秘書,業務助理,活動企劃人員
傳家台中,店員行政【傳家台中】30000元~68000元。周休二日排休，薪資和福利優於行情。,國內業務人員,客服人員,門市／店員／專櫃人員,,,電腦操作／資料輸入,行政人員,秘書,排版人員,檔案資料管理人員
傳家台中,文書行政門市【傳家台中】30000元~68000元。周休二日排休，薪資和福利優於行情。,國內業務人員,客服人員,門市／店員／專櫃人員,,,行政人員,電腦操作／資料輸入,排版人員,秘書,檔案資料管理人員
傳家台中,行政助理【傳家台中】薪資和福利優於行情，周休二日排休。同仁分紅、年終、團體績效、激勵獎金、三節獎金、無經驗可。,國內業務人員,客服人員,門市／店員／專櫃人員,,,電腦操作／資料輸入,秘書,行政人員,財務／會計助理,業務助理
傳家台南,行政助理【傳家台南】薪資和福利優於行情，周休二日排休。同仁分紅、年終、團體績效、激勵獎金、三節獎金、無經驗可。,國內業務人員,客服人員,門市／店員／專櫃人員,,,秘書,電腦操作／資料輸入,行政人員,財務／會計助理,業務助理
傳家抓周新竹,行政門市【傳家抓周新竹】30000~68000元起，薪資和福利優於行情，全省實體門市。,國內業務人員,客服人員,門市／店員／專櫃人員,,,電腦操作／資料輸入,行政人員,秘書,財務／會計助理,檔案資料管理人員
傳家抓周生日派對台中店,簡易客服行政【傳家抓周生日派對台中店】薪資和福利優於行情，周休二日排休，無經驗可，有效育訓練。,國內業務人員,客服人員,門市／店員／專櫃人員,,,電腦操作／資料輸入,秘書,業務助理,行政人員,國貿助理
傳家抓周生日派對新竹店,簡易客服行政【傳家抓周生日派對新竹店】薪資和福利優於行情，周休二日排休，無經驗可，有效育訓練。,國內業務人員,客服人員,門市／店員／專櫃人員,,,秘書,電腦操作／資料輸入,行政人員,業務助理,採購助理
傳家新北,行政助理【傳家新北】薪資和福利優於行情，周休二日排休。同仁分紅、年終、團體績效、激勵獎金、三節獎金、無經驗可。,國內業務人員,客服人員,門市／店員／專櫃人員,,,秘書,電腦操作／資料輸入,行政人員,財務／會計助理,業務助理
傳家新竹,客服行政網拍【傳家新竹】薪資和福利優於行情，全省實體門市。,國內業務人員,客服人員,門市／店員／專櫃人員,,,行政人員,電腦操作／資料輸入,秘書,活動企劃人員,業務助理
傳家新竹,店員行政【傳家新竹】30000元~68000元。周休二日排休，薪資和福利優於行情。,國內業務人員,客服人員,門市／店員／專櫃人員,,,電腦操作／資料輸入,行政人員,秘書,排版人員,財務／會計助理
傳家新竹,文書行政門市【傳家新竹】30000元~68000元。周休二日排休，薪資和福利優於行情。,國內業務人員,客服人員,門市／店員／專櫃人員,,,行政人員,電腦操作／資料輸入,排版人員,秘書,財務／會計助理
傳家新竹,行政助理【傳家新竹】薪資和福利優於行情，周休二日排休。同仁分紅、年終、團體績效、激勵獎金、三節獎金、無經驗可。,國內業務人員,客服人員,門市／店員／專櫃人員,,,秘書,電腦操作／資料輸入,行政人員,財務／會計助理,業務助理
傳家桃園,行政助理【傳家桃園】薪資和福利優於行情，周休二日排休。同仁分紅、年終、團體績效、激勵獎金、三節獎金、無經驗可。,國內業務人員,客服人員,門市／店員／專櫃人員,,,秘書,電腦操作／資料輸入,行政人員,財務／會計助理,業務助理
傳家桃園店,行銷推廣【傳家桃園店】30000元~68000元。周休二日排休，薪資和福利優於行情。,門市／店員／專櫃人員,客服人員,,,,行銷企劃人員,活動企劃人員,產品企劃主管,國內業務人員,公關企劃人員
傳家高雄,行政助理【傳家高雄】薪資和福利優於行情，周休二日排休。同仁分紅、年終、團體績效、激勵獎金、三節獎金、無經驗可。,國內業務人員,客服人員,門市／店員／專櫃人員,,,秘書,電腦操作／資料輸入,行政人員,財務／會計助理,業務助理
僑聯建設,工地現場工程師【僑聯建設】,工地監工,現場規劃工程師,營建工程人員,工務工管人員,,冷凍空調繪圖／設計,嵌入式工程師,軟體工程師,IC設計工程師,水電工程師
優利國際,【優利國際】【工作穩定 / 無經驗可】派駐新北市立圖書館(五股守讓堂)-服務人員,行政人員,檔案資料管理人員,編輯／文字類人員,,,飯店／旅館服務人員,遊樂景點工作人員,房務人員,門市／店員／專櫃人員,售票／收銀人員
優利國際,【優利國際】派駐勞動力發展署業務輔導員,行政人員,檔案資料管理人員,行政主管,,,國貿人員,國外業務人員,活動企劃人員,廣告AE,人力／外勞仲介
優利國際,【優利國際】派駐勞動部勞動力發展署-業務督導員【職務代理】,行政人員,公家機關相關人員,,,,活動企劃人員,採購助理,國貿助理,業務助理,秘書
優利國際,【優利國際】派駐勞動部勞工保險局委託協助處理積欠工資墊償基金業務作業人員,公家機關相關人員,行政人員,檔案資料管理人員,,,文字客服,國貿人員,國貿助理,採購助理,行政助理
優利國際,【優利國際】派駐南投交通部法務助理(交通部中部辦公室),行政人員,電腦操作／資料輸入,總機／接待／櫃檯人員,,,室內設計助理,法務助理,UI/UX設計師,CAD／CAM工程師,法務主管
優利國際,【優利國際】派駐南投就業中心業務輔導員(職務代理9/8~11/30),行政人員,公家機關相關人員,,,,國貿人員,國外業務人員,文字客服,電訪人員,報關人員
優利國際,【優利國際】派駐原住民族委員會專案人員,行政人員,研究助理,,,,軟體相關管理師,資料庫管理人員,文字記者,報關人員,國貿人員
優利國際,【優利國際】派駐外交部領事事務局 台北辦事處 護照製發人員,行政人員,行政助理,檔案資料管理人員,,,客服主管,公關企劃人員,行政主管,國貿人員,長照機構業務負責人
優利國際,【優利國際】派駐教育部技術及職業教育司-行政人員,公家機關相關人員,行政人員,,,,資材人員,平面設計,CAD／CAM工程師,生管主管,客服工程師
優利國際,【優利國際】派駐桃園稅務局-駐局專案人員,行政人員,,,,,報關人員,國貿人員,會計／出納／記帳人員,稅務人員,查帳／審計人員
優利國際,【優利國際】派駐經濟部國營司-文書庶務人員,行政人員,,,,,行政主管,國貿人員,保險業務員／經紀人,文字客服,文字記者
優利資源,【優利資源】【37K 工作穩定 / 無經驗可】 派駐食藥署桃園機場辦事處-行政助理,公家機關相關人員,行政助理,,,,電腦操作／資料輸入,秘書,行政人員,財務／會計助理,採購助理
優利資源,【優利資源】【37K 工作穩定 / 無經驗可】 派駐食藥署桃園辦事處-行政助理,公家機關相關人員,行政助理,,,,行政人員,電腦操作／資料輸入,秘書,財務／會計助理,採購助理
優利資源,【優利資源】派駐中彰投分署-業務輔導員(委外職訓計畫),公家機關相關人員,行政人員,人事／人力資源專員,,,國貿人員,國貿助理,業務助理,活動企劃人員,越南翻譯／口譯人員
優利資源,【優利資源】派駐國土管理署-清潔總務人員,行政助理,公家機關相關人員,清潔／資源回收人員,,,總務人員,行政主管,軟體相關管理師,股務人員,資料庫管理人員
優利資源,【優利資源】派駐新北衛生局疾管科專案人員,行政人員,公家機關相關人員,,,,軟體相關管理師,人事／人力資源專員,資料庫管理人員,ERP專案管理師,病理藥理研究人員
優利資源,【優利資源】派駐松山國土管理署-專案協助人員(丁類),行政人員,,,,,人事助理,資訊助理人員,文字客服,媒體公關人員,保稅人員
優利資源,【優利資源】派駐海科館-票務PT(長期/暑期),遊樂景點工作人員,工讀生,,,,會計／出納／記帳人員,財務分析／財務人員,金融營業人員,查帳／審計人員,國貿人員
優利資源,【優利資源】派駐海科館-票務客服人員,售票／收銀人員,票務人員／旅行社人員,遊樂景點工作人員,,,國貿人員,電腦操作／資料輸入,採購助理,秘書,財務／會計助理
優利資源,【優利資源】派駐海科館產學組-初階教育推廣人員,公家機關相關人員,導遊／領隊／導覽,休閒娛樂事業從業人員,,,人事／人力資源專員,人事助理,電腦操作／資料輸入,駐校代表,資訊助理人員
優利資源,【優利資源】派駐科教館－展覽組駐點助理員,其他教育類老師,,,,,人事助理,資訊助理人員,電腦操作／資料輸入,活動企劃人員,行政人員
優利資源,【優利資源】派駐臺北市政府青年局場務服務人員,客服人員,門市／店員／專櫃人員,,,,電腦操作／資料輸入,行政人員,活動企劃人員,檔案資料管理人員,秘書
優利資源,【優利資源】派駐食品藥物管理署(北區)助理查驗員,公家機關相關人員,行政助理,,,,生管／助理,影片製作技術人員,資訊助理人員,軟體助理工程師,設計助理
優利資源,【優利資源】派駐高雄國際機場小港航空站服務台人員,客服人員,總機／接待／櫃檯人員,,,,遊樂景點工作人員,加油服務,房務人員,飯店／旅館服務人員,售票／收銀人員
優利資源,【優利資源】科教館－展覽組B1兒童廳部分工時人員,工讀生,,,,,飯店／旅館服務人員,調酒師／吧台人員,侍酒師,售票／收銀人員,餐飲主管
允諾實業股份,【代招】允諾實業股份有限公司-品牌業務專員,通路開發人員,,,,,廣告AE,國外業務人員,國內業務人員,國貿人員,業務助理
兆品酒店 嘉義,【兆品酒店 嘉義】人資專員,人事／人力資源專員,人事助理,行政人員,,,調酒師／吧台人員,冷熱飲調製人員,門市／店員／專櫃人員,侍酒師,飯店／旅館服務人員
兆品酒店 嘉義,【兆品酒店 嘉義】客務主管,飯店／旅館主管,,,,,客服主管,售票／收銀人員,行政主管,儲備幹部,資材人員
兆品酒店嘉義,【兆品酒店嘉義】訂房主管,飯店／旅館主管,,,,,品管／品保主管,調酒師／吧台人員,店長／門市管理人員,儲備幹部,餐飲主管
兆宇國高中部,【兆宇國高中部】正職導師,學校行政人員,升學補習班老師,補習班導師,,,品管／品保主管,調酒師／吧台人員,中式廚師,資材主管,餐飲主管
光復分院,【光復分院】正職-櫃台掛號人員,總機／接待／櫃檯人員,客服人員,診所助理,,,冷熱飲調製人員,調酒師／吧台人員,售票／收銀人員,飯店／旅館服務人員,門市／店員／專櫃人員
光復工作站,時薪照服員【光復工作站】,照顧服務／指導員,,,,,遊樂景點工作人員,加油服務,飯店／旅館服務人員,休閒娛樂事業從業人員,售票／收銀人員
光復廠,【設備改善類】設備技術工程師-光復廠☆到職滿6個月，留任獎金最高17800元☆,產品設備維修人員,電子設備維修人員,,,,電機設備裝配員,電機技師／工程師,PLC／自動控制工程師,模具技術人員,機構工程師
光復廠,製造助理-光復廠,行政助理,,,,,CNC程式設計師,工程助理,組裝組立技術人員,生管／助理,生產技術／製程工程師
兒童新樂園卡哇依歡樂世界,遊戲機維保人員【兒童新樂園卡哇依歡樂世界】,機電技師／工程師,電機技師／工程師,產品設備維修人員,電機維修人員,電機設備裝配員,調酒師／吧台人員,飯店／旅館服務人員,門市／店員／專櫃人員,售票／收銀人員,冷熱飲調製人員
入境部-韓語,團控OP【入境部-韓語】,票務人員／旅行社人員,,,,,資材主管,資材人員,儲備幹部,客服主管,品管／品保主管
內埔店,儲備幹部(屏東內埔店),餐飲服務人員,,,,,品管／品保主管,調酒師／吧台人員,店長／門市管理人員,儲備幹部,餐飲主管
內埔店,早班計時人員(屏東內埔店),餐飲服務人員,,,,,冷熱飲調製人員,調酒師／吧台人員,門市／店員／專櫃人員,外送人員,售票／收銀人員
內壢門市,麵包烘培儲備幹部(內壢門市),門市／店員／專櫃人員,西點蛋糕師,,,,餐廚助手,餐飲服務人員,其他料理廚師,品管／品保主管,調酒師／吧台人員
內湖店,(兼)門市客戶服務專員《內湖店》,門市／店員／專櫃人員,,,,,業務助理,秘書,國貿助理,電腦操作／資料輸入,活動企劃人員
內湖店,(特力屋_內湖店) 社區開發專員,國內業務人員,國內業務主管,通路開發人員,,,調酒師／吧台人員,門市／店員／專櫃人員,侍酒師,冷熱飲調製人員,飯店／旅館服務人員
內湖店,(特力屋_內湖店) 裝修專案管理師,門市／店員／專櫃人員,室內設計師,建築繪圖／設計,,,水電工程師,水電工,PLC／自動控制工程師,電機技師／工程師,智慧製程工程師
內湖店,147漆彈內湖店-長期活動助教(平、假日都可),運動教練,休閒娛樂事業從業人員,助教,,,調酒師／吧台人員,冷熱飲調製人員,外送人員,侍酒師,門市／店員／專櫃人員
內湖店,KeePer 台北內湖店 汽車美研匠  (另享額外業績獎金！),學徒,汽車美容,門市／店員／專櫃人員,,,工業設計,電子工程師,化學／化工工程師,智慧製程工程師,食品研發人員
內湖店,▸早晚班人員38k｜無人超市內湖店｜冷氣房｜不需接觸客人◂,倉儲物流人員,門市／店員／專櫃人員,,,,資材人員,電話客服人員,客服人員,售票／收銀人員,生管／助理
內湖店,▸高時薪207｜無人超市內湖店｜冷氣房｜不需接觸客人◂早晚班PT,倉儲物流人員,門市／店員／專櫃人員,,,,資材人員,電話客服人員,客服人員,房務人員,生管／助理
內湖店,【優渥設計】業務設計師/助理設計師 (系統櫃、室內設計)-內湖店,室內設計師,國內業務人員,設計助理,,,國貿助理,業務助理,秘書,採購助理,電腦操作／資料輸入
內湖店,【內湖店】美容師✦可獨立操作者,美容師,美療師／芳療師,,,,遊樂景點工作人員,售票／收銀人員,智慧製程工程師,資材人員,木工
內湖店,【兼職】摩斯內湖店(040mos),餐飲服務人員,,,,,外送人員,調酒師／吧台人員,冷熱飲調製人員,門市／店員／專櫃人員,侍酒師
內湖店,假日外場服務人員(內湖店),餐飲服務人員,,,,,調酒師／吧台人員,門市／店員／專櫃人員,冷熱飲調製人員,飯店／旅館服務人員,售票／收銀人員
內湖店,內湖店-驗光師(生),驗光師,,,,,調酒師／吧台人員,冷熱飲調製人員,品管人員,門市／店員／專櫃人員,智慧製程工程師
內湖店,內湖店_保養廠技師,汽車維修人員,汽車引擎技術人員,其他車輛維修人員,,,智慧製程工程師,塑膠押出技術人員,電機技師／工程師,技術人員,汽車檢驗員
內湖店,內湖店_行銷人員/展售專員 Sales Advisor,門市／店員／專櫃人員,店長／門市管理人員,餐飲服務人員,,,行銷企劃人員,汽車銷售人員,駐校代表,國內業務人員,廣告AE
內湖店,台北 汽車銷售營業員-內湖店,國內業務人員,汽車銷售人員,,,,門市／店員／專櫃人員,店長／門市管理人員,儲備幹部,售票／收銀人員,產品經理
內湖店,台北內湖店-晚班工讀[1700-2230],餐飲服務人員,,,,,冷熱飲調製人員,調酒師／吧台人員,門市／店員／專櫃人員,飯店／旅館服務人員,售票／收銀人員
內湖店,外場工讀、兼職服務人員 無經驗歡迎((可配合校外實習/協助外籍人士工作證申請))  時薪200~內湖店,餐飲服務人員,,,,,飯店／旅館服務人員,工讀生,外送人員,門市／店員／專櫃人員,調酒師／吧台人員
內湖店,外場工讀、兼職服務人員 無經驗歡迎(可配合校外實習/協助外籍人士工作證申請)  時薪200~內湖店,餐飲服務人員,,,,,飯店／旅館服務人員,工讀生,外送人員,門市／店員／專櫃人員,調酒師／吧台人員
內湖店,外場服務人員(內湖店),餐飲服務人員,,,,,調酒師／吧台人員,冷熱飲調製人員,門市／店員／專櫃人員,飯店／旅館服務人員,售票／收銀人員
內湖店,大全聯內湖店 - 正職-烘焙計價人員（無經驗可）,中式麵點人員／師傅,麵包師,生鮮處理人員,,,調酒師／吧台人員,冷熱飲調製人員,門市／店員／專櫃人員,侍酒師,飯店／旅館服務人員
內湖店,大全聯內湖店–兼職–熟食人員（無經驗可）,生鮮處理人員,餐廚助手,餐飲服務人員,,,門市／店員／專櫃人員,冷熱飲調製人員,調酒師／吧台人員,飯店／旅館服務人員,售票／收銀人員
內湖店,早班/晚班/假日/工讀 PT兼職餐飲外場服務人員(內湖店),餐飲服務人員,,,,,冷熱飲調製人員,調酒師／吧台人員,門市／店員／專櫃人員,飯店／旅館服務人員,侍酒師
內湖店,業務設計師/助理設計師-內湖店(室內設計、系統櫃),國內業務人員,室內設計師,門市／店員／專櫃人員,,,國貿助理,秘書,業務助理,採購助理,電腦操作／資料輸入
內湖店,皮膚管理師–露琺意LuVaii – 台北內湖店–底薪+獎金無上限,美容師,美容助理,美療師／芳療師,,,資材主管,獸醫／獸醫佐,智慧製程工程師,水電工,ISO品保人員
內湖店,精緻鴛鴦火鍋（內湖店）徵 外場人員 月領38000-41000起 一例一休 平日一頭班 六日配合早班,餐飲服務人員,餐廚助手,生鮮處理人員,,,調酒師／吧台人員,冷熱飲調製人員,侍酒師,門市／店員／專櫃人員,售票／收銀人員
內湖店,美容師(內湖店)【有經驗者.前三個月保障底薪$40~45K】,美容師,美療師／芳療師,,,,智慧製程工程師,PLC／自動控制工程師,水電工程師,ISO品保人員,水電工
內湖店,門市客戶服務專員《內湖店》,門市／店員／專櫃人員,,,,,業務助理,秘書,國貿助理,電腦操作／資料輸入,活動企劃人員
內湖店,霑泊火鍋-(內湖店)外場工讀人員,工讀生,餐飲服務人員,,,,飯店／旅館服務人員,調酒師／吧台人員,侍酒師,門市／店員／專櫃人員,冷熱飲調製人員
內湖店,髮型設計師(內湖店),髮型設計師,美髮講師／技導,整體造型師,,,工業設計,平面設計,建築繪圖／設計,水電工程師,服裝設計
內湖廠,LEXUS內湖廠鈑金技術員,鈑金技術人員,學徒,,,,技術人員,汽車檢驗員,雷射技術操作員,線切割技術人員,塑膠模具技術人員
內湖廠,內湖廠鈑噴服務專員,理賠人員,客服人員,其他車輛維修人員,,,機械加工技術人員,領班／管理幹部,CNC車床人員,水電工,技術人員
內湖廠,引擎技師(內湖廠),汽車引擎技術人員,,,,,汽車檢驗員,電機技師／工程師,電機設備裝配員,模具技術人員,CNC車床人員
內湖廠,引擎技師（內湖廠）,汽車引擎技術人員,,,,,汽車檢驗員,電機技師／工程師,電機設備裝配員,模具技術人員,CNC車床人員
內湖廠,接待人員（內湖廠）,總機／接待／櫃檯人員,,,,,生管／助理,資材人員,倉管／物料管理員,理貨人員,倉儲物流人員
內湖廠,新承接-中華賓士（內湖廠）大7小6月薪48000元,保全人員／警衛,管理員,,,,生鮮處理人員,包裝員／作業員,倉管／物料管理員,智慧製程工程師,倉儲物流人員
內湖廠,"誠徵【日班安管組長】見紅休 40,000元- 內湖廠辦-內湖事業部",保全人員／警衛,管理員,,,,生管主管,領班／管理幹部,電機技師／工程師,電機設備裝配員,水電工
內湖廠,調度員/調度助理【內湖廠】,運輸調度管理人員,倉儲物流人員,都市／交通規劃人員,,,生管／助理,理貨人員,採購助理,保稅人員,文字客服
內湖購物中心,【內湖購物中心】賣場清潔人員,清潔／資源回收人員,,,,,房務人員,休閒娛樂事業從業人員,門市／店員／專櫃人員,生鮮處理人員,冷熱飲調製人員
全台最大購物平台,【全台最大購物平台】文字客服 純早班,客服人員,業務助理,行政人員,,,文字客服,排版人員,空服人員,神秘客,美編人員
全台第一家牙醫醫院,德威國際牙醫醫院-兼職放射師【全台第一家牙醫醫院】,醫事放射師,其他醫療從業人員,,,,專任管理員,飯店／旅館櫃檯人員,飯店／旅館服務人員,獸醫／獸醫佐,電腦補習班老師
全家,✨225H松山車站大地標#全家國際餐飲集團.晉升餐飲經驗.可預支周領.日式定食料理餐廳.誠徵餐飲服務兼職人員-cu8,餐飲服務人員,餐廚助手,,,,調酒師／吧台人員,飯店／旅館服務人員,門市／店員／專櫃人員,侍酒師,冷熱飲調製人員
全家,【工讀把握名額】松山車站(供日周領)兼職高薪.全家齊下連鎖餐飲.幸福職缺介紹給U.超屌豬排吃了會上癮💯Be,工讀生,餐飲服務人員,餐廚助手,,,飯店／旅館服務人員,門市／店員／專櫃人員,調酒師／吧台人員,冷熱飲調製人員,外送人員
全家,全家 正職 早晚班（需輪班）,總機／接待／櫃檯人員,,,,,門市／店員／專櫃人員,售票／收銀人員,冷熱飲調製人員,調酒師／吧台人員,店長／門市管理人員
全家,全家(高雄醫學店)-早班工讀人員-無包裹團購,門市／店員／專櫃人員,售票／收銀人員,,,,倉管／物料管理員,倉儲物流人員,理貨人員,生鮮處理人員,資材人員
全家,"全家-台中-彰化(自備小貨車/無車者可以協助購車,無須自備款)",小客車／小貨車司機,大貨車司機,,,,售票／收銀人員,門市／店員／專櫃人員,遊樂景點工作人員,資材人員,診所助理
全家,全家便利商店*急缺* 短時數高時薪兼職人員(松山八德)(大樹加盟店),工讀生,,,,,門市／店員／專櫃人員,售票／收銀人員,飯店／旅館服務人員,店長／門市管理人員,休閒娛樂事業從業人員
全家,全家便利商店汐止光明店晚班工讀,工讀生,,,,,門市／店員／專櫃人員,飯店／旅館服務人員,店長／門市管理人員,售票／收銀人員,休閒娛樂事業從業人員
全家,全家便利商店沙鹿鑫車店，清水高美店徵早班大夜班人員,客服人員,,,,,門市／店員／專櫃人員,售票／收銀人員,飯店／旅館服務人員,店長／門市管理人員,休閒娛樂事業從業人員
全家,全家便利商店龍潭高原中晚班工讀收銀員,工讀生,,,,,門市／店員／專櫃人員,售票／收銀人員,休閒娛樂事業從業人員,遊樂景點工作人員,飯店／旅館服務人員
全家,全家便利商店（三峽福容店）早班人員,工讀生,,,,,門市／店員／專櫃人員,售票／收銀人員,飯店／旅館服務人員,店長／門市管理人員,休閒娛樂事業從業人員
全家,全家便利商店（三峽福容店）晚班人員,工讀生,,,,,門市／店員／專櫃人員,售票／收銀人員,飯店／旅館服務人員,店長／門市管理人員,休閒娛樂事業從業人員
全家,全家兼職大夜1680..無經驗可,門市／店員／專櫃人員,,,,,房務人員,倉管／物料管理員,倉儲物流人員,資材人員,休閒娛樂事業從業人員
全家,全家大夜 月薪+全勤  32000（三重區）,店長／門市管理人員,,,,,休閒娛樂事業從業人員,售票／收銀人員,門市／店員／專櫃人員,資材主管,遊樂景點工作人員
全家,全家大夜班36000..無經驗可,門市／店員／專櫃人員,,,,,倉管／物料管理員,倉儲物流人員,資材人員,包裝員／作業員,資材主管
全家,全家新豐休息站美人魚店夜班,國內業務人員,,,,,休閒娛樂事業從業人員,售票／收銀人員,遊樂景點工作人員,門市／店員／專櫃人員,加油服務
全家,全家晚班服務人員,股務人員,,,,,休閒娛樂事業從業人員,遊樂景點工作人員,售票／收銀人員,飯店／旅館服務人員,加油服務
全家,全家超商 計時工讀生,工讀生,,,,,門市／店員／專櫃人員,飯店／旅館服務人員,售票／收銀人員,休閒娛樂事業從業人員,遊樂景點工作人員
全家,全家超商早、晚班工讀(土城海裕門市),工讀生,,,,,門市／店員／專櫃人員,售票／收銀人員,休閒娛樂事業從業人員,飯店／旅館服務人員,店長／門市管理人員
全家,全家高雄醫學店-晚班工讀-無包裹團購,門市／店員／專櫃人員,售票／收銀人員,,,,倉管／物料管理員,倉儲物流人員,理貨人員,生鮮處理人員,資材人員
全家,板橋高時薪225#打造你想要的協槓人生.提供完整教育訓練.全家餐飲集團BBQ韓式炸雞.真摯招募餐飲服務兼職人員-ua10,餐飲服務人員,,,,,調酒師／吧台人員,門市／店員／專櫃人員,冷熱飲調製人員,飯店／旅館服務人員,侍酒師
全家,系統維運專員 ( 全家便利商店百分百投資企業 ),MIS工程師,系統工程師,網路管理工程師,,,PLC／自動控制工程師,水電工程師,電子設備維修人員,工業設計,消防專業人員
全家,網路工程師【全家便利商店關係企業】,網路管理工程師,資安工程師,,,,建築繪圖／設計,水電工程師,軟體工程師,嵌入式工程師,室內設計助理
全家,資料科學家(AI工程師)-AI系統二team【全家便利商店關係企業】,數據分析師／資料分析師,AI工程師,,,,資料庫管理人員,工業設計,平面設計,PLC／自動控制工程師,建築繪圖／設計
全家,🎯全家🎯物流士(歡迎外縣市人才),外務／快遞／送貨,倉儲物流人員,大貨車司機,,,門市／店員／專櫃人員,售票／收銀人員,資材人員,資材主管,遊樂景點工作人員
全家,📍220H捷運行天宮站#火熱職缺.晉升餐飲經驗.超值教育訓練.全家集團日式定食料理.招募餐飲服務兼職人員-cu4,餐飲服務人員,餐廚助手,,,,調酒師／吧台人員,冷熱飲調製人員,門市／店員／專櫃人員,飯店／旅館服務人員,侍酒師
全家,📣📣📣新北市全家居家誠徵【居服員】,照顧服務／指導員,,,,,房務人員,休閒娛樂事業從業人員,售票／收銀人員,遊樂景點工作人員,客服主管
全球最大數位,"⍟ 徵韓文菁英＜美商-全球最大數位集團＞月薪40,000起【中/英/韓文字客服】✓純日班 ✓完整培訓+多項免費進修課程 ✓外商氛圍(無經驗可) BIS_204",客服人員,,,,,資材人員,倉管／物料管理員,生管／助理,倉儲物流人員,國外業務人員
全球研發中心,【全球研發中心】IE資深工程師,工業工程師,生產線工程師,,,,材料研發人員,特用化學工程師,材料分析員,電子工程師,BIOS工程師
全球研發中心,【全球研發中心】廠務高級工程師(需輪班),廠務,生產設備工程師,水電工程師,,,BIOS工程師,特用化學工程師,紡織化學工程師,微生物分析師,軟／韌體測試工程師
全球研發中心,【全球研發中心】生管工程師,生管／助理,,,,,實驗／化驗人員,材料分析員,特用化學工程師,電子工程師,材料研發人員
全球研發中心,【全球研發中心】研發人員/資深研發,食品研發人員,,,,,材料分析員,實驗／化驗人員,汽車研發人員,微生物分析師,特用化學工程師
全球研發中心,【全球研發中心】食安經理,品管／品保主管,,,,,實驗／化驗人員,食品研發人員,食品衛生管理師,電子工程師,食品檢驗人員
全聯X善美的,【全聯X善美的】五股DC廠-工務專員,工務助理,廠務,,,,客服工程師,生管／助理,報關人員,軟體助理工程師,國貿人員
全聯X善美的,【全聯X善美的】岡山PC廠-工務專員,電機維修人員,冷凍空調技術人員／安裝員,電信／通訊系統工程師,,,客服工程師,軟體助理工程師,國貿人員,報關人員,生管／助理
全聯X善美的,【全聯X善美的】工務專員-潭子DC廠,工務工管人員,廠務助理,,,,機械設計／繪圖人員,冷凍空調繪圖／設計,CAD／CAM工程師,軟體助理工程師,客服工程師
全聯X善美的,【全聯X善美的】衛生管理員-岡山PC廠,品管人員,檢驗人員,公共衛生人員,,,職業安全衛生管理人員,水電工,領班／管理幹部,生管主管,勞工健康服務護理人員／廠護
全聯Ｘ善美的,【全聯Ｘ善美的】五股PC廠_作業員(日班),生鮮處理人員,,,,,包裝員／作業員,CNC車床人員,倉管／物料管理員,重機械操作人員,塑膠押出技術人員
兩儀數位台中店,門市業務助理【兩儀數位台中店】30000~68000元起，薪資和福利優於行情，全省實體門市。,國內業務人員,客服人員,門市／店員／專櫃人員,,,業務助理,秘書,電腦操作／資料輸入,國貿助理,財務／會計助理
兩儀數位新竹店,門市業務助理【兩儀數位新竹店】30000~68000元起，薪資和福利優於行情，全省實體門市。,國內業務人員,客服人員,門市／店員／專櫃人員,,,業務助理,秘書,電腦操作／資料輸入,國貿助理,財務／會計助理
兩年以上,櫃台掛號人員(具相關經驗兩年以上，薪33000~50000起，週休二日，見紅休),總機／接待／櫃檯人員,診所助理,,,,神秘客,資材人員,鍋爐相關人員,空服人員,房務人員
八德介壽店,【中信房屋】【八德介壽店】清潔人員,清潔／資源回收人員,,,,,房務人員,門市／店員／專櫃人員,飯店／旅館服務人員,調酒師／吧台人員,冷熱飲調製人員
八德介壽店,【中信房屋】不動產經紀人員【八德介壽店】,不動產經紀人／營業員,,,,,餐飲主管,店長／門市管理人員,門市／店員／專櫃人員,儲備幹部,飯店／旅館主管
八德介壽店,【兼職】摩斯八德介壽店(306mos),餐飲服務人員,,,,,飯店／旅館服務人員,門市／店員／專櫃人員,調酒師／吧台人員,侍酒師,冷熱飲調製人員
八德會館,"SPA紓壓芳療師【八德會館】無經驗完整職前培訓、高薪免call客無業績、快樂工作氣氛、保障薪資$42,000 （月薪+獎金）",美容師,美療師／芳療師,推拿／按摩師,,,國外業務人員,客服主管,國內業務人員,神秘客,PLC／自動控制工程師
八德會館,"SPA資深芳療師【八德會館】高薪酬獎金、免call客無業績、集團優渥制度、保障薪資$42,000 （月薪+獎金）",美容師,美療師／芳療師,推拿／按摩師,,,資材人員,PLC／自動控制工程師,神秘客,國外業務人員,工業設計
八德會館,台北泰晶殿八德會館_早班行政櫃檯,電訪人員,門市／店員／專櫃人員,售票／收銀人員,,,行政人員,電腦操作／資料輸入,秘書,財務／會計助理,總務人員
八方雲集,八方雲集急徵全職服務人員,餐飲服務人員,餐廚助手,,,,客服人員,電話客服人員,房務人員,資材人員,客服主管
八方雲集,八方雲集林森店全職服務人員,餐飲服務人員,餐廚助手,,,,門市／店員／專櫃人員,電話客服人員,客服人員,資材人員,房務人員
八方雲集,八方雲集竹北縣政二店 兼職,餐飲服務人員,工讀生,,,,餐廚助手,門市／店員／專櫃人員,業務助理,電話客服人員,行政助理
八方雲集,徵儲備幹部-八方雲集(淡水沙崙店)~請直接電話約面試,儲備幹部,餐飲主管,餐飲服務人員,,,餐廚助手,調酒師／吧台人員,其他料理廚師,西式廚師,品管／品保主管
八鍋聯軍百元湯鍋,【八鍋聯軍百元湯鍋】早班/晚班工讀生,工讀生,餐飲服務人員,餐廚助手,,,飯店／旅館服務人員,門市／店員／專櫃人員,售票／收銀人員,調酒師／吧台人員,休閒娛樂事業從業人員
八鍋聯軍百元湯鍋,【八鍋聯軍百元湯鍋】早班兼職人員 (每日4小時),餐飲服務人員,餐廚助手,生鮮處理人員,,,飯店／旅館服務人員,門市／店員／專櫃人員,調酒師／吧台人員,售票／收銀人員,侍酒師
八鍋聯軍百元湯鍋,【八鍋聯軍百元湯鍋】晚班兼職人員 (每日5.5小時),餐飲服務人員,餐廚助手,生鮮處理人員,,,飯店／旅館服務人員,門市／店員／專櫃人員,調酒師／吧台人員,售票／收銀人員,侍酒師
八鍋聯軍百元湯鍋,【八鍋聯軍百元湯鍋】正職夥伴,餐廚助手,餐飲服務人員,生鮮處理人員,,,調酒師／吧台人員,侍酒師,門市／店員／專櫃人員,飯店／旅館服務人員,售票／收銀人員
六扇門-中山農安店,【六扇門-中山農安店】儲備幹部,餐飲服務人員,,,,,餐飲主管,調酒師／吧台人員,品管／品保主管,冷熱飲調製人員,店長／門市管理人員
六扇門-台中東興店,【六扇門-台中東興店】儲備幹部,餐飲服務人員,,,,,調酒師／吧台人員,餐飲主管,侍酒師,冷熱飲調製人員,品管／品保主管
六扇門-台中漢口店,【六扇門-台中漢口店】儲備幹部,餐飲服務人員,,,,,調酒師／吧台人員,餐飲主管,侍酒師,冷熱飲調製人員,品管／品保主管
六扇門-台中高工店,【六扇門-台中高工店】儲備幹部,餐飲服務人員,,,,,調酒師／吧台人員,餐飲主管,侍酒師,冷熱飲調製人員,品管／品保主管
冠羿驗證股份,冠羿驗證股份有限公司誠徵早晚班駐衛警人員,保全人員／警衛,,,,,神秘客,PLC／自動控制工程師,工業設計,房務人員,資材人員
冠軍門市,【冠軍門市】不動產營業員★成交高獎金+團隊獎金★學程獎金★591廣告補助★2百坪辦公空間★超優質培訓,不動產經紀人／營業員,國內業務人員,,,,資材人員,業務助理,客服主管,門市／店員／專櫃人員,國貿助理
冠辰,【冠辰】百萬銷售人員就是你🏠️,不動產經紀人／營業員,土地開發人員,,,,國內業務人員,門市／店員／專櫃人員,儲備幹部,行銷企劃人員,產品經理
冠辰,【冠辰】百萬開發人員就是你🏠️,不動產經紀人／營業員,土地開發人員,,,,化學／化工工程師,產品企劃人員,材料研發人員,產品管理師,零組件工程師
冠龍外勞,冠龍外勞集團【印尼翻譯人員】無經驗可,人力／外勞仲介,印尼翻譯／口譯人員,,,,泰文翻譯／口譯人員,韓文翻譯／口譯人員,西班牙文翻譯／口譯人員,倉儲物流人員,德文翻譯／口譯人員
凱驛莎婚紗,【凱驛莎婚紗】禮服修改師 (月薪3萬起!),車縫人員,紡織工務,,,,服裝設計,婚禮企劃人員,禮儀師,外務／快遞／送貨,燈光技術人員
分享家食品股份,分享家食品股份有限公司 作業員,包裝員／作業員,,,,,資材人員,門市／店員／專櫃人員,資材主管,售票／收銀人員,倉管／物料管理員
初原麵場,【初原麵場】正職/儲備幹部 (三峽),餐飲服務人員,餐廚助手,日式廚師,,,調酒師／吧台人員,品管／品保主管,店長／門市管理人員,冷熱飲調製人員,餐飲主管
初物鐵板燒&鍋物,廚助【初物鐵板燒&鍋物】,餐廚助手,,,,,門市／店員／專櫃人員,藥師助理,飯店／旅館服務人員,調酒師／吧台人員,侍酒師
初物鐵板燒&鍋物,餐飲服務員【初物鐵板燒&鍋物】,餐飲服務人員,,,,,調酒師／吧台人員,飯店／旅館服務人員,侍酒師,冷熱飲調製人員,門市／店員／專櫃人員
創Q Space,【創Q Space】3C／生活選物銷售顧問｜新莊宏匯｜月薪35K–40K＋業績獎金,門市／店員／專櫃人員,總機／接待／櫃檯人員,,,,國內業務人員,廣告AE,醫藥業務代表,國外業務人員,國外業務主管
創世紀,【創世紀】AI架構師,AI工程師,系統工程師,,,,金屬建材架構人員,機構工程師,結構技師／工程師,水電工程師,BIOS工程師
劍湖山主題樂園,工務部技術員【劍湖山主題樂園】,工務工管人員,,,,,設備工程主管,電機工程主管,水電工程師,電機設備裝配員,PLC／自動控制工程師
力麗日月潭-哲園會館,早餐廚師PT【力麗日月潭-哲園會館】,中式廚師,,,,,調酒師／吧台人員,冷熱飲調製人員,西式廚師,侍酒師,洗碗人員
力麗日月潭-哲園會館,早餐廚師【力麗日月潭-哲園會館】,中式廚師,其他料理廚師,,,,調酒師／吧台人員,冷熱飲調製人員,西式廚師,侍酒師,洗碗人員
力麗日月潭-哲園會館,行銷企劃主任【力麗日月潭-哲園會館】,飯店／旅館服務人員,飯店／旅館櫃檯人員,,,,廣告／行銷企劃主管,產品企劃主管,行銷企劃人員,國內業務主管,公關企劃人員
力麗日月潭-哲園會館,行銷企劃專員【力麗日月潭-哲園會館】,飯店／旅館服務人員,飯店／旅館櫃檯人員,,,,行銷企劃人員,活動企劃人員,行銷企劃助理,傳播媒體編輯企劃,秘書
加入鍋董,"🌊 H4-🚀 加入鍋董集團(台股2317)！ 🌊 全球代工龍頭誠徵 【生管行政菁英】 ⚡️ 月入上看 38,000・週領OK・🔥 另有年終獎金、週休二日！",包裝員／作業員,,,,,資材人員,生管／助理,採購助理,業務助理,國貿助理
加入鍋董,"🌊H3-🚀 加入鍋董集團(台股2317)！🌊 全球代工龍頭誠徵【品保檢驗菁英】⚡️ 月入上看 38,000・週領OK・🔥 另有年終獎金、週休二日！",包裝員／作業員,,,,,智慧製程工程師,公路橋梁檢測人員,品管人員,電機技師／工程師,PLC／自動控制工程師
勝宏實業股份,桃園市大園區-勝宏實業股份有限公司-宿舍管理員-做一休一,保全人員／警衛,,,,,門市／店員／專櫃人員,售票／收銀人員,資材人員,調酒師／吧台人員,資材主管
北台北辦事處,三重區-夜班【北台北辦事處】,保全人員／警衛,,,,,資材人員,房務人員,售票／收銀人員,門市／店員／專櫃人員,資材主管
北村豆腐家,【北村豆腐家】台中中友店-廚務專員,餐廚助手,中式廚師,西式廚師,,,調酒師／吧台人員,飯店／旅館服務人員,門市／店員／專櫃人員,冷熱飲調製人員,侍酒師
北村豆腐家,【北村豆腐家】桃園統領店-廚務專員,餐廚助手,中式廚師,西式廚師,,,調酒師／吧台人員,門市／店員／專櫃人員,飯店／旅館服務人員,冷熱飲調製人員,侍酒師
北村豆腐家,【北村豆腐家】桃園經國店-廚務專員,餐廚助手,中式廚師,西式廚師,,,調酒師／吧台人員,飯店／旅館服務人員,門市／店員／專櫃人員,冷熱飲調製人員,侍酒師
北極星團隊,【北極星團隊】住商士林捷運店-店長培訓不動產業務新秀,不動產經紀人／營業員,,,,,國內業務人員,國外業務人員,業務助理,國貿助理,活動企劃人員
北極星團隊,【北極星團隊】住商士林捷運店-誠徵百萬業務人員#績優入股,不動產經紀人／營業員,,,,,國外業務人員,國貿人員,國貿助理,廣告AE,業務助理
北極星團隊,🔥 想翻轉收入？想挑戰高薪？這裡就是你的舞台！【北極星團隊–住商石牌商城加盟店】誠徵百萬業務人員,不動產經紀人／營業員,,,,,國外業務人員,國內業務人員,廣告AE,國貿人員,票務人員／旅行社人員
北港家樂福,急徵極速剪髮【北港家樂福】剪髮師,髮型設計師,,,,,剪輯師,服裝設計,油漆工,木工,智慧製程工程師
北車微風店,【北車微風店】兼職服務員-歡迎親洽,加盟／招商人員,,,,,飯店／旅館服務人員,冷熱飲調製人員,調酒師／吧台人員,門市／店員／專櫃人員,外送人員
北車誠品店,【北車誠品店】兼職服務員,餐飲服務人員,,,,,飯店／旅館服務人員,調酒師／吧台人員,冷熱飲調製人員,門市／店員／專櫃人員,侍酒師
北車誠品店,【北車誠品店】服務員/訓練員/儲備幹部★好缺正在等你★,餐飲服務人員,,,,,調酒師／吧台人員,品管／品保主管,店長／門市管理人員,儲備幹部,餐飲主管
匯昇,【匯昇】引擎技師（匯昇五股廠）,汽車引擎技術人員,汽車維修人員,,,,汽車檢驗員,電機技師／工程師,電機設備裝配員,CNC車床人員,模具技術人員
匯昇,【匯昇】引擎技師（匯昇大中廠）,汽車引擎技術人員,汽車維修人員,,,,汽車檢驗員,電機技師／工程師,CNC車床人員,電機設備裝配員,技術人員
匯昇,【匯昇】引擎技師（匯昇民族廠）,汽車引擎技術人員,汽車維修人員,,,,汽車檢驗員,電機技師／工程師,電機設備裝配員,塑膠押出技術人員,模具技術人員
匯昇,【匯昇】業務代表（匯昇五股所）,汽車銷售人員,國內業務人員,,,,國貿助理,業務助理,秘書,國貿人員,採購助理
匯昇,【匯昇】業務代表（匯昇大中所）,汽車銷售人員,,,,,國貿助理,業務助理,秘書,國貿人員,採購助理
匯昇,【匯昇】業務代表（匯昇小港所）,汽車銷售人員,,,,,國貿助理,業務助理,秘書,採購助理,國貿人員
匯昇,【匯昇】業務代表（匯昇民族所）,汽車銷售人員,,,,,國貿助理,業務助理,秘書,國貿人員,採購助理
千壹方,【千壹方】器皿清潔人員,洗碗人員,,,,,房務人員,木工,資材人員,智慧製程工程師,水電工
協發行國際食品,電商行銷專員【協發行國際食品有限公司】,電商行銷,社群經營人員,網站企劃人員,,,商化人員,行銷企劃人員,國內業務人員,廣告設計,產品企劃人員
協進會館,國中生物、理化老師【協進會館】,升學補習班老師,數理補習班老師,,,,生鮮處理人員,資材人員,倉管／物料管理員,藥師,倉儲物流人員
協進會館,專職英語老師[協進會館],語文補習班老師,,,,,幼教老師,資材人員,補習班導師,調酒師／吧台人員,冷熱飲調製人員
協進會館,游泳池工作人員【協進會館】,游泳教練,救生員,,,,飯店／旅館服務人員,售票／收銀人員,遊樂景點工作人員,門市／店員／專櫃人員,休閒娛樂事業從業人員
南京微風,CONI美容顧問【南京微風】專櫃 保障薪資32000~36000,門市／店員／專櫃人員,,,,,水電工程師,神秘客,消防專業人員,ISO品保人員,客服主管
南區－瑞穗,【南區－瑞穗】居家服務員,照顧服務／指導員,,,,,房務人員,居家服務督導員,神秘客,空服人員,電話客服人員
南崁近好市多,▶急徵◀【南崁近好市多】科技廠日班清潔人員07:00～16:00,清潔／資源回收人員,,,,,包裝員／作業員,汽車檢驗員,CNC車床人員,檢驗人員,技術人員
南投秋山農場,【南投秋山農場】工地主任,室內設計師,建築繪圖／設計,工務工管人員,,,調酒師／吧台人員,店長／門市管理人員,冷熱飲調製人員,品管／品保主管,售票／收銀人員
南投秋山農場,【南投秋山農場】櫃檯客服人員,餐飲服務人員,門市／店員／專櫃人員,飯店／旅館櫃檯人員,,,文字客服,電腦操作／資料輸入,行政人員,活動企劃人員,國貿人員
南港LALAPORT,﹝FUJI按摩椅﹞業務專員(南港LALAPORT),門市／店員／專櫃人員,儲備幹部,,,,國貿人員,國外業務人員,國貿助理,業務助理,採購助理
南港LaLaport,"Preserve南港LaLaport門市/外場正職領班/月薪42,000-47,000元/月業績達標獎金及業績考核獎金另計/Miacucina連鎖餐飲",餐飲服務人員,餐飲領班,,,,儲備幹部,資材人員,調酒師／吧台人員,客服人員,電話客服人員
南港Lalaport,南港Lalaport-漢來上海湯包 驗收專員,採購助理,倉管／物料管理員,採購人員,,,品管人員,檢驗人員,原料檢驗人員,包裝員／作業員,汽車檢驗員
南港Lalaport店,【兼職】摩斯南港Lalaport店(mos411),餐飲服務人員,,,,,調酒師／吧台人員,外送人員,冷熱飲調製人員,門市／店員／專櫃人員,侍酒師
南港Lalaport店,藥妝兼職管理藥師【南港Lalaport店】獎金另計/彈性排班/櫃檯服務/日韓系藥妝/用藥諮詢,藥師,,,,,飯店／旅館櫃檯人員,專任管理員,軟體相關管理師,資料庫管理人員,電腦補習班老師
南港中信店,【時薪222~310】南港中信店【涮乃葉】日式火鍋 -兼職人員及大專院校實習生,日式廚師,,,,,工讀生,飯店／旅館服務人員,調酒師／吧台人員,門市／店員／專櫃人員,侍酒師
南港中信店,髮型設計師(南港中信店),髮型設計師,美髮講師／技導,整體造型師,,,工業設計,平面設計,水電工程師,建築繪圖／設計,服裝設計
南港環球店,【兼職】摩斯南港環球店(408mos),餐飲服務人員,,,,,調酒師／吧台人員,外送人員,冷熱飲調製人員,門市／店員／專櫃人員,侍酒師
南港環球店,【南港環球店】兼職服務員-歡迎親洽,餐飲服務人員,,,,,飯店／旅館服務人員,冷熱飲調製人員,調酒師／吧台人員,門市／店員／專櫃人員,外送人員
南港環球店,【南港環球店】服務員/訓練員｜無經驗可｜快速晉升,餐飲服務人員,,,,,調酒師／吧台人員,門市／店員／專櫃人員,冷熱飲調製人員,智慧製程工程師,售票／收銀人員
南科台積電,正職非約聘-廠區營建施工人員(南科台積電),技術人員,營建雜工／粗工,營建工程人員,,,智慧製程工程師,電機技師／工程師,電機設備裝配員,PLC／自動控制工程師,水電工
南科台積電,氣體系統管理服務工程師TCGM (南科台積電tsmc),機械工程師,技術人員,產品設備維修人員,,,IC設計工程師,軟體工程師,嵌入式工程師,系統工程師,冷凍空調繪圖／設計
南紡店,台南南紡店｜全職｜夜班餐飲服務員,餐飲服務人員,餐廚助手,,,,調酒師／吧台人員,冷熱飲調製人員,門市／店員／專櫃人員,飯店／旅館服務人員,侍酒師
南紡店,藝奇台南南紡店-廚藝助理,餐廚助手,餐飲服務人員,生鮮處理人員,,,電腦操作／資料輸入,門市／店員／專櫃人員,財務／會計助理,秘書,業務助理
南紡購物中心,CONI美容顧問【南紡購物中心】專櫃 保障薪資29500~36000,門市／店員／專櫃人員,,,,,客服主管,房務人員,水電工程師,神秘客,休閒娛樂事業從業人員
南紡購物中心,【兼職】台南南紡購物中心_顧客服務專員 Customer Advisor-R00000004166247,門市／店員／專櫃人員,,,,,文字客服,國貿人員,國貿助理,檔案資料管理人員,採購助理
南紡購物中心,【最高280元!】黑毛屋鍋物 南紡購物中心-計時社員,餐飲服務人員,,,,,飯店／旅館服務人員,侍酒師,調酒師／吧台人員,冷熱飲調製人員,門市／店員／專櫃人員
南紡購物中心,【正職】台南南紡購物中心_顧客服務專員 Customer Advisor-R00000004166174,門市／店員／專櫃人員,,,,,文字客服,國貿人員,國外業務人員,國貿助理,客服人員
南紡購物中心,中區營業部-家電銷售顧問(台南南紡購物中心-SHARP品牌專售人員),門市／店員／專櫃人員,店長／門市管理人員,售票／收銀人員,,,國內業務主管,產品經理,國內業務人員,產品企劃主管,國外業務主管
南紡購物中心,台南南紡購物中心-漢來上海湯包 儲備幹部,餐飲服務人員,餐飲主管,,,,品管／品保主管,儲備幹部,資材主管,智慧製程工程師,調酒師／吧台人員
南紡購物中心,台南南紡購物中心-漢來上海湯包 副主任,餐飲服務人員,餐飲主管,,,,資材主管,品管／品保主管,資材人員,調酒師／吧台人員,智慧製程工程師
南紡購物中心,台南南紡購物中心-漢來上海湯包 平日/假日 工讀生 PT,餐飲服務人員,,,,,調酒師／吧台人員,房務人員,冷熱飲調製人員,生鮮處理人員,資材人員
南紡購物中心,台南南紡購物中心-漢來上海湯包 領班,餐飲服務人員,餐飲主管,,,,木工,房務人員,智慧製程工程師,CNC車床人員,保母／托育人員
南紡購物中心,台南南紡購物中心-漢來海港自助餐廳 儲備幹部,餐飲服務人員,,,,,餐飲主管,調酒師／吧台人員,侍酒師,店長／門市管理人員,門市／店員／專櫃人員
南紡購物中心,台南南紡購物中心-漢來海港自助餐廳 平日中班工讀生 PT,餐飲服務人員,,,,,飯店／旅館服務人員,調酒師／吧台人員,冷熱飲調製人員,門市／店員／專櫃人員,侍酒師
南紡購物中心,台南南紡購物中心-漢來海港自助餐廳 平日早班工讀生 PT,餐飲服務人員,,,,,飯店／旅館服務人員,調酒師／吧台人員,侍酒師,冷熱飲調製人員,門市／店員／專櫃人員
南紡購物中心,台南南紡購物中心-漢來海港自助餐廳 平日晚班工讀生 PT,餐飲服務人員,,,,,飯店／旅館服務人員,調酒師／吧台人員,冷熱飲調製人員,侍酒師,門市／店員／專櫃人員
南紡購物中心,台南南紡購物中心-漢來海港自助餐廳 領班,餐飲服務人員,,,,,調酒師／吧台人員,飯店／旅館服務人員,侍酒師,冷熱飲調製人員,門市／店員／專櫃人員
南紡購物中心,台南南紡購物中心-漢來海港自助餐廳廚房 助廚/早班 長期工讀生 PT,餐廚助手,,,,,調酒師／吧台人員,飯店／旅館服務人員,冷熱飲調製人員,侍酒師,門市／店員／專櫃人員
南紡購物中心,台南南紡購物中心-漢來海港自助餐廳廚房 助廚/晚班 長期工讀生 PT,餐廚助手,,,,,調酒師／吧台人員,飯店／旅館服務人員,冷熱飲調製人員,門市／店員／專櫃人員,侍酒師
南紡購物中心,台南南紡購物中心-漢來海港自助餐廳廚房(點心) 早班/晚班 長期工讀生 PT,餐廚助手,,,,,飯店／旅館服務人員,調酒師／吧台人員,侍酒師,冷熱飲調製人員,門市／店員／專櫃人員
南紡購物中心,台南南紡購物中心-漢來蔬食 長期工讀生 PT,餐飲服務人員,,,,,冷熱飲調製人員,調酒師／吧台人員,門市／店員／專櫃人員,工讀生,飯店／旅館服務人員
南紡購物中心,台南南紡購物中心-漢來蔬食廚房 長期工讀生 PT,餐廚助手,,,,,調酒師／吧台人員,冷熱飲調製人員,房務人員,門市／店員／專櫃人員,飯店／旅館服務人員
南西店,(女子spa館)美容師-(中山區南西店),美容師,美療師／芳療師,,,,門市／店員／專櫃人員,飯店／旅館服務人員,休閒娛樂事業從業人員,遊樂景點工作人員,調酒師／吧台人員
南西店,北區營業部-家電銷售顧問(台北新光三越南西店),門市／店員／專櫃人員,店長／門市管理人員,售票／收銀人員,,,國內業務主管,儲備幹部,國外業務主管,產品經理,國內業務人員
南西店,早班/晚班/假日/工讀 PT兼職餐飲外場服務人員(南西店),餐飲服務人員,,,,,調酒師／吧台人員,冷熱飲調製人員,門市／店員／專櫃人員,飯店／旅館服務人員,侍酒師
南西店,漾紅花鐵板燒-[鐵板燒廚師]  南西店,鐵板燒廚師,,,,,調酒師／吧台人員,冷熱飲調製人員,侍酒師,西式廚師,洗碗人員
博愛店,【博愛店】美容師/芳療師,美容師,美療師／芳療師,,,,調酒師／吧台人員,冷熱飲調製人員,門市／店員／專櫃人員,售票／收銀人員,飯店／旅館服務人員
博愛店,享溫馨KTV-博愛店 中班 櫃檯人員【享底薪+小費】,總機／接待／櫃檯人員,,,,,飯店／旅館櫃檯人員,飯店／旅館服務人員,冷熱飲調製人員,休閒娛樂事業從業人員,售票／收銀人員
博愛店,享溫馨KTV-博愛店 中班工讀 廚助(吧檯),餐廚助手,,,,,冷熱飲調製人員,藥師助理,調酒師／吧台人員,飯店／旅館服務人員,門市／店員／專櫃人員
博愛店,享溫馨KTV-博愛店 中班廚助(吧檯),餐廚助手,,,,,冷熱飲調製人員,藥師助理,調酒師／吧台人員,門市／店員／專櫃人員,售票／收銀人員
博愛店,享溫馨KTV-博愛店 早班 外場正職人員★｜保障底薪＋獎金分紅｜★,餐飲服務人員,,,,,調酒師／吧台人員,門市／店員／專櫃人員,冷熱飲調製人員,品管／品保主管,店長／門市管理人員
博愛店,享溫馨KTV-博愛店 晚班 外場正職人員★｜保障底薪＋獎金分紅｜★,餐飲服務人員,,,,,調酒師／吧台人員,門市／店員／專櫃人員,冷熱飲調製人員,品管／品保主管,店長／門市管理人員
博愛店,假日工讀生（博愛店）,餐飲服務人員,,,,,冷熱飲調製人員,調酒師／吧台人員,門市／店員／專櫃人員,飯店／旅館服務人員,工讀生
博愛店,業務設計師/助理設計師-博愛店(室內設計、系統櫃),國內業務人員,室內設計師,,,,國貿助理,秘書,業務助理,採購助理,行政人員
博愛店,正職理貨員_博愛店,門市／店員／專櫃人員,店長／門市管理人員,,,,倉管／物料管理員,生鮮處理人員,倉儲物流人員,理貨人員,包裝員／作業員
博愛店,活動促銷工讀生(World Gym高雄博愛店),工讀生,,,,,門市／店員／專櫃人員,活動企劃人員,行銷企劃人員,廣告設計,行銷企劃助理
博愛店,清潔人員(World Gym高雄博愛店),清潔／資源回收人員,工讀生,,,,洗碗人員,房務人員,冷熱飲調製人員,調酒師／吧台人員,門市／店員／專櫃人員
厝秘-崇德店,【厝秘-崇德店】餐廳外場櫃檯《入職月薪32K》,行政人員,餐飲服務人員,,,,飯店／旅館服務人員,調酒師／吧台人員,侍酒師,冷熱飲調製人員,咖啡師
厝秘-甘肅店,【厝秘-甘肅店】 平日外場計時服務人員,餐飲服務人員,,,,,調酒師／吧台人員,冷熱飲調製人員,侍酒師,飯店／旅館服務人員,門市／店員／專櫃人員
厝秘-甘肅店,【厝秘-甘肅店】 暑假外場兼職人員,餐飲服務人員,,,,,調酒師／吧台人員,冷熱飲調製人員,侍酒師,飯店／旅館服務人員,門市／店員／專櫃人員
厝秘-甘肅店,【厝秘-甘肅店】外場領班《入職月薪37K》,餐飲領班,餐飲服務人員,飯店／旅館主管,,,調酒師／吧台人員,冷熱飲調製人員,侍酒師,咖啡師,飯店／旅館服務人員
厝秘-甘肅店,【厝秘-甘肅店】店副理,餐飲主管,,,,,調酒師／吧台人員,門市／店員／專櫃人員,冷熱飲調製人員,侍酒師,電腦操作／資料輸入
友翔戶外,帳蓬組裝人員【友翔戶外】 露營設備/活動搭建/策劃佈置(近桃園市),學徒,搬運人員,休閒娛樂事業從業人員,遊樂景點工作人員,技術人員,活動企劃人員,生管／助理,資材人員,國貿人員,資料庫管理人員
古拉爵,【古拉爵】【涮乃葉】【洋食芳鄰】-台中 央廚 (計時) 生產製造人員,工讀生,,,,,包裝員／作業員,沖床人員,智慧製程工程師,電機技師／工程師,CNC車床人員
古拉爵,【古拉爵】【涮乃葉】【洋食芳鄰】台中地區-(計時)物流理貨包裝人員,工讀生,,,,,倉管／物料管理員,倉儲物流人員,包裝員／作業員,生鮮處理人員,理貨人員
古拉爵,【古拉爵】【涮乃葉】【洋食芳鄰】台北地區-(計時)物流理貨包裝人員,工讀生,,,,,倉管／物料管理員,理貨人員,倉儲物流人員,包裝員／作業員,生鮮處理人員
只想洗髮中山店,【只想洗髮中山店 】兼職設計師,髮型設計師,美髮助理,,,,洗碗人員,外送人員,調酒師／吧台人員,冷熱飲調製人員,餐廚助手
只想洗髮中山店,【只想洗髮中山店 】設計師,美髮助理,髮型設計師,,,,洗碗人員,調酒師／吧台人員,餐廚助手,冷熱飲調製人員,外送人員
只想洗髮信義店,【只想洗髮信義店 】兼職設計師,髮型設計師,美髮助理,,,,洗碗人員,調酒師／吧台人員,外送人員,冷熱飲調製人員,工讀生
只想洗髮信義店,【只想洗髮信義店 】設計師,美髮助理,髮型設計師,,,,洗碗人員,調酒師／吧台人員,冷熱飲調製人員,外送人員,工讀生
只想洗髮士林店,【只想洗髮士林店 】兼職設計師,髮型設計師,美髮助理,,,,洗碗人員,調酒師／吧台人員,外送人員,冷熱飲調製人員,工讀生
只想洗髮士林店,【只想洗髮士林店 】設計師,美髮助理,髮型設計師,,,,洗碗人員,調酒師／吧台人員,冷熱飲調製人員,外送人員,餐廚助手
只想洗髮大有店,【只想洗髮大有店 】兼職設計師,髮型設計師,美髮助理,,,,洗碗人員,外送人員,調酒師／吧台人員,冷熱飲調製人員,工讀生
只想洗髮大有店,【只想洗髮大有店 】設計師,美髮助理,髮型設計師,,,,洗碗人員,調酒師／吧台人員,冷熱飲調製人員,外送人員,房務人員
只想洗髮汐止店,【只想洗髮汐止店 】兼職設計師,髮型設計師,美髮助理,,,,洗碗人員,外送人員,調酒師／吧台人員,冷熱飲調製人員,工讀生
只想洗髮汐止店,【只想洗髮汐止店 】設計師,美髮助理,髮型設計師,,,,洗碗人員,調酒師／吧台人員,冷熱飲調製人員,外送人員,工讀生
可享受,"全球知名有機專櫃品牌Origins ／月均薪50,000+／【保障14個月/引導員】雙北/新竹櫃點任選 可享受集團員工特惠及免費品!應屆畢業生可 AMR221",門市／店員／專櫃人員,門市／店員／專櫃人員,美容師,,,ISO品保人員,房務人員,PLC／自動控制工程師,水電工,木工
台中LALAPORT店,【北丸Kitamaru 台中LALAPORT店 】內場主管(薪資面議；具經驗者彈性調整崗位；一頭班),儲備幹部,店長／門市管理人員,門市／店員／專櫃人員,,,調酒師／吧台人員,品管／品保主管,餐飲服務人員,餐廚助手,餐飲主管
台中三井Lalaport店,【台中三井Lalaport店】外場早班計時人員,餐飲服務人員,工讀生,,,,調酒師／吧台人員,冷熱飲調製人員,侍酒師,飯店／旅館服務人員,門市／店員／專櫃人員
台中三井Outlet,〝時薪200元起〝金子半之助【台中三井Outlet】-早/晚/假日工讀,餐廚助手,餐飲服務人員,工讀生,,,藥師助理,門市／店員／專櫃人員,調酒師／吧台人員,冷熱飲調製人員,售票／收銀人員
台中三井湖濱,⭐挑戰高薪、實現夢想⭐金庸團隊歡迎您加入我們的行列！【台中三井湖濱】不動產經紀人/ 營業員,不動產經紀人／營業員,國內業務人員,,,,門市／店員／專櫃人員,儲備幹部,侍酒師,餐飲主管,店長／門市管理人員
台中三井湖濱,【台中三井湖濱】不動產經紀人/ 營業員,國內業務人員,不動產經紀人／營業員,,,,餐飲主管,店長／門市管理人員,門市／店員／專櫃人員,調酒師／吧台人員,侍酒師
台中三井湖濱,【台中三井湖濱】🌟無經驗可🌟不動產經紀人/ 營業員,國內業務人員,不動產經紀人／營業員,,,,門市／店員／專櫃人員,儲備幹部,餐飲主管,店長／門市管理人員,售票／收銀人員
台中中友店,髮型設計師(台中中友店),髮型設計師,美髮講師／技導,整體造型師,,,工業設計,平面設計,建築繪圖／設計,舞台搭設工程人員,水電工程師
台中公益店,【急徵】摩斯台中公益店(174mos),餐飲服務人員,,,,,調酒師／吧台人員,侍酒師,冷熱飲調製人員,門市／店員／專櫃人員,咖啡師
台中公益店,北澤壽喜燒(台中公益店)-服務假日計時人員,餐飲服務人員,餐廚助手,,,,調酒師／吧台人員,門市／店員／專櫃人員,飯店／旅館服務人員,侍酒師,冷熱飲調製人員
台中公益店,北澤壽喜燒(台中公益店)-服務早班計時人員,餐廚助手,餐飲服務人員,工讀生,,,調酒師／吧台人員,飯店／旅館服務人員,冷熱飲調製人員,門市／店員／專櫃人員,侍酒師
台中公益店,台中總公司VIVISPA美療師〈台中公益店〉,美療師／芳療師,美容助理,美容師,,,調酒師／吧台人員,侍酒師,飯店／旅館服務人員,冷熱飲調製人員,咖啡師
台中公益店,外場晚班工讀生-台中公益店,餐飲服務人員,,,,,飯店／旅館服務人員,冷熱飲調製人員,調酒師／吧台人員,門市／店員／專櫃人員,侍酒師
台中公益店,韓啵台中公益店【廚務PT招募】與美味共舞，與熱情相伴！,餐廚助手,,,,,調酒師／吧台人員,冷熱飲調製人員,侍酒師,門市／店員／專櫃人員,售票／收銀人員
台中公益店,韓啵台中公益店【廚務助理招募】與美味共舞，與熱情相伴！,餐廚助手,餐飲服務人員,,,,電腦操作／資料輸入,秘書,財務／會計助理,業務助理,行政人員
台中公益店,韓啵台中公益店【營運PT招募】與美味共舞，與熱情相伴！,餐飲服務人員,,,,,調酒師／吧台人員,侍酒師,門市／店員／專櫃人員,冷熱飲調製人員,餐飲主管
台中公益店,韓啵台中公益店【營運早班PT招募】與美味共舞，與熱情相伴！,餐飲服務人員,,,,,調酒師／吧台人員,侍酒師,門市／店員／專櫃人員,冷熱飲調製人員,餐飲主管
台中公益店,韓啵台中公益店【營運服務專員招募】與美味共舞，與熱情相伴！,餐飲服務人員,,,,,門市／店員／專櫃人員,調酒師／吧台人員,侍酒師,售票／收銀人員,店長／門市管理人員
台中北屯會館,"SPA紓壓芳療師【台中北屯會館】無經驗完整職前培訓、高薪免call客無業績、快樂工作氣氛、保障薪資$40,000 （月薪+獎金）",美容師,美療師／芳療師,推拿／按摩師,,,客服主管,神秘客,PLC／自動控制工程師,國內業務人員,國外業務人員
台中北屯會館,"SPA資深芳療師【台中北屯會館】高薪酬獎金、免call客無業績、集團優渥制度、保障薪資$42,000 （月薪+獎金）",美容師,美療師／芳療師,推拿／按摩師,,,資材人員,PLC／自動控制工程師,神秘客,工業設計,客服主管
台中台積電,【兼職】【急徵】摩斯台中台積電15B廠店(389mos),餐飲服務人員,,,,,調酒師／吧台人員,外送人員,冷熱飲調製人員,生管／助理,資材人員
台中台積電,【台中台積電】半導體設備工程師,半導體設備工程師,PLC／自動控制工程師,,,,數位IC設計工程師,舞台搭設工程人員,設備工程主管,建築繪圖／設計,嵌入式工程師
台中台積電,台中台積電6s清潔人員(交管、共工、監火、清潔),建築物清潔人員,,,,,房務人員,門市／店員／專櫃人員,售票／收銀人員,調酒師／吧台人員,資材人員
台中台積電,台中台積電工安人員,職業安全衛生管理人員,工廠安全衛生人員,,,,PLC／自動控制工程師,工業設計,水電工程師,電機技師／工程師,電機設備裝配員
台中台積電,台中台積電搬運人員,建築物清潔人員,清潔／資源回收人員,搬運人員,,,外務／快遞／送貨,理貨人員,資材人員,神秘客,外送人員
台中台積電,台中台積電粗工,建築物清潔人員,清潔／資源回收人員,搬運人員,,,調酒師／吧台人員,冷熱飲調製人員,門市／店員／專櫃人員,侍酒師,飯店／旅館服務人員
台中大墩會館,"SPA紓壓芳療師【台中大墩會館】無經驗完整職前培訓、高薪免call客無業績、快樂工作氣氛、保障薪資$40,000 （月薪+獎金）",美容師,美療師／芳療師,推拿／按摩師,,,客服主管,神秘客,國外業務人員,PLC／自動控制工程師,國內業務人員
台中大墩會館,"SPA資深芳療師【台中大墩會館】高薪酬獎金、免call客無業績、集團優渥制度、保障薪資$42,000 （月薪+獎金）",美容師,美療師／芳療師,推拿／按摩師,,,資材人員,PLC／自動控制工程師,神秘客,工業設計,客服主管
台中大墩會館,台中大墩會館-行政櫃檯,總機／接待／櫃檯人員,飯店／旅館服務人員,門市／店員／專櫃人員,,,行政人員,電腦操作／資料輸入,檔案資料管理人員,秘書,財務／會計助理
台中大甲日南門市,拉亞漢堡早午餐-假日長期兼職人員【台中大甲日南門市】,餐飲服務人員,餐廚助手,,,,調酒師／吧台人員,冷熱飲調製人員,飯店／旅館服務人員,門市／店員／專櫃人員,侍酒師
台中大遠百,CONI美容顧問【台中大遠百】專櫃 保障薪資29500~36000,門市／店員／專櫃人員,,,,,客服主管,神秘客,水電工程師,ISO品保人員,房務人員
台中大遠百,百貨日班清潔（台中大遠百）,清潔／資源回收人員,建築物清潔人員,,,,房務人員,調酒師／吧台人員,售票／收銀人員,門市／店員／專櫃人員,資材人員
台中大遠百,﹝FUJI按摩椅﹞業務專員(台中大遠百),門市／店員／專櫃人員,儲備幹部,,,,國外業務人員,國貿人員,國貿助理,業務助理,活動企劃人員
台中太平廠,行銷專員(社群小編)-【台中太平廠】,美編人員,數位行銷人員,,,,廣告設計,行銷企劃人員,資材人員,產品企劃主管,國貿人員
台中崇德店,(台中崇德店)斯朵利美甲徵美甲師/美甲助理 儲備幹部,美甲彩繪師,,,,,售票／收銀人員,美甲助理,資訊助理人員,特別助理,電腦操作／資料輸入
台中崇德店,Curves兼職運動健身教練/實習生(台中崇德店),運動教練,舞蹈健身老師,休閒娛樂事業從業人員,,,專任管理員,門市／店員／專櫃人員,調酒師／吧台人員,飯店／旅館服務人員,侍酒師
台中崇德店,Curves運動健身教練/儲備幹部(台中崇德店),休閒娛樂事業從業人員,運動教練,舞蹈健身老師,,,店長／門市管理人員,儲備幹部,品管／品保主管,餐飲主管,調酒師／吧台人員
台中崇德店,健身教練(World Gym台中崇德店),運動教練,才藝類老師,,,,調酒師／吧台人員,冷熱飲調製人員,侍酒師,門市／店員／專櫃人員,品管／品保主管
台中崇德店,健身諮詢專員(World Gym台中崇德店),國內業務人員,產品企劃人員,電話行銷人員,,,門市／店員／專櫃人員,神秘客,調酒師／吧台人員,售票／收銀人員,客服主管
台中崇德店,客服工讀生(World Gym台中崇德店),客服人員,門市／店員／專櫃人員,總機／接待／櫃檯人員,,,業務助理,資材人員,電腦操作／資料輸入,文字客服,秘書
台中崇德店,清潔人員(World Gym台中崇德店),清潔／資源回收人員,工讀生,,,,房務人員,調酒師／吧台人員,冷熱飲調製人員,門市／店員／專櫃人員,洗碗人員
台中嶺東店,《夜班》 麥味登 台中嶺東店 早午餐 晚餐 宵夜 正職人員 南屯區 早餐店 工作夥伴 煎台,餐廚助手,鐵板燒廚師,餐飲服務人員,,,調酒師／吧台人員,門市／店員／專櫃人員,冷熱飲調製人員,售票／收銀人員,侍酒師
台中嶺東店,台中嶺東店(五花馬水餃)-早班/晚班/假日班-餐飲工讀生,工讀生,餐飲服務人員,餐廚助手,,,調酒師／吧台人員,冷熱飲調製人員,飯店／旅館服務人員,門市／店員／專櫃人員,侍酒師
台中廣三SOGO,CONI美容顧問【台中廣三SOGO】專櫃 保障薪資29500~36000,門市／店員／專櫃人員,,,,,客服主管,神秘客,水電工程師,ISO品保人員,房務人員
台中廣三SOGO,【兼職】台中廣三SOGO百貨店_顧客服務專員 Customer Advisor-R00000004166271,門市／店員／專櫃人員,,,,,國貿助理,文字客服,業務助理,國貿人員,秘書
台中廣三SOGO,【正職】台中廣三SOGO百貨店_顧客服務專員 Customer Advisor-R00000004166198,門市／店員／專櫃人員,,,,,國貿助理,業務助理,文字客服,國貿人員,採購助理
台中廣三SOGO,台中廣三SOGO-漢來海港自助餐廳 卸餐員 工讀 PT,清潔／資源回收人員,,,,,調酒師／吧台人員,飯店／旅館服務人員,冷熱飲調製人員,門市／店員／專櫃人員,侍酒師
台中廣三SOGO,台中廣三SOGO-漢來海港自助餐廳 服務員,餐飲服務人員,,,,,調酒師／吧台人員,飯店／旅館服務人員,侍酒師,冷熱飲調製人員,門市／店員／專櫃人員
台中廣三SOGO,台中廣三SOGO-漢來海港自助餐廳 服務員 PT,餐飲服務人員,工讀生,,,,調酒師／吧台人員,飯店／旅館服務人員,冷熱飲調製人員,侍酒師,門市／店員／專櫃人員
台中廣三SOGO,台中廣三SOGO-漢來海港自助餐廳 領班,儲備幹部,,,,,調酒師／吧台人員,飯店／旅館服務人員,冷熱飲調製人員,侍酒師,門市／店員／專櫃人員
台中廣三SOGO,台中廣三SOGO-漢來海港自助餐廳廚房 A領班廚師/B領班廚師,西式廚師,,,,,調酒師／吧台人員,冷熱飲調製人員,侍酒師,飯店／旅館服務人員,餐飲主管
台中廣三SOGO,台中廣三SOGO-漢來海港自助餐廳廚房(點心) A廚師/B廚師,麵包師,西點蛋糕師,,,,調酒師／吧台人員,侍酒師,冷熱飲調製人員,門市／店員／專櫃人員,飯店／旅館服務人員
台中廣三SOGO,台中廣三SOGO-漢來海港自助餐廳廚房(點心) 助廚,麵包師,西點蛋糕師,,,,調酒師／吧台人員,門市／店員／專櫃人員,冷熱飲調製人員,侍酒師,飯店／旅館服務人員
台中廣三SOGO,台中廣三SOGO-漢來海港自助餐廳廚房(點心) 工讀 PT,餐廚助手,西點蛋糕師,,,,調酒師／吧台人員,飯店／旅館服務人員,侍酒師,冷熱飲調製人員,門市／店員／專櫃人員
台中廣三SOGO,台中廣三SOGO-漢來蔬食 副主任,餐飲服務人員,餐飲主管,,,,調酒師／吧台人員,品管／品保主管,冷熱飲調製人員,門市／店員／專櫃人員,售票／收銀人員
台中廣三SOGO,台中廣三SOGO-漢來蔬食 服務員,餐飲服務人員,,,,,調酒師／吧台人員,冷熱飲調製人員,門市／店員／專櫃人員,飯店／旅館服務人員,售票／收銀人員
台中廣三SOGO,台中廣三SOGO-漢來蔬食 領班,餐飲服務人員,餐飲領班,儲備幹部,,,調酒師／吧台人員,冷熱飲調製人員,木工,智慧製程工程師,水電工
台中廣三SOGO,台中廣三SOGO-漢來軒  副主任,餐飲主管,飯店／旅館主管,,,,調酒師／吧台人員,售票／收銀人員,冷熱飲調製人員,門市／店員／專櫃人員,侍酒師
台中廣三SOGO,台中廣三SOGO-漢來軒 兼職人員,餐飲服務人員,,,,,調酒師／吧台人員,飯店／旅館服務人員,冷熱飲調製人員,門市／店員／專櫃人員,外送人員
台中廣三SOGO,台中廣三SOGO-漢來軒 服務員,儲備幹部,餐飲服務人員,,,,調酒師／吧台人員,飯店／旅館服務人員,冷熱飲調製人員,門市／店員／專櫃人員,侍酒師
台中廣三SOGO,髮型設計師(台中廣三SOGO店),髮型設計師,美髮講師／技導,整體造型師,,,工業設計,平面設計,建築繪圖／設計,舞台搭設工程人員,水電工程師
台中成功店,"Q BURGER【台中成功店】月薪最高42,000 X儲備幹部一頭班X 歡迎轉職、新鮮人加入",餐飲服務人員,餐廚助手,中式廚師,,,調酒師／吧台人員,品管／品保主管,冷熱飲調製人員,西式廚師,侍酒師
台中文化店,"Q BURGER【台中文化店】月薪最高42,000 X儲備幹部一頭班X 歡迎轉職、新鮮人加入",餐飲服務人員,餐廚助手,中式廚師,,,調酒師／吧台人員,品管／品保主管,冷熱飲調製人員,西式廚師,侍酒師
台中文心秀泰店,☆3月全新開幕-台中文心秀泰店☆ ｜時薪最高230元｜大戶屋日本定食料理｜餐飲外場兼職｜彈性排班｜全家便利商店關係企業,工讀生,餐飲服務人員,餐廚助手,,,門市／店員／專櫃人員,調酒師／吧台人員,飯店／旅館服務人員,侍酒師,店長／門市管理人員
台中文心秀泰店,莫凡彼Café 儲備幹部-台中文心秀泰店【起薪36000~40000】,餐飲服務人員,餐廚助手,西式廚師,,,調酒師／吧台人員,餐飲主管,侍酒師,品管／品保主管,冷熱飲調製人員
台中新光三越店,A-Nini夏威夷輕食｜台中新光三越店｜早班外場兼職🙎,餐飲服務人員,,,,,調酒師／吧台人員,侍酒師,冷熱飲調製人員,飯店／旅館服務人員,門市／店員／專櫃人員
台中新光三越店,A-Nini夏威夷輕食｜台中新光三越店｜晚班外場兼職人員,餐飲服務人員,,,,,調酒師／吧台人員,冷熱飲調製人員,飯店／旅館服務人員,侍酒師,門市／店員／專櫃人員
台中新光三越店,"藥妝銷售管理藥師【台中新光三越店】年薪挑戰上看 NT$1,000,000（底薪＋津貼＋績效獎金）/日韓系藥妝/用藥諮詢/透明升遷制度",藥師,,,,,儲備幹部,產品經理,客服主管,產品企劃主管,ISO品保人員
台中新光店,"Miopane台中新光店／ 麵包三手/月薪36,400-40,400元起/月業績獎金及年度績效獎金另計",麵包師,,,,,資材人員,調酒師／吧台人員,業務助理,票務人員／旅行社人員,神秘客
台中新光店,韓國八色烤肉★台中新光店★-外場店副理【薪資48000起】!!,餐飲服務人員,餐飲主管,,,,調酒師／吧台人員,門市／店員／專櫃人員,冷熱飲調製人員,售票／收銀人員,侍酒師
台中新時代店,這一小鍋台中新時代店【餐飲職人招募】鍋物饗宴，共創美味,餐廚助手,餐飲服務人員,,,,侍酒師,調酒師／吧台人員,餐飲主管,飯店／旅館服務人員,門市／店員／專櫃人員
台中日蒔美學牙醫,【台中日蒔美學牙醫】數位矯正設計師,牙體技術人員,其他醫療從業人員,,,,平面設計,工業設計,數位IC設計工程師,建築繪圖／設計,PLC／自動控制工程師
台中最暖胃的所在,【台中最暖胃的所在】黑毛屋本家 台中市政店-領班/副店長 #一起把日常煮的不平凡,餐飲主管,餐飲領班,店長／門市管理人員,,,調酒師／吧台人員,門市／店員／專櫃人員,售票／收銀人員,冷熱飲調製人員,飯店／旅館服務人員
台中柏忕,【台中柏忕】客服專員,總機／接待／櫃檯人員,客服人員,,,,業務助理,國貿助理,文字客服,秘書,電腦操作／資料輸入
台中柏忕,【台中柏忕】護理師 (健康管理師) (無夜班/薪資高),護理師,,,,,休閒娛樂事業從業人員,獸醫／獸醫佐,售票／收銀人員,客服主管,資料庫管理人員
台中柏忕,【台中柏忕】醫事放射師(無夜班/薪資高),醫事放射師,,,,,動物醫事助理,醫事檢驗師,售票／收銀人員,休閒娛樂事業從業人員,獸醫／獸醫佐
台中樂業店,"Q BURGER【台中樂業店】月薪最高42,000 X儲備幹部一頭班X 歡迎轉職、新鮮人加入",餐飲服務人員,餐廚助手,中式廚師,,,調酒師／吧台人員,品管／品保主管,冷熱飲調製人員,西式廚師,侍酒師
台中洲際店,~幸福企業~【春香飯店】台中洲際店-外場儲備幹部,餐廚助手,餐飲服務人員,,,,調酒師／吧台人員,餐飲主管,侍酒師,冷熱飲調製人員,品管／品保主管
台中禾膳,禾馨醫療【台中禾膳】晚班廚助(通過試用期享有區域津貼)(月休8-10天),中式廚師,餐廚助手,西式廚師,,,門市／店員／專櫃人員,售票／收銀人員,藥師助理,調酒師／吧台人員,冷熱飲調製人員
台中精武店,台中東區太平區【台中精武店】徵美甲師 無經驗可(4個月培訓)美甲師.儲備主管******免費進修+透明升遷******,美甲彩繪師,,,,,電機工程主管,生管主管,智慧製程工程師,水電工,設備工程主管
台中精誠店,美髮設計師(台中精誠店),髮型設計師,美髮助理,整體造型師,,,平面設計,工業設計,建築繪圖／設計,室內設計助理,舞台搭設工程人員
台中美光,【美商_全球前三大半導體設備商】FSE 設備裝機工程師｜台中美光廠【保障13薪，百萬年薪】,半導體設備工程師,,,,,PLC／自動控制工程師,設備工程主管,電機技師／工程師,電機設備裝配員,水電工程師
台中美光,自動控制設備工程師【無經驗可】【台中美光】,光電／半導體工程助理,,,,,PLC／自動控制工程師,工業設計,機構工程師,水電工程師,電機設備裝配員
台中老虎城店,Massimo Dutti_Store Manager門市店副理(台中老虎城店),店長／門市管理人員,,,,,門市／店員／專櫃人員,調酒師／吧台人員,售票／收銀人員,冷熱飲調製人員,侍酒師
台中老虎城店,【急徵】摩斯台中老虎城店(120mos),餐飲服務人員,,,,,調酒師／吧台人員,門市／店員／專櫃人員,冷熱飲調製人員,侍酒師,飯店／旅館服務人員
台中豐原店,健身教練(World Gym台中豐原店),運動教練,才藝類老師,,,,調酒師／吧台人員,冷熱飲調製人員,侍酒師,門市／店員／專櫃人員,品管／品保主管
台中豐原店,健身諮詢專員(World Gym台中豐原店),國內業務人員,產品企劃人員,電話行銷人員,,,門市／店員／專櫃人員,神秘客,調酒師／吧台人員,售票／收銀人員,客服主管
台中豐原店,台中豐原店-驗光師(生),驗光師,,,,,調酒師／吧台人員,冷熱飲調製人員,侍酒師,門市／店員／專櫃人員,售票／收銀人員
台中豐原店,客服工讀生(零售)(World Gym台中豐原店),客服人員,門市／店員／專櫃人員,總機／接待／櫃檯人員,,,業務助理,售票／收銀人員,電腦操作／資料輸入,秘書,資材人員
台中豐原店,工讀生-台中豐原店,餐飲服務人員,,,,,飯店／旅館服務人員,門市／店員／專櫃人員,冷熱飲調製人員,調酒師／吧台人員,侍酒師
台中豐原店,清潔人員(World Gym台中豐原店),清潔／資源回收人員,工讀生,,,,房務人員,調酒師／吧台人員,冷熱飲調製人員,門市／店員／專櫃人員,洗碗人員
台中逢甲服務中心,全球知名3C品牌【台中逢甲服務中心】資深維修工程師/副站長│獎金多多│營運管理×技術管理_DE,產品設備維修人員,電器產品維修人員,,,,設備工程主管,PLC／自動控制工程師,水電工,冷凍空調技術人員／安裝員,水電工程師
台中飛興工業股份,作業員 （台中飛興工業股份有限公司）,機械加工技術人員,,,,,資材人員,倉管／物料管理員,生鮮處理人員,門市／店員／專櫃人員,倉儲物流人員
台中麗寶,櫃台服務員(台中麗寶)-月休10-12天,門市／店員／專櫃人員,電腦操作／資料輸入,採購人員,,,飯店／旅館服務人員,售票／收銀人員,房務人員,休閒娛樂事業從業人員,遊樂景點工作人員
台中麗寶,這一鍋台中麗寶殿【平假日廚務PT招募】邀請您成為宮廷御廚的一員！,餐廚助手,工讀生,,,,調酒師／吧台人員,侍酒師,冷熱飲調製人員,飯店／旅館服務人員,門市／店員／專櫃人員
台中麗寶,這一鍋台中麗寶殿【平假日營運PT招募】歡迎您與我們一起營造美味與歡樂！,餐飲服務人員,工讀生,,,,侍酒師,調酒師／吧台人員,餐飲主管,門市／店員／專櫃人員,飯店／旅館服務人員
台中麗寶,這一鍋台中麗寶殿【廚務助理招募】邀請您成為宮廷御廚的一員！,餐廚助手,中式廚師,,,,售票／收銀人員,門市／店員／專櫃人員,電腦操作／資料輸入,財務／會計助理,行政人員
台中麗寶店,【十二月餐飲連鎖事業-台中麗寶店】二廚/中工/獎金另計,中式廚師,其他料理廚師,,,,調酒師／吧台人員,門市／店員／專櫃人員,飯店／旅館服務人員,冷熱飲調製人員,餐飲主管
台中麗寶店,小紅花鐵板燒- [鐵板燒廚師主管]  台中麗寶店,鐵板燒廚師,,,,,餐飲主管,調酒師／吧台人員,品管／品保主管,侍酒師,店長／門市管理人員
台中麗寶店,小紅花鐵板燒-外場計時工讀/PT小隊長(台中麗寶店),工讀生,,,,,調酒師／吧台人員,侍酒師,冷熱飲調製人員,飯店／旅館服務人員,門市／店員／專櫃人員
台中麗寶店,小紅花鐵板燒-鐵板料理廚師(台中麗寶店),鐵板燒廚師,,,,,調酒師／吧台人員,冷熱飲調製人員,侍酒師,門市／店員／專櫃人員,西式廚師
台中麗寶店,燒肉同話台中麗寶店【燒肉饗宴平假日廚務PT招募】燃燒美味，一同打造燒肉饗宴！,餐廚助手,工讀生,,,,調酒師／吧台人員,侍酒師,冷熱飲調製人員,西式廚師,門市／店員／專櫃人員
台中麗寶店,燒肉同話台中麗寶店【燒肉饗宴廚務助理招募】燃燒美味，一同打造燒肉饗宴！,中式廚師,餐廚助手,,,,門市／店員／專櫃人員,調酒師／吧台人員,冷熱飲調製人員,侍酒師,電腦操作／資料輸入
台中麗寶店,莫凡彼(新品牌)海岸線美式海鮮主題餐廳-長期兼職【台中麗寶店】,餐廚助手,餐飲服務人員,,,,侍酒師,調酒師／吧台人員,飯店／旅館服務人員,冷熱飲調製人員,門市／店員／專櫃人員
台中麗寶店,這一小鍋台中麗寶店【平假日PT招募】鍋物饗宴，共創美味,餐飲服務人員,,,,,侍酒師,調酒師／吧台人員,餐飲主管,飯店／旅館服務人員,門市／店員／專櫃人員
台中龍井-中龍鋼鐵,【台中龍井-中龍鋼鐵】勞安衛/業務主管/管理人員(無經驗可),職業安全衛生管理人員,工地安全衛生工程師,工廠安全衛生人員,職業安全衛生管理師,,客服主管,國外業務主管,儲備幹部,資材人員,售票／收銀人員
台北101,Massimo Dutti_Deputy Manager門市店副理(台北101門市),店長／門市管理人員,,,,,調酒師／吧台人員,冷熱飲調製人員,門市／店員／專櫃人員,售票／收銀人員,侍酒師
台北101,Massimo Dutti門市銷售顧問_PT Sales Assistant (台北101門市),門市／店員／專櫃人員,,,,,媒體公關人員,行銷企劃助理,國貿助理,活動企劃人員,秘書
台北101,TOP經紀人-挑戰高薪–挑戰能力/台北101世貿店,不動產經紀人／營業員,國內業務人員,國內業務主管,通路開發人員,,品管／品保主管,資材主管,調酒師／吧台人員,營建雜工／粗工,飯店／旅館主管
台北101,ZARA_ Senior Sales Assistant資深門市銷售_台北101門市,店長／門市管理人員,門市／店員／專櫃人員,,,,行銷企劃助理,媒體公關人員,秘書,國貿助理,活動企劃人員
台北101,★業務菁英★/台北101世貿店,不動產經紀人／營業員,國內業務人員,國內業務主管,通路開發人員,,業務助理,國貿助理,國外業務人員,秘書,國貿人員
台北101,★轉職首選歡迎同業加入/台北101世貿店,不動產經紀人／營業員,國內業務人員,國內業務主管,通路開發人員,,門市／店員／專櫃人員,調酒師／吧台人員,資材人員,儲備幹部,房務人員
台北101,【信義區】學校清潔人員（靠近台北101、國父紀念館）,清潔／資源回收人員,,,,,教保員／保育員,工讀生,房務人員,特殊教育教師,幼教老師
台北101,【台北101｜國際地標職場】903 - 稽核人員,稽核人員,,,,,會計／出納／記帳人員,電腦操作／資料輸入,財務／會計助理,資材人員,秘書
台北101,【台北101｜國際地標職場】903 - 行政管理人員,銀行辦事人員,,,,,電腦操作／資料輸入,行政人員,秘書,財務／會計助理,總務人員
台北101,【台北101｜國際地標職場】909 - 洗錢防制專責人員,銀行辦事人員,,,,,洗碗人員,冷熱飲調製人員,調酒師／吧台人員,資材人員,房務人員
台北101,【台北101｜國際地標職場】910 - 作業科經辦人員,財務分析／財務人員,會計／出納／記帳人員,,,,國貿人員,資材人員,生管／助理,文字客服,報關人員
台北101,【台北101｜國際地標職場】910 - 信託作業經辦,行政人員,,,,,資材人員,資材主管,國貿人員,房務人員,金融營業人員
台北101,【台北101｜國際地標職場】910 - 信託業務人員,銀行辦事人員,代書／地政士,法務人員,,,國貿人員,國外業務人員,報關人員,廣告AE,空運／船務
台北101,【台北101｜國際地標職場】912 – 財富管理業務行政人員,銀行辦事人員,,,,,財務／會計助理,秘書,行政人員,會計／出納／記帳人員,國貿助理
台北101,【台北101｜國際地標職場】913 - 消費金融業務徵信人員,銀行辦事人員,,,,,國貿人員,國外業務人員,廣告AE,報關人員,國貿助理
台北101,【台北101｜國際地標職場】916 - 存款PM,行銷企劃人員,銀行辦事人員,,,,資材人員,生管／助理,倉管／物料管理員,倉儲物流人員,理貨人員
台北101,【台北101｜國際地標職場】922 - 市場風險管理人員(科主管),銀行辦事人員,金融研究人員,,,,儲備幹部,資材主管,產品經理,客服主管,店長／門市管理人員
台北101,【台北101｜國際地標職場】922 - 風險管理人員,銀行辦事人員,金融研究人員,,,,隨扈／安全人員,資材主管,金融營業人員,資材人員,水電工
台北101,【台北101｜國際地標職場】924 - 法人金融授信審查人員,銀行辦事人員,,,,,授權／授信／徵信人員,金融營業人員,金融研究人員,神秘客,查帳／審計人員
台北101,【台北101｜國際地標職場】926 - 產品經理助理-APM,銀行辦事人員,,,,,國貿助理,業務助理,秘書,採購助理,電腦操作／資料輸入
台北101,【台北101｜國際地標職場】926 - 聯貸及結構融資APM,銀行辦事人員,,,,,神秘客,結構技師／工程師,機構工程師,工業設計,資材人員
台北101,【台北101｜國際地標職場】926 - 聯貸及結構融資PM,銀行辦事人員,,,,,機構工程師,結構技師／工程師,神秘客,生管／助理,工業設計
台北101,【台北101｜國際地標職場】926 - 聯貸銀行管理暨產品結構設計助理,銀行辦事人員,,,,,設計助理,軟體助理工程師,冷凍空調繪圖／設計,室內設計助理,客服工程師
台北101,【台北101｜國際地標職場】951 - 債券產品經理,金融研究人員,承銷人員,,,,金融營業人員,產品經理,保險業務員／經紀人,資材主管,票務人員／旅行社人員
台北101,【台北101｜國際地標職場】951 - 債券銷售人員,承銷人員,金融研究人員,,,,行銷企劃人員,門市／店員／專櫃人員,金融營業人員,國內業務人員,廣告AE
台北101,【台北101｜國際地標職場】951 - 外匯交易員,金融研究人員,,,,,金融營業人員,資材人員,生管／助理,倉管／物料管理員,國貿人員
台北101,【台北101｜國際地標職場】951 - 股票交易員,理財專員,,,,,金融營業人員,資材人員,售票／收銀人員,券商後線人員,倉管／物料管理員
台北101,【台北101｜國際地標職場】983 - 資訊助理,銀行辦事人員,,,,,資訊助理人員,人事助理,生管／助理,攝影助理,行銷企劃助理
台北101,【台北101｜國際地標職場】法金 - 客戶關係助理ARM(大台北地區),銀行辦事人員,國內業務人員,,,,國貿助理,秘書,採購助理,業務助理,電腦操作／資料輸入
台北101,【台北101｜國際地標職場】法金 - 資深客戶關係維護經理(大台北地區),金融專業主管,,,,,國貿人員,文字客服,保險業務員／經紀人,國外業務人員,客服人員
台北101,【外商上市公司／台北101】HR Solution Specialist人資專員 (C&B Focus),人事／人力資源專員,人事助理,行政人員,,,神秘客,廣告設計,資材人員,人力／外勞仲介,金融營業人員
台北101,【專業培訓+升遷機會多】客語-電話客服專員｜ 公部門市政服務諮詢專線｜近台北101 ＜16C23＞,電話客服人員,,,,,客服主管,業務助理,秘書,國貿助理,電腦操作／資料輸入
台北101,【專業培訓+升遷機會多】電話客服專員｜公部門市政服務諮詢專線｜近台北101 ＜16C07＞,電話客服人員,,,,,客服主管,業務助理,秘書,國貿助理,電腦操作／資料輸入
台北101,不動產經紀人、營業員/台北101世貿店,不動產經紀人／營業員,國內業務人員,國內業務主管,通路開發人員,,店長／門市管理人員,餐飲主管,儲備幹部,門市／店員／專櫃人員,品管／品保主管
台北101,停車場管理員-台北101,管理員,,,,,加油服務,資材主管,旅遊休閒類主管,休閒娛樂事業從業人員,領班／管理幹部
台北101,台北101-停車場管理員,保全人員／警衛,管理員,,,,加油服務,資材主管,旅遊休閒類主管,休閒娛樂事業從業人員,領班／管理幹部
台北101,轉職首選(台北101世貿加盟店)歡迎挑戰高薪/台北101世貿店,不動產經紀人／營業員,國內業務人員,國內業務主管,通路開發人員,,調酒師／吧台人員,冷熱飲調製人員,洗碗人員,侍酒師,門市／店員／專櫃人員
台北101,📌台北101《外商人壽》KYC Team,財務／會計助理,行政人員,,,,門市／店員／專櫃人員,調酒師／吧台人員,金融營業人員,售票／收銀人員,外送人員
台北101店,健身諮詢專員(World Gym台北101店),國內業務人員,產品企劃人員,電話行銷人員,,,門市／店員／專櫃人員,神秘客,冷熱飲調製人員,調酒師／吧台人員,產品經理
台北101店,活動促銷工讀生(World Gym台北101店),工讀生,,,,,活動企劃人員,門市／店員／專櫃人員,行銷企劃人員,廣告設計,行銷企劃助理
台北101店,韓國八色烤肉★台北101店★-外場店副理【薪資48000起】!!,餐飲服務人員,餐飲主管,,,,調酒師／吧台人員,門市／店員／專櫃人員,冷熱飲調製人員,售票／收銀人員,電腦操作／資料輸入
台北101店,韓國八色烤肉★台北101店★-外場領班【薪資43000元起】持有餐飲證照再額外加給!!,飯店／旅館主管,餐飲主管,儲備幹部,,,調酒師／吧台人員,餐飲領班,冷熱飲調製人員,日式廚師,餐飲服務人員
台北京站,CONI美容顧問【台北京站】專櫃 保障薪資32000~36000,門市／店員／專櫃人員,,,,,水電工程師,神秘客,房務人員,客服主管,消防專業人員
台北京站,台北京站店｜45K｜夜班餐飲服務員,餐飲服務人員,餐廚助手,,,,調酒師／吧台人員,冷熱飲調製人員,門市／店員／專櫃人員,飯店／旅館服務人員,售票／收銀人員
台北信義A19,辛殿麻辣鍋外場服務人員日/晚班[台北信義A19],餐飲服務人員,,,,,飯店／旅館服務人員,調酒師／吧台人員,冷熱飲調製人員,門市／店員／專櫃人員,侍酒師
台北內湖區 漢來物管,【台北內湖區 漢來物管】廠辦菁英安管員(保全),保全人員／警衛,儲備幹部,,,,倉管／物料管理員,資材人員,生管／助理,倉儲物流人員,水電工
台北公館店,⚡️台北公館店即將開幕⚡️ 300元單剪店，強力招募男士理髮設計師，深夜理髮、正職、兼職亦可！（5抽，永久底薪！）,髮型設計師,,,,,調酒師／吧台人員,冷熱飲調製人員,工業設計,資材人員,PLC／自動控制工程師
台北六福萬怡,(台北六福萬怡酒店) 客房部/安全課 - 安全人員,保全人員／警衛,,,,,隨扈／安全人員,客服主管,資材主管,儲備幹部,水電工程師
台北六福萬怡,(台北六福萬怡酒店) 客房部/客務課 - 總機 Guest Service Operator,電話客服人員,飯店／旅館服務人員,總機／接待／櫃檯人員,,,客服主管,行政主管,資材人員,秘書,業務助理
台北六福萬怡,(台北六福萬怡酒店) 客房部/房務課 - 管衣室主任,飯店／旅館服務人員,,,,,客服主管,資材主管,儲備幹部,資材人員,國外業務主管
台北六福萬怡,(台北六福萬怡酒店) 營收管理處 - 訂房人員,飯店／旅館服務人員,,,,,資材主管,產品經理,客服主管,儲備幹部,資材人員
台北六福萬怡,(台北六福萬怡酒店) 餐飲部/敘日廚房 - 副領班廚師 or 資深副領班 (一段班),中式廚師,西式廚師,,,,餐飲領班,品管／品保主管,日式廚師,調酒師／吧台人員,補習班主任／主管
台北六福萬怡,(台北六福萬怡酒店) 餐飲部/餐務課 - 餐務員(無經驗可),洗碗人員,家事服務／洗衣,,,,調酒師／吧台人員,品管／品保主管,冷熱飲調製人員,侍酒師,餐飲主管
台北六福萬怡,(台北六福萬怡酒店)客務部-副理/經理,飯店／旅館服務人員,飯店／旅館主管,,,,業務助理,國貿助理,行政主管,秘書,售票／收銀人員
台北六福萬怡,(台北六福萬怡酒店)客務部-禮賓接待_副理,飯店／旅館服務人員,飯店／旅館主管,飯店／旅館櫃檯人員,,,業務助理,秘書,國貿助理,電腦操作／資料輸入,售票／收銀人員
台北六福萬怡,(台北六福萬怡酒店)客務部-行政貴賓廳_經理/副理,飯店／旅館服務人員,飯店／旅館主管,,,,行政主管,行政人員,秘書,業務助理,財務／會計助理
台北六福萬怡,(台北六福萬怡酒店)宴會服務部-音控專員,燈光技術人員,音響／音控技術人員,,,,售票／收銀人員,調酒師／吧台人員,門市／店員／專櫃人員,客服主管,資材人員
台北六福萬怡,(台北六福萬怡酒店)工程部-技術員 (油漆 木工專長),油漆工,,,,,電機工程主管,電機技師／工程師,智慧製程工程師,電機設備裝配員,PLC／自動控制工程師
台北六福萬怡,(台北六福萬怡酒店)房務部經理,飯店／旅館服務人員,房務人員,,,,品管／品保主管,飯店／旅館主管,店長／門市管理人員,餐飲主管,資材主管
台北六福萬怡,(台北六福萬怡酒店)採購部-專員or資深專員,採購人員,飯店／旅館服務人員,,,,資材人員,資材主管,儲備幹部,客服主管,採購主管
台北南京店,正職內場早班儲備幹部副主任-老四川【台北南京店】【月休8-10天】【1000-1830】【歡迎二度就業】,餐飲主管,餐飲領班,儲備幹部,,,餐廚助手,西式廚師,其他料理廚師,餐飲服務人員,品管／品保主管
台北南京店,活動促銷工讀生(World Gym台北南京店),工讀生,,,,,門市／店員／專櫃人員,活動企劃人員,行銷企劃人員,廣告設計,售票／收銀人員
台北南昌店,【台北南昌店】儲備幹部★好缺正在等你★,餐飲服務人員,餐廚助手,,,,調酒師／吧台人員,品管／品保主管,店長／門市管理人員,冷熱飲調製人員,餐飲主管
台北南昌店,【台北南昌店】兼職服務員-歡迎親洽,餐廚助手,餐飲服務人員,,,,飯店／旅館服務人員,冷熱飲調製人員,調酒師／吧台人員,門市／店員／專櫃人員,外送人員
台北南昌店,【台北南昌店】服務員/訓練員｜無經驗可｜快速晉升,餐飲服務人員,餐廚助手,,,,調酒師／吧台人員,門市／店員／專櫃人員,冷熱飲調製人員,智慧製程工程師,售票／收銀人員
台北南昌店,夏慕尼台北南昌店 廚藝助理,餐廚助手,生鮮處理人員,鐵板燒廚師,,,門市／店員／專櫃人員,藥師助理,售票／收銀人員,電腦操作／資料輸入,冷熱飲調製人員
台北南港店,【台北南港店】外場儲備幹部,餐飲服務人員,餐飲領班,,,,調酒師／吧台人員,品管／品保主管,店長／門市管理人員,餐飲主管,冷熱飲調製人員
台北士林館,【台北士林館】停車場管理人員（假日兼職）,管理員,,,,,門市／店員／專櫃人員,專任管理員,店長／門市管理人員,調酒師／吧台人員,資材主管
台北士林館,【台北士林館】園區環境清潔人員,清潔／資源回收人員,,,,,房務人員,資材人員,售票／收銀人員,休閒娛樂事業從業人員,建築物清潔人員
台北士林館,【台北士林館】婚禮及宴會業務副理,專案業務主管,經營管理主管,,,,業務助理,國貿助理,秘書,採購助理,財務／會計助理
台北士林館,【台北士林館】婚禮及宴會業務經理,專案業務主管,經營管理主管,,,,國外業務人員,國內業務主管,國貿助理,國貿人員,業務助理
台北士林館,【台北士林館】餐飲部儲備幹部,餐飲服務人員,餐飲領班,,,,調酒師／吧台人員,品管／品保主管,餐飲主管,店長／門市管理人員,冷熱飲調製人員
台北士林館,【台北士林館｜活動業務開發／宴會企劃專員】,專案業務主管,,,,,活動企劃人員,業務助理,國貿助理,秘書,採購助理
台北大巨蛋,即將開幕｜台北大巨蛋｜百貨業【顧客服務專員】｜起薪35K↑＋久任獎金,總機／接待／櫃檯人員,,,,,國貿助理,業務助理,電話客服人員,客服人員,神秘客
台北大巨蛋,台北大巨蛋-停車場管理員(夜班),保全人員／警衛,管理員,,,,休閒娛樂事業從業人員,售票／收銀人員,資材主管,倉管／物料管理員,旅遊休閒類主管
台北大巨蛋,台北大巨蛋-停車場管理員(日班),保全人員／警衛,管理員,,,,資材主管,水電工,領班／管理幹部,產品經理,水產養殖人員
台北大巨蛋,台北大巨蛋-名人坊粵菜餐廳【香港米其林餐廳】 早班/晚班/全日班-兼職服務人員,餐飲服務人員,工讀生,,,,飯店／旅館服務人員,調酒師／吧台人員,侍酒師,門市／店員／專櫃人員,冷熱飲調製人員
台北大巨蛋,台北大巨蛋-島語自助餐廳廚房 A廚師,中式廚師,,,,,調酒師／吧台人員,侍酒師,冷熱飲調製人員,飯店／旅館服務人員,門市／店員／專櫃人員
台北大巨蛋,台北大巨蛋-島語自助餐廳廚房 B廚師,中式廚師,,,,,調酒師／吧台人員,侍酒師,飯店／旅館服務人員,冷熱飲調製人員,門市／店員／專櫃人員
台北大巨蛋,台北大巨蛋-島語自助餐廳廚房 B領班廚師,中式廚師,,,,,調酒師／吧台人員,侍酒師,飯店／旅館服務人員,冷熱飲調製人員,門市／店員／專櫃人員
台北大巨蛋,台北大巨蛋-島語自助餐廳廚房 中餐副主廚,中式廚師,,,,,餐飲主管,調酒師／吧台人員,侍酒師,門市／店員／專櫃人員,冷熱飲調製人員
台北大巨蛋,台北大巨蛋-福園台菜海鮮餐廳 兼職服務員,餐飲服務人員,工讀生,,,,飯店／旅館服務人員,調酒師／吧台人員,侍酒師,冷熱飲調製人員,門市／店員／專櫃人員
台北大巨蛋,台北大巨蛋-福園台菜海鮮餐廳廚房 冷檯,餐廚助手,中式廚師,,,,調酒師／吧台人員,侍酒師,冷熱飲調製人員,飯店／旅館服務人員,門市／店員／專櫃人員
台北大巨蛋,台北大巨蛋-福園台菜海鮮餐廳廚房 學徒,餐廚助手,中式廚師,,,,調酒師／吧台人員,侍酒師,冷熱飲調製人員,飯店／旅館服務人員,門市／店員／專櫃人員
台北大巨蛋,台北大巨蛋｜穩定大型百貨體系【警備人員】起薪35K↑歡迎社會新鮮人及應屆畢業生加入,保全人員／警衛,,,,,智慧製程工程師,PLC／自動控制工程師,電機技師／工程師,水電工,資材人員
台北市_蝦皮店到店,【台北市_蝦皮店到店】物流理貨員早/晚班PT/月薪全職🔥依地區提供津貼🔥,門市／店員／專櫃人員,,,,,倉管／物料管理員,生鮮處理人員,倉儲物流人員,理貨人員,包裝員／作業員
台北忠孝店,【新肉多多火鍋 台北忠孝店 】儲備幹部 - 米其林指標/有熱情、挑戰米其林等級夥伴,餐飲服務人員,餐廚助手,工讀生,,,調酒師／吧台人員,餐飲主管,侍酒師,店長／門市管理人員,品管／品保主管
台北忠孝店,美容師/芳療師(美妍極緻SPA沙龍-台北忠孝店),美容師,美療師／芳療師,,,,調酒師／吧台人員,冷熱飲調製人員,門市／店員／專櫃人員,售票／收銀人員,飯店／旅館服務人員
台北捷運,【台北捷運】水電維護人員~相關科系/證照優先~(捷運淡水信義線),維修技術人員,,,,,電子設備維修人員,冷凍空調技術人員／安裝員,PLC／自動控制工程師,消防專業人員,電機維修人員
台北捷運,【台北捷運】軌道勞務~北投機廠或內湖機廠,系統工程師,工務工管人員,,,,CNC車床人員,機械加工技術人員,電機設備裝配員,電機技師／工程師,技術人員
台北捷運,工務規劃工程師(台北捷運北環線),土木工程師,內業工程人員,營造工程師,,,IC設計工程師,嵌入式工程師,軟體工程師,RF通訊工程師,韌體工程師
台北捷運,清潔組長 ＜近台北捷運站＞,清潔／資源回收人員,家事服務／洗衣,,,,房務人員,加油服務,空服人員,PLC／自動控制工程師,資材人員
台北捷運,清潔組長(鄰近台北捷運站),儲備幹部,教育訓練人員,基層管理幹部,,,房務人員,空服人員,加油服務,PLC／自動控制工程師,銀行辦事人員
台北景美店,活動促銷工讀生(World Gym台北景美店),工讀生,,,,,門市／店員／專櫃人員,活動企劃人員,行銷企劃人員,廣告設計,售票／收銀人員
台北木柵廠,【台北木柵廠】資源回收和環境整理(晚班14:00~22:30)(每日現領，日薪1680元) 台北市環保局駐廠人員,清潔／資源回收人員,,,,,水電工,技術人員,染印人員,CNC車床人員,檢驗人員
台北松菸文創,【台北松菸文創 】 設計點長期工讀生,工讀生,門市／店員／專櫃人員,,,,室內設計助理,建築繪圖／設計,平面設計,冷凍空調繪圖／設計,工業設計
台北榮總美食街,皇家傳承牛肉麵【台北榮總美食街】餐飲服務人員,餐廚助手,餐飲服務人員,,,,調酒師／吧台人員,冷熱飲調製人員,門市／店員／專櫃人員,飯店／旅館服務人員,侍酒師
台北雙連店,【兼職】摩斯台北雙連店(124mos),餐飲服務人員,,,,,外送人員,調酒師／吧台人員,門市／店員／專櫃人員,冷熱飲調製人員,飯店／旅館服務人員
台南-台積電新建廠區,營造業-甲種職業安全衛生業務主管【台南-台積電新建廠區 】,職業安全衛生管理師,,,,,客服主管,儲備幹部,國外業務主管,國內業務主管,客戶成功經理
台南-台積電新建廠區,營造業現場技工&學徒/日薪【台南-台積電新建廠區 】,水電工,營建工程人員,,,,CNC車床人員,技術人員,鑄造／鍛造模具技術人員,塑膠押出技術人員,塑膠模具技術人員
台南三井,櫃台服務員(台南三井)-每周排休2日,門市／店員／專櫃人員,電腦操作／資料輸入,採購人員,,,飯店／旅館服務人員,房務人員,售票／收銀人員,飯店／旅館櫃檯人員,調酒師／吧台人員
台南三井店,【時薪202~290】台南三井店【涮乃葉】日式火鍋兼職人員及大專院校實習生,餐飲服務人員,餐廚助手,洗碗人員,,,工讀生,飯店／旅館服務人員,調酒師／吧台人員,侍酒師,門市／店員／專櫃人員
台南三井店,起薪38000【十二月餐飲連鎖事業-台南三井店】廚師助手/獎金另計/歡迎僑生,中式廚師,其他料理廚師,,,,調酒師／吧台人員,餐飲服務人員,冷熱飲調製人員,餐廚助手,門市／店員／專櫃人員
台南三井店,起薪43000【十二月餐飲連鎖事業-台南三井店】二廚/中工/獎金另計,中式廚師,其他料理廚師,,,,調酒師／吧台人員,飯店／旅館服務人員,冷熱飲調製人員,門市／店員／專櫃人員,餐飲主管
台南三井店,起薪51000【十二月餐飲連鎖事業-台南三井店】副主廚,中式廚師,,,,,調酒師／吧台人員,餐飲主管,店長／門市管理人員,門市／店員／專櫃人員,侍酒師
台南三井店,起薪55000【十二月餐飲連鎖事業-台南三井店】中餐主廚,中式廚師,,,,,餐飲主管,調酒師／吧台人員,門市／店員／專櫃人員,冷熱飲調製人員,飯店／旅館服務人員
台南三廠,藥品製造工程師/副工程師【台南市官田區】【台南三廠】,生產技術／製程工程師,生產設備工程師,,,,工業設計,智慧製程工程師,CNC程式設計師,PLC／自動控制工程師,電機技師／工程師
台南三廠,製造助理工程師【台南市官田區】【台南三廠】,包裝員／作業員,,,,,CNC程式設計師,CAD／CAM工程師,工程助理,組裝組立技術人員,室內設計助理
台南中華店,【台南中華店】點心房正職人員,西點蛋糕師,麵包師,,,,調酒師／吧台人員,冷熱飲調製人員,門市／店員／專櫃人員,侍酒師,洗碗人員
台南中華店,【月薪37K~80K】汽車維修技師｜獎金制度透明｜台南中華店,汽車引擎技術人員,其他車輛維修人員,,,,汽車檢驗員,智慧製程工程師,電機技師／工程師,塑膠押出技術人員,電機設備裝配員
台南中華店,享溫馨KTV-台南中華店 中班 櫃檯人員★基本底薪29970+獎金約38000元~,總機／接待／櫃檯人員,,,,,冷熱飲調製人員,飯店／旅館服務人員,調酒師／吧台人員,飯店／旅館櫃檯人員,售票／收銀人員
台南中華店,台南中華店-驗光師(生),驗光師,,,,,調酒師／吧台人員,冷熱飲調製人員,品管人員,門市／店員／專櫃人員,智慧製程工程師
台南中華會館,"SPA紓壓芳療師【台南中華會館】無經驗完整職前培訓、高薪免call客無業績、快樂工作氣氛、保障薪資$40,000 （月薪+獎金）",美容師,美療師／芳療師,推拿／按摩師,,,國外業務人員,客服主管,神秘客,資材人員,國內業務人員
台南中華會館,"SPA資深芳療師【台南中華會館】高薪酬獎金、免call客無業績、集團優渥制度、保障薪資$42,000 （月薪+獎金）",美容師,美療師／芳療師,推拿／按摩師,,,資材人員,PLC／自動控制工程師,神秘客,國外業務人員,工業設計
台南中華會館,台南中華會館-行政櫃檯,總機／接待／櫃檯人員,行政主管,門市／店員／專櫃人員,,,行政人員,檔案資料管理人員,電腦操作／資料輸入,秘書,總務人員
台南健康店,【兼職】摩斯台南健康店(071mos),餐飲服務人員,,,,,調酒師／吧台人員,門市／店員／專櫃人員,外送人員,冷熱飲調製人員,侍酒師
台南台積電,【兼職】【急徵】摩斯台南台積電18廠店(B354mos)-固定六日休假,門市／店員／專櫃人員,餐飲服務人員,,,,調酒師／吧台人員,外送人員,品管人員,冷熱飲調製人員,智慧製程工程師
台南台積電,台南台積電F18工安人員,職業安全衛生管理人員,工廠安全衛生人員,,,,房務人員,資材人員,工讀生,飯店／旅館服務人員,電機技師／工程師
台南台積電,工安人員 (駐點台南台積電),職業安全衛生管理人員,,,,,遊樂景點工作人員,飯店／旅館服務人員,調酒師／吧台人員,門市／店員／專櫃人員,工讀生
台南台積電,技工.半技工.{週週休六日.見紅就休}台南台積電-外包商,水電工,工程助理,,,,電機技師／工程師,電機設備裝配員,技術人員,模具技術人員,CNC車床人員
台南台積電,無塵室STK基座安裝工程人員（台南台積電AP08廠）可週領薪,光電／半導體工程助理,,,,,電信／通訊系統工程師,水電及其他工程繪圖人員,IC設計工程師,冷凍空調技術人員／安裝員,水電工程師
台南台積電,鑽孔植筋切割技術工(台南台積電),營建工程人員,泥水工相關人員,,,,雷射技術操作員,線切割技術人員,電機技師／工程師,電機設備裝配員,金屬模具技術人員
台南台積電,點工-駐點台南台積電,營建工程人員,泥水工相關人員,,,,遊樂景點工作人員,調酒師／吧台人員,門市／店員／專櫃人員,冷熱飲調製人員,飯店／旅館服務人員
台南大遠百,CONI美容顧問【台南大遠百】專櫃 保障薪資29500~36000,門市／店員／專櫃人員,,,,,水電工程師,消防專業人員,客服主管,神秘客,ISO品保人員
台南安南區 漢來物管,【台南安南區 漢來物管】兼職菁英安管員,保全人員／警衛,保全工程技術人員,,,,生管／助理,倉管／物料管理員,資材人員,倉儲物流人員,理貨人員
台南安南區 漢來物管,【台南安南區 漢來物管】社區主任,總機／接待／櫃檯人員,秘書,行政人員,,,資材人員,資材主管,倉管／物料管理員,生管／助理,生管主管
台南安南區 漢來物管,【台南安南區 漢來物管】社區餐飲秘書,調酒師／吧台人員,餐飲服務人員,餐廚助手,,,電腦操作／資料輸入,秘書,財務／會計助理,業務助理,行政人員
台南安平店,Curves兼職運動指導員(台南安平店)-無相關科系、無經驗可,門市／店員／專櫃人員,運動教練,客服人員,,,電腦補習班老師,資料庫管理人員,神秘客,資材人員,工業設計
台南安平店,Curves運動指導實習生(台南安平店)-無相關科系、無經驗可,門市／店員／專櫃人員,運動教練,客服人員,,,神秘客,資料庫管理人員,資材人員,生管／助理,建築繪圖／設計
台南安平店,【台南安平店】【醫學放射師】無經驗可,醫事放射師,放射性設備使用技術員,,,,調酒師／吧台人員,獸醫／獸醫佐,冷熱飲調製人員,藥師,門市／店員／專櫃人員
台南安平店,健身教練(World Gym台南安平店),運動教練,才藝類老師,,,,調酒師／吧台人員,冷熱飲調製人員,侍酒師,品管／品保主管,補習班主任／主管
台南安平店,兼職清潔人員(World Gym台南安平店),清潔／資源回收人員,,,,,冷熱飲調製人員,調酒師／吧台人員,洗碗人員,外送人員,飯店／旅館服務人員
台南安平店,客服工讀生(World Gym台南安平店),工讀生,,,,,資材人員,業務助理,國貿助理,電腦操作／資料輸入,秘書
台南安平店,活動促銷工讀生(World Gym台南安平店),工讀生,,,,,活動企劃人員,門市／店員／專櫃人員,行銷企劃人員,廣告設計,行銷企劃助理
台南安平店,清潔人員(World Gym台南安平店),清潔／資源回收人員,,,,,洗碗人員,調酒師／吧台人員,冷熱飲調製人員,房務人員,門市／店員／專櫃人員
台南崇善店,【台南崇善店】【醫學放射師】無經驗可,醫事放射師,放射性設備使用技術員,,,,獸醫／獸醫佐,藥師,調酒師／吧台人員,門市／店員／專櫃人員,冷熱飲調製人員
台南東區怡東,【台南東區怡東】直營門市人員（週休二日）,店長／門市管理人員,,,,,調酒師／吧台人員,冷熱飲調製人員,門市／店員／專櫃人員,洗碗人員,侍酒師
台南永康中正店,美髮設計師【台南永康中正店】,髮型設計師,,,,,平面設計,工業設計,PLC／自動控制工程師,建築繪圖／設計,服裝設計
台南永華店,【月薪37K~80K】汽車維修技師｜獎金制度透明｜台南永華店,汽車引擎技術人員,其他車輛維修人員,,,,汽車檢驗員,智慧製程工程師,塑膠押出技術人員,電機技師／工程師,電機設備裝配員
台南永華店,台南永華店_晚班外場工讀生,餐飲服務人員,餐廚助手,,,,冷熱飲調製人員,調酒師／吧台人員,門市／店員／專櫃人員,飯店／旅館服務人員,外送人員
台南蒔光美學牙醫,【台南蒔光美學牙醫】數位矯正設計師,牙體技術人員,其他醫療從業人員,,,,數位IC設計工程師,工業設計,IC設計工程師,嵌入式工程師,BIOS工程師
台南鹽行店,台南鹽行店-驗光師(生),驗光師,,,,,調酒師／吧台人員,冷熱飲調製人員,品管人員,侍酒師,門市／店員／專櫃人員
台南鹽行店,短期工讀人員(台南鹽行店),餐飲服務人員,餐廚助手,,,,冷熱飲調製人員,調酒師／吧台人員,門市／店員／專櫃人員,飯店／旅館服務人員,外送人員
台哥大,(台哥大) 北一區網路維運處_場測人員_宜蘭市【週休六日/無經驗可】#IL,電子設備維修人員,通信維修人員,,,,檢驗人員,品管人員,原料檢驗人員,電機技師／工程師,智慧製程工程師
台哥大,(台哥大) 經銷業務處_管理師_無需電話溝通_【週休六日不加班】彈性上下班_六張犁站#IL,行政助理,,,,,國外業務人員,國外業務主管,國內業務主管,國內業務人員,客服主管
台哥大,(台哥大) 網路管理處_網管/值班工程師_無經驗可! 【另有夜班津貼】,客服工程師,,,,,土木工程師,水電工程師,系統工程師,電信／配線繪圖,設備工程主管
台哥大,(台哥大)影音事業處_內容營運專員_免經驗_【週休六日不加班】彈性上下班_#IL,數位行銷人員,社群經營人員,行銷企劃助理,,,客服人員,票務人員／旅行社人員,電話客服人員,國外業務人員,資材人員
台哥大,(台哥大)資訊服務技術處_新創加值維運工程師_無經驗可_Linux #IL,系統工程師,資料庫管理人員,資安工程師,,,電子設備維修人員,FAE工程師,冷凍空調技術人員／安裝員,電信／配線繪圖,機械加工技術人員
台哥大,★台哥大《188電話客服專員》中區總部,客服人員,電訪人員,電話行銷人員,,,業務助理,客服主管,資材人員,國貿助理,文字客服
台哥大,台哥大客服門市(路竹特約店),門市／店員／專櫃人員,國內業務人員,,,,業務助理,電腦操作／資料輸入,國貿助理,秘書,售票／收銀人員
台哥大,台哥大客服門市(阿蓮特約店),門市／店員／專櫃人員,國內業務人員,,,,業務助理,電腦操作／資料輸入,國貿助理,秘書,資材人員
台哥大,台哥大電話客服~正職,電話客服人員,客服人員,,,,業務助理,國貿助理,秘書,採購助理,電腦操作／資料輸入
台哥大,固定早班《台哥大188電話客服專員》台中南屯,客服人員,電訪人員,電話行銷人員,,,業務助理,電腦操作／資料輸入,秘書,國貿助理,活動企劃人員
台哥大,新北三重~台哥大電話銷售人員~周休二日,電話行銷人員,,,,,門市／店員／專櫃人員,國內業務人員,行銷企劃人員,儲備幹部,產品經理
台哥大,新竹北區~派駐台哥大直營門市人員,國內業務人員,,,,,調酒師／吧台人員,冷熱飲調製人員,門市／店員／專櫃人員,侍酒師,飯店／旅館服務人員
台哥大,新竹東區~派駐台哥大直營門市人員,國內業務人員,,,,,調酒師／吧台人員,冷熱飲調製人員,門市／店員／專櫃人員,侍酒師,飯店／旅館服務人員
台哥大,派駐台哥大-採購處工讀生,工讀生,行政助理,行政人員,,,採購人員,文字記者,資材人員,國貿人員,報關人員
台哥大,派駐台哥大場測log分析,數據分析師／資料分析師,,,,,材料分析員,原料檢驗人員,儀器操作分析員,神秘客,微生物分析師
台哥大,派駐台哥大數據研究暨管理室助理,數據分析師／資料分析師,,,,,病理藥理研究人員,研究助理,助理研究人員,設計助理,機械設計／繪圖人員
台哥大,派駐台哥大電話銷售人員~周休二日,電話行銷人員,,,,,行銷企劃人員,門市／店員／專櫃人員,廣告設計,國內業務人員,廣告AE
台哥大,網路客訴工程師(派駐台哥大),電話客服人員,客服人員,,,,IC設計工程師,嵌入式工程師,RF通訊工程師,IC佈局工程師,軟體工程師
台哥大,遊戲客服管理師/派駐台哥大,客服人員,遊戲企劃人員,,,,客服主管,文字客服,資料庫管理人員,活動企劃人員,秘書
台哥大,高雄三民~台哥大早班電話客服~正職,電話客服人員,客服人員,,,,業務助理,國貿助理,秘書,採購助理,電腦操作／資料輸入
台哥大,高雄三民~電話銷售人員~(派駐台哥大),電話行銷人員,,,,,行銷企劃人員,國內業務人員,門市／店員／專櫃人員,廣告設計,廣告AE
台大公館店,POPEYES-儲備襄理/襄理【台大公館店】,店長／門市管理人員,儲備幹部,餐飲服務人員,,,調酒師／吧台人員,冷熱飲調製人員,門市／店員／專櫃人員,侍酒師,飯店／旅館服務人員
台大醫院店,【兼職】摩斯台大醫院店(053mos),餐飲服務人員,,,,,調酒師／吧台人員,侍酒師,外送人員,門市／店員／專櫃人員,冷熱飲調製人員
台大醫院店,【挑戰年薪50萬~70萬】門市後勤助理-台大醫院店(無經驗可),倉管／物料管理員,倉儲物流人員,門市／店員／專櫃人員,,,業務助理,國貿助理,秘書,電腦操作／資料輸入,財務／會計助理
台大醫院店,【挑戰年薪50萬~70萬】門市營養師(台大醫院店)【擴店徵才】,營養師,,,,,調酒師／吧台人員,侍酒師,門市／店員／專櫃人員,冷熱飲調製人員,品管／品保主管
台東店,(特力屋_台東店)裝修中心管理師,室內設計師,門市／店員／專櫃人員,,,,智慧製程工程師,休閒娛樂事業從業人員,水電工,資材主管,調酒師／吧台人員
台東店,享溫馨囍宴餐廳-台東店 冷台三廚,中式廚師,,,,,調酒師／吧台人員,侍酒師,冷熱飲調製人員,飯店／旅館服務人員,門市／店員／專櫃人員
台東店,台東店-驗光師(生),驗光師,,,,,調酒師／吧台人員,冷熱飲調製人員,品管人員,門市／店員／專櫃人員,智慧製程工程師
台東店,大全聯台東店 – 正職–烘焙人員（享技術津貼）,西點蛋糕師,麵包師,,,,智慧製程工程師,電機技師／工程師,塑膠押出技術人員,沖壓模具技術人員,水電工
台東店,技術服務人員─台東店,電腦組裝／維修,客服人員,門市／店員／專櫃人員,,,軟體助理工程師,生管／助理,客服工程師,PLC／自動控制工程師,資材人員
台東秀泰,★新展店【台東秀泰】外場領班／副理｜完整培訓、晉升透明 – 瓦城集團,餐飲主管,餐飲服務人員,,,,資材人員,售票／收銀人員,調酒師／吧台人員,電腦操作／資料輸入,生管／助理
台東秀泰,【兼職】台東秀泰廣場店_顧客服務專員 Customer Advisor-R00000004166260,門市／店員／專櫃人員,,,,,國貿人員,國貿助理,文字客服,業務助理,採購助理
台東秀泰,【正職】台東秀泰廣場店_顧客服務專員 Customer Advisor-R00000004166187,門市／店員／專櫃人員,,,,,國貿人員,國貿助理,文字客服,業務助理,國外業務人員
台東館,【台東館】櫃檯員（儲備幹部）,飯店／旅館櫃檯人員,總機／接待／櫃檯人員,飯店／旅館服務人員,,,飯店／旅館主管,儲備幹部,客服主管,資材主管,行政主管
台江幼兒園,【台江幼兒園】教師助理員(電洽),教保員／保育員,幼教老師,,,,資訊助理人員,電腦操作／資料輸入,人事助理,行銷企劃助理,特別助理
台泥-八德/中壢,【台泥-八德/中壢】職安管理工程師 #多廠區多職缺 # 保障14個月!_601G,職業安全衛生管理人員,職業安全衛生管理師,工廠安全衛生人員,,,水電工程師,土木工程師,PLC／自動控制工程師,電機工程主管,水電工
台泥-和平廠,【台泥-和平廠】化學工程師 # 保障14個月!#年後轉職_601G,化學／化工工程師,生產技術／製程工程師,生產線工程師,,,PLC／自動控制工程師,智慧製程工程師,電機技師／工程師,機構工程師,電機設備裝配員
台泥-和平廠,【台泥-和平廠】職安管理工程師/主任 # 保障14個月!#年後轉職_601G,職業安全衛生管理師,職業安全衛生管理人員,工廠安全衛生人員,,,電機工程主管,土木工程師,結構技師／工程師,水電工程師,設備工程主管
台泥-汐止/新屋/龜山/竹北,【台泥-汐止/新屋/龜山/竹北】品管員(工地服務) #多廠區多職缺 # 保障14個月!_601G,品管人員,檢驗人員,原料檢驗人員,,,PLC／自動控制工程師,水電工,智慧製程工程師,土木技師,電機技師／工程師
台灣大哥大,【台中南屯】台灣大哥大總公司-催收專員,客服人員,,,,,資材人員,售票／收銀人員,電腦操作／資料輸入,生管／助理,神秘客
台灣大哥大,台灣大哥大 龍潭中興加盟數位顧問,國內業務人員,門市／店員／專櫃人員,國內業務主管,,,神秘客,專業顧問,禮儀師,產品企劃人員,服裝設計
台灣大哥大,台灣大哥大大園中正東特約電信櫃檯服務專員薪資42000(無倒扣機制)+獎金(無上限) 月休9天,門市／店員／專櫃人員,國內業務人員,電話行銷人員,業務助理,客服人員,空服人員,資材人員,文字客服,神秘客,房務人員
台灣大哥大,台灣大哥大集團-品質管理檢核專員,客服人員,其他專案管理師,客服主管,,,品管人員,檢驗人員,原料檢驗人員,公路橋梁檢測人員,智慧製程工程師
台灣大哥大,外勤網路訊號測量人員(派駐台灣大哥大),通信維修人員,,,,,神秘客,工業設計,電腦組裝／維修,BIOS工程師,建築繪圖／設計
台灣大寬頻,【台灣大寬頻】客戶服務專員(時薪制),客服人員,電話客服人員,電訪人員,,,業務助理,國貿助理,秘書,文字客服,電腦操作／資料輸入
台灣大寬頻,【台灣大寬頻】話務銷售專員,電話行銷人員,電訪人員,,,,行銷企劃人員,廣告設計,廣告AE,國內業務人員,醫藥業務代表
台灣大寬頻,台灣大寬頻-外撥續約客服人員,客服人員,電訪人員,電話行銷人員,,,業務助理,國貿助理,國貿人員,文字客服,秘書
台灣大寬頻,台灣大寬頻~續約外撥客服,電話客服人員,客服人員,,,,國貿助理,國貿人員,業務助理,文字客服,採購助理
台積電廠區,台積電廠區-消防工程師-台中(科技廠房服務部),消防類相關人員,廠務,,,,設備工程主管,PLC／自動控制工程師,水電工程師,電機工程主管,工業設計
台積電廠區,台積電廠區-消防設備師、消防設備士-新竹(科技廠房服務部),消防類相關人員,,,,,PLC／自動控制工程師,水電工程師,水電工,電機技師／工程師,電機設備裝配員
台積電廠區,台積電廠區-駐廠維護消防工程師-新竹區(科技廠房服務部),消防類相關人員,產品設備維修人員,,,,冷凍空調技術人員／安裝員,電子設備維修人員,設備工程主管,CAD／CAM工程師,水電工程師
台積電廠區,早班計時-楠梓藍昌店(台積電廠區銷售人員/周休六日),冷熱飲調製人員,餐飲服務人員,,,,門市／店員／專櫃人員,國內業務人員,工業設計,神秘客,廣告設計
台茂購物中心,﹝FUJI按摩椅﹞業務專員(台茂購物中心),門市／店員／專櫃人員,儲備幹部,,,,國外業務人員,國貿人員,文字客服,國貿助理,業務助理
台菜香檳,【台菜香檳】店副理,店長／門市管理人員,餐飲主管,經營管理主管,,,調酒師／吧台人員,冷熱飲調製人員,門市／店員／專櫃人員,侍酒師,售票／收銀人員
台菜香檳101旗艦店,【台菜香檳101旗艦店】爐子廚師,中式廚師,,,,,調酒師／吧台人員,冷熱飲調製人員,侍酒師,洗碗人員,西式廚師
台菜香檳101旗艦店,【台菜香檳101旗艦店】砧板廚師,中式廚師,,,,,調酒師／吧台人員,冷熱飲調製人員,侍酒師,西式廚師,洗碗人員
台菜香檳101旗艦店,【台菜香檳101旗艦店】蒸籠廚師,中式廚師,,,,,調酒師／吧台人員,冷熱飲調製人員,侍酒師,洗碗人員,西式廚師
台菜香檳大直店,【台菜香檳大直店】爐子廚師,中式廚師,,,,,調酒師／吧台人員,冷熱飲調製人員,侍酒師,西式廚師,洗碗人員
台菜香檳大直店,【台菜香檳大直店】砧板廚師,中式廚師,,,,,調酒師／吧台人員,冷熱飲調製人員,侍酒師,西式廚師,門市／店員／專櫃人員
台菜香檳敦北店,【台菜香檳敦北店】爐子廚師,中式廚師,,,,,調酒師／吧台人員,冷熱飲調製人員,侍酒師,西式廚師,洗碗人員
台菜香檳敦北店,【台菜香檳敦北店】砧板廚師,中式廚師,,,,,調酒師／吧台人員,冷熱飲調製人員,侍酒師,西式廚師,門市／店員／專櫃人員
台隆,【台隆集團 / 台灣吉豚屋】人資主管,人事／人力資源主管,,,,,調酒師／吧台人員,餐飲主管,品管／品保主管,店長／門市管理人員,冷熱飲調製人員
台隆,【台隆集團 / 台灣吉豚屋】人資人員 ✔️身心障礙職缺✔️,人事／人力資源專員,,,,,調酒師／吧台人員,冷熱飲調製人員,門市／店員／專櫃人員,洗碗人員,侍酒師
台隆,【台隆集團關係企業】食品技師,食品衛生管理師,,,,,電機技師／工程師,品管人員,智慧製程工程師,電機設備裝配員,技術人員
吉富梁行,吉富梁行集團-房屋仲介專才誠摯招募中！桃園最強行銷團隊，等你加入~,國內業務人員,不動產經紀人／營業員,,,,人力／外勞仲介,售票／收銀人員,電話客服人員,門市／店員／專櫃人員,產品企劃主管
同學匯KTV,"【同學匯KTV】工務人員〈薪5,0000起〉",電機維修人員,工務工管人員,,,,房務人員,資材人員,業務助理,售票／收銀人員,電腦操作／資料輸入
向上店,台中向上店-廚房正職人員【高規格環境】,餐廚助手,其他料理廚師,,,,調酒師／吧台人員,冷熱飲調製人員,門市／店員／專櫃人員,侍酒師,餐飲主管
向上店,台中向上店-正職服務人員【高規格環境】,餐飲服務人員,,,,,調酒師／吧台人員,門市／店員／專櫃人員,冷熱飲調製人員,侍酒師,飯店／旅館服務人員
向上店,台中向上店-計時服務人員(PT),餐飲服務人員,工讀生,,,,調酒師／吧台人員,冷熱飲調製人員,飯店／旅館服務人員,侍酒師,門市／店員／專櫃人員
向心店,【台中向心店】美容 / 芳療師,美容師,美療師／芳療師,,,,調酒師／吧台人員,冷熱飲調製人員,門市／店員／專櫃人員,飯店／旅館服務人員,侍酒師
向心店,【向心店】兼職門市助理,門市／店員／專櫃人員,,,,,電腦操作／資料輸入,財務／會計助理,秘書,業務助理,行政人員
周氏商場-台積電竹南廠,【周氏商場-台積電竹南廠】自助餐廚師,中式廚師,,,,,調酒師／吧台人員,門市／店員／專櫃人員,冷熱飲調製人員,售票／收銀人員,餐廚助手
周氏商場-台積電苗栗竹南新廠駐點,【周氏商場-台積電苗栗竹南新廠駐點】衛管人員,食品衛生管理師,,,,,旅遊休閒類主管,店長／門市管理人員,水電工,售票／收銀人員,產品經理
周氏蝦捲-國宴廳,【周氏蝦捲-國宴廳】廚助,餐廚助手,,,,,侍酒師,調酒師／吧台人員,門市／店員／專櫃人員,飯店／旅館服務人員,藥師助理
周氏蝦捲-清水休息站,【周氏蝦捲-清水休息站】晚班工讀生,餐飲服務人員,餐廚助手,,,,加油服務,飯店／旅館服務人員,冷熱飲調製人員,遊樂景點工作人員,休閒娛樂事業從業人員
周氏蝦捲-總店,【周氏蝦捲-總店】晚班櫃檯兼職人員,餐飲服務人員,,,,,飯店／旅館櫃檯人員,飯店／旅館服務人員,禮賓接待人員,冷熱飲調製人員,總機／接待／櫃檯人員
周氏蝦捲-駁二大港倉,【周氏蝦捲-駁二大港倉】假日班工讀生,餐飲服務人員,,,,,倉管／物料管理員,生鮮處理人員,倉儲物流人員,理貨人員,資材人員
周氏蝦捲-駁二大港倉,【周氏蝦捲-駁二大港倉】早班工讀生,餐飲服務人員,,,,,倉管／物料管理員,生鮮處理人員,倉儲物流人員,理貨人員,資材人員
周氏蝦捲-駁二大港倉,【周氏蝦捲-駁二大港倉】晚班工讀生,餐飲服務人員,,,,,倉管／物料管理員,生鮮處理人員,倉儲物流人員,理貨人員,資材人員
和牛涮台北林森北店,【和牛涮台北林森北店】餐飲服務人員(兼職計時) ※享集團福利: 系統化培訓課程、國外最高享有全額旅遊補助、員工用餐八折優惠...等,餐飲服務人員,,,,,飯店／旅館服務人員,調酒師／吧台人員,侍酒師,門市／店員／專櫃人員,冷熱飲調製人員
和牛涮台北林森北店,【和牛涮台北林森北店】餐飲服務人員(見習襄理) ※享集團福利: 系統化培訓課程、每年2次績效調薪機會、國外最高享有全額旅遊補助、員工用餐八折優惠...等,餐飲服務人員,餐廚助手,,,,飯店／旅館服務人員,調酒師／吧台人員,侍酒師,門市／店員／專櫃人員,冷熱飲調製人員
和牛涮台北林森北店,【和牛涮台北林森北店】餐飲服務人員(見習襄理)儲備幹部 ※享集團福利: 系統化培訓課程、每年2次績效調薪機會、國外最高享有全額旅遊補助、員工用餐八折優惠...等,餐飲服務人員,餐廚助手,,,,飯店／旅館服務人員,調酒師／吧台人員,侍酒師,門市／店員／專櫃人員,餐飲主管
和牛涮台北羅斯福店,【和牛涮台北羅斯福店】餐飲服務人員(兼職計時) ※享集團福利: 系統化培訓課程、國外最高享有全額旅遊補助、員工用餐八折優惠...等,餐飲服務人員,,,,,飯店／旅館服務人員,調酒師／吧台人員,侍酒師,門市／店員／專櫃人員,冷熱飲調製人員
和牛涮台北羅斯福店,【和牛涮台北羅斯福店】餐飲服務人員(見習襄理) ※享集團福利: 系統化培訓課程、每年2次績效調薪機會、國外最高享有全額旅遊補助、員工用餐八折優惠...等,餐飲服務人員,餐廚助手,,,,飯店／旅館服務人員,調酒師／吧台人員,侍酒師,門市／店員／專櫃人員,冷熱飲調製人員
和牛涮台北西門店,【和牛涮台北西門店】打烊班餐飲服務人員(工讀計時),餐飲服務人員,工讀生,,,,調酒師／吧台人員,飯店／旅館服務人員,冷熱飲調製人員,侍酒師,門市／店員／專櫃人員
和牛涮台北西門店,【和牛涮台北西門店】餐飲服務人員 晚班 (見習襄理),餐飲服務人員,生鮮處理人員,餐廚助手,,,調酒師／吧台人員,飯店／旅館服務人員,侍酒師,冷熱飲調製人員,門市／店員／專櫃人員
和牛涮台北西門店,【和牛涮台北西門店】餐飲服務人員(工讀計時),餐飲服務人員,工讀生,,,,飯店／旅館服務人員,調酒師／吧台人員,冷熱飲調製人員,侍酒師,門市／店員／專櫃人員
和牛涮台北西門店,【和牛涮台北西門店】餐飲服務人員(見習襄理),餐飲服務人員,餐廚助手,,,,調酒師／吧台人員,飯店／旅館服務人員,侍酒師,冷熱飲調製人員,門市／店員／專櫃人員
和牛涮嘉義垂楊,【和牛涮嘉義垂楊】餐飲晚班服務人員 (見習襄理) ※享集團福利: 系統化培訓課程、每年2次績效調薪機會、國外最高享有全額旅遊補助、員工用餐八折優惠...等,餐飲服務人員,餐廚助手,,,,飯店／旅館服務人員,門市／店員／專櫃人員,調酒師／吧台人員,冷熱飲調製人員,侍酒師
和牛涮嘉義垂楊,【和牛涮嘉義垂楊】餐飲服務人員(見習襄理) ※享集團福利: 系統化培訓課程、每年2次績效調薪機會、國外最高享有全額旅遊補助、員工用餐八折優惠...等,餐飲服務人員,餐廚助手,,,,飯店／旅館服務人員,調酒師／吧台人員,門市／店員／專櫃人員,冷熱飲調製人員,侍酒師
和牛涮新店民權店,【和牛涮新店民權店】餐飲服務人員 晚班 (見習襄理) ※享集團福利: 系統化培訓課程、每年2次績效調薪機會、國外最高享有全額旅遊補助、員工用餐八折優惠...等,餐飲服務人員,生鮮處理人員,餐廚助手,,,飯店／旅館服務人員,調酒師／吧台人員,侍酒師,門市／店員／專櫃人員,冷熱飲調製人員
和牛涮新店民權店,【和牛涮新店民權店】餐飲服務人員(見習襄理) ※享集團福利: 系統化培訓課程、每年2次績效調薪機會、國外最高享有全額旅遊補助、員工用餐八折優惠...等,餐飲服務人員,餐廚助手,,,,飯店／旅館服務人員,調酒師／吧台人員,侍酒師,門市／店員／專櫃人員,冷熱飲調製人員
和牛涮板橋文化店,【和牛涮板橋文化店】餐飲服務人員(兼職計時) ※享集團福利: 系統化培訓課程、國外最高享有全額旅遊補助、員工用餐八折優惠...等,餐飲服務人員,,,,,飯店／旅館服務人員,調酒師／吧台人員,侍酒師,門市／店員／專櫃人員,冷熱飲調製人員
和牛涮板橋文化店,【和牛涮板橋文化店】餐飲服務人員(見習襄理) ※享集團福利: 系統化培訓課程、每年2次績效調薪機會、國外最高享有全額旅遊補助、員工用餐八折優惠...等,餐飲服務人員,餐廚助手,,,,飯店／旅館服務人員,調酒師／吧台人員,門市／店員／專櫃人員,侍酒師,冷熱飲調製人員
和牛涮桃園中壢元化店,【和牛涮桃園中壢元化店】餐飲服務人員 晚班 (見習襄理) ※享集團福利: 系統化培訓課程、每年2次績效調薪機會、國外最高享有全額旅遊補助、員工用餐八折優惠...等,餐飲服務人員,生鮮處理人員,餐廚助手,,,飯店／旅館服務人員,調酒師／吧台人員,門市／店員／專櫃人員,侍酒師,冷熱飲調製人員
和牛涮桃園中壢元化店,【和牛涮桃園中壢元化店】餐飲服務人員(兼職計時) ※享集團福利: 系統化培訓課程、國外最高享有全額旅遊補助、員工用餐八折優惠...等,餐飲服務人員,,,,,飯店／旅館服務人員,調酒師／吧台人員,侍酒師,門市／店員／專櫃人員,冷熱飲調製人員
和牛涮桃園中壢元化店,【和牛涮桃園中壢元化店】餐飲服務人員(見習襄理) ※享集團福利: 系統化培訓課程、每年2次績效調薪機會、國外最高享有全額旅遊補助、員工用餐八折優惠...等,餐飲服務人員,餐廚助手,,,,飯店／旅館服務人員,調酒師／吧台人員,門市／店員／專櫃人員,侍酒師,冷熱飲調製人員
和牛涮桃園同德店,【和牛涮桃園同德店】餐飲服務人員 晚班 (見習襄理) ※享集團福利: 系統化培訓課程、每年2次績效調薪機會、國外最高享有全額旅遊補助、員工用餐八折優惠...等,餐飲服務人員,生鮮處理人員,餐廚助手,,,飯店／旅館服務人員,調酒師／吧台人員,門市／店員／專櫃人員,侍酒師,冷熱飲調製人員
和牛涮桃園同德店,【和牛涮桃園同德店】餐飲服務人員(兼職計時) ※享集團福利: 系統化培訓課程、國外最高享有全額旅遊補助、員工用餐八折優惠...等,餐飲服務人員,,,,,飯店／旅館服務人員,調酒師／吧台人員,侍酒師,門市／店員／專櫃人員,冷熱飲調製人員
和牛涮桃園同德店,【和牛涮桃園同德店】餐飲服務人員(見習襄理) ※享集團福利: 系統化培訓課程、每年2次績效調薪機會、國外最高享有全額旅遊補助、員工用餐八折優惠...等,餐飲服務人員,餐廚助手,,,,飯店／旅館服務人員,調酒師／吧台人員,侍酒師,門市／店員／專櫃人員,冷熱飲調製人員
和牛涮高雄博愛店,【和牛涮高雄博愛店】餐飲晚班服務人員 (見習襄理) ※享集團福利: 系統化培訓課程、每年2次績效調薪機會、國外最高享有全額旅遊補助、員工用餐八折優惠...等,餐飲服務人員,餐廚助手,,,,飯店／旅館服務人員,調酒師／吧台人員,門市／店員／專櫃人員,侍酒師,冷熱飲調製人員
和牛涮高雄博愛店,【和牛涮高雄博愛店】餐飲服務人員(見習襄理) ※享集團福利: 系統化培訓課程、每年2次績效調薪機會、國外最高享有全額旅遊補助、員工用餐八折優惠...等,餐飲服務人員,餐廚助手,,,,飯店／旅館服務人員,調酒師／吧台人員,門市／店員／專櫃人員,侍酒師,冷熱飲調製人員
和美光翟,【和美光翟】儲備教師,補習班導師,升學補習班老師,其他教育類老師,,,調酒師／吧台人員,冷熱飲調製人員,智慧製程工程師,補習班主任／主管,門市／店員／專櫃人員
和美光翟,【和美光翟】國小國中數學教師,數理補習班老師,,,,,國中教師,國小教師,高中職教師,音樂老師,工讀生
和美光翟,【和美光翟】班導師,助教,國小教師,補習班導師,,,冷熱飲調製人員,美術老師,升學補習班老師,調酒師／吧台人員,安親課輔老師
和詮地政士,【地政士代書助理】 和詮地政士事務所,行政助理,行政人員,,,,人事助理,資訊助理人員,特別助理,保稅人員,醫院行政管理人員
和雲行動服務,【和雲行動服務】二度就業徵才專區,行政助理,工讀生,,,,電腦操作／資料輸入,行政人員,秘書,業務助理,文字客服
和雲行動服務,【和雲行動服務】原住民徵才專區,行政助理,工讀生,,,,電腦操作／資料輸入,文字客服,行政人員,秘書,業務助理
品牌小原田-公館店,假日長期外場夥伴-【品牌小原田-公館店】,餐飲服務人員,工讀生,,,,調酒師／吧台人員,侍酒師,冷熱飲調製人員,門市／店員／專櫃人員,飯店／旅館服務人員
品牌小原田-公館店,外場全職、儲備夥伴-【品牌小原田-公館店】,餐飲服務人員,餐廚助手,,,,調酒師／吧台人員,侍酒師,門市／店員／專櫃人員,冷熱飲調製人員,飯店／旅館服務人員
品田牧場中崙大全聯店,【品田牧場中崙大全聯店】餐飲服務/外場工讀兼職計時/大廳計時,餐飲服務人員,工讀生,,,,飯店／旅館服務人員,侍酒師,調酒師／吧台人員,冷熱飲調製人員,門市／店員／專櫃人員
品田牧場台北桂林店,【品田牧場台北桂林店】餐飲服務/外場工讀兼職計時/大廳計時,餐飲服務人員,餐廚助手,,,,飯店／旅館服務人員,侍酒師,調酒師／吧台人員,冷熱飲調製人員,門市／店員／專櫃人員
品田牧場頭份尚順店,【品田牧場頭份尚順店】餐飲服務/外場工讀兼職計時/大廳計時,餐飲服務人員,工讀生,,,,侍酒師,飯店／旅館服務人員,調酒師／吧台人員,冷熱飲調製人員,門市／店員／專櫃人員
哈博,【哈博集團-哈博汽車】汽車維修半技師(集團徵才),汽車維修人員,汽車引擎技術人員,,,,汽車檢驗員,CNC車床人員,電機技師／工程師,電機設備裝配員,放電加工技術人員
哈博,【哈博集團-總部】司機,主管駕駛,,,,,小客車／小貨車司機,大客車司機,資材人員,運輸物流類主管,資材主管
哈泰,【哈泰】外場人員,餐飲服務人員,,,,,調酒師／吧台人員,冷熱飲調製人員,門市／店員／專櫃人員,飯店／旅館服務人員,外送人員
哈肉鍋,【哈肉鍋】好肉鍋物-愛河店-假日計時人員  / 時薪196-211元,餐飲服務人員,餐廚助手,洗碗人員,,,飯店／旅館服務人員,調酒師／吧台人員,侍酒師,冷熱飲調製人員,門市／店員／專櫃人員
員和非營利幼兒園,徵才【員和非營利幼兒園】園長 截至115年7月31日止,園長,,,,,木工,資材人員,營建雜工／粗工,神秘客,幼教老師
員和非營利幼兒園,徵才【員和非營利幼兒園】特教助理員 截至115年7月31日止,教保員／保育員,幼教老師,特殊教育教師,,,攝影助理,資訊助理人員,人事助理,生管／助理,助教
員林皇潮鼎宴,外場服務生【員林皇潮鼎宴】(月休8-10天),餐飲服務人員,餐飲領班,儲備幹部,,,調酒師／吧台人員,冷熱飲調製人員,飯店／旅館服務人員,門市／店員／專櫃人員,侍酒師
商研院,【商研院】台北辦公室-訓練發展專員,教育訓練人員,,,,,櫥窗／會場設計人員,活動企劃人員,室內設計師,電腦硬體研發工程師,資料庫管理人員
商研院,【商研院】專案管理師｜策略所 #政府單位,行政助理,行政人員,電腦操作／資料輸入,,,軟體相關管理師,商業分析師,病理藥理研究人員,法務人員,專案管理主管
商研院,【商研院｜行銷所】社群行銷人員（具美編能力／社群經營／活動支援）,社群經營人員,,,,,廣告設計,傳播媒體編輯企劃,行銷企劃人員,保險業務員／經紀人,活動企劃人員
商研院,商研院 ／ 計畫研究員 #台南  #專案型研究✧活動企劃執行✧行政整合,其他專案管理師,,,,,ERP專案管理師,資料庫管理人員,系統分析師,病理藥理研究人員,建築繪圖／設計
善菓堂,【善菓堂】-餐廳素食廚助,中式廚師,,,,,調酒師／吧台人員,侍酒師,冷熱飲調製人員,門市／店員／專櫃人員,飯店／旅館服務人員
善菓堂,善菓堂-餐飲素食中工,中式廚師,,,,,調酒師／吧台人員,餐飲主管,冷熱飲調製人員,門市／店員／專櫃人員,飯店／旅館服務人員
善菓屋,【善菓屋】-烘焙學徒計時夥伴,麵包師,,,,,調酒師／吧台人員,冷熱飲調製人員,咖啡師,工讀生,侍酒師
善菓屋宏匯店,【善菓屋宏匯店】-烘焙學徒計時夥伴,麵包師,,,,,調酒師／吧台人員,冷熱飲調製人員,侍酒師,咖啡師,外送人員
善菓屋復北店,【善菓屋復北店】-烘焙計時夥伴,麵包師,,,,,調酒師／吧台人員,侍酒師,冷熱飲調製人員,飯店／旅館服務人員,門市／店員／專櫃人員
喬園二店,🚀 北投名店【喬園二店】儲備幹部／正職人員 (月薪 38K~43K),餐飲服務人員,,,,,調酒師／吧台人員,品管／品保主管,西式廚師,冷熱飲調製人員,店長／門市管理人員
嘉南療養院,[嘉南療養院]護理科一約用初級庶務員,其他醫療從業人員,,,,,聽力師,護理助理(護佐),護理師,專科護理師,動物飼育專業人員
嘉南療養院,[嘉南療養院]護理科一部分工時人員,工讀生,,,,,專科護理師,聽力師,護理長,動物飼育專業人員,護理師
嘉寶北大館,【嘉寶北大館】客服行銷人員,飯店／旅館櫃檯人員,內勤業務,電話行銷人員,,,業務助理,國貿助理,活動企劃人員,國貿人員,秘書
嘉寶北大館,嘉寶北大館嬰兒室保母,保母／托育人員,,,,,調酒師／吧台人員,冷熱飲調製人員,品管／品保主管,飯店／旅館服務人員,ISO品保人員
嘉義嘉偉居服中心,【嘉義嘉偉居服中心】布袋-照顧服務員,照顧服務／指導員,,,,,房務人員,休閒娛樂事業從業人員,居家服務督導員,神秘客,電訪人員
嘉義嘉偉居服中心,【嘉義嘉偉居服中心】朴子-照顧服務員,照顧服務／指導員,,,,,房務人員,休閒娛樂事業從業人員,居家服務督導員,神秘客,空服人員
嘉義嘉偉居服中心,【嘉義嘉偉居服中心】東石-照顧服務員,照顧服務／指導員,,,,,休閒娛樂事業從業人員,房務人員,飯店／旅館服務人員,客服主管,神秘客
嘉義嘉偉居服中心,【嘉義嘉偉居服中心】水上-照顧服務員,照顧服務／指導員,,,,,房務人員,空服人員,居家服務督導員,神秘客,休閒娛樂事業從業人員
嘉義嘉偉居服中心,【嘉義嘉偉居服中心】義竹-照顧服務員,照顧服務／指導員,,,,,房務人員,休閒娛樂事業從業人員,居家服務督導員,空服人員,電訪人員
嘉義嘉偉居服中心,【嘉義嘉偉居服中心】鹿草-照顧服務員,照顧服務／指導員,,,,,休閒娛樂事業從業人員,房務人員,居家服務督導員,神秘客,電訪人員
嘉義太保廠,(嘉義太保廠)業務人員,國內業務人員,通路開發人員,門市／店員／專櫃人員,國外業務主管,儲備幹部,國外業務人員,國貿人員,報關人員,國貿助理,生管／助理
嘉義太保廠,領班【嘉義太保廠】-機電系統架設【會看圖施工具領導能力】,電機技師／工程師,機電技師／工程師,機構工程師,,,電子設備維修人員,冷凍空調技術人員／安裝員,IC佈局工程師,水電工程師,PLC／自動控制工程師
嘉義廠區,【嘉義廠區】弱電配管拉線(工安人員),工務工管人員,電腦操作／資料輸入,工地安全衛生工程師,,,電機技師／工程師,電機設備裝配員,電器產品維修人員,水電工,機械加工技術人員
嘉義湖美店,【嘉義湖美店】美容師,美容師,美容助理,護理師,,,調酒師／吧台人員,冷熱飲調製人員,門市／店員／專櫃人員,飯店／旅館服務人員,售票／收銀人員
嘉義秀泰,這一小鍋嘉義秀泰文化店【平假日PT招募】鍋物饗宴，共創美味,工讀生,餐飲服務人員,餐廚助手,,,侍酒師,調酒師／吧台人員,飯店／旅館服務人員,餐飲主管,門市／店員／專櫃人員
器官勸募移植中心,【器官勸募移植中心】協調護理師(育嬰留停職務代理),護理師,,,,,護理助理(護佐),文字客服,電訪人員,資訊助理人員,檔案資料管理人員
四代目菊川鰻魚飯專賣店,【四代目菊川鰻魚飯專賣店】台北大巨蛋 外場儲備幹部,餐飲服務人員,餐廚助手,,,,調酒師／吧台人員,餐飲主管,品管／品保主管,店長／門市管理人員,侍酒師
四維,徵～苓雅區（近四維路）固定班,隨扈／安全人員,管理員,保全人員／警衛,,,門市／店員／專櫃人員,調酒師／吧台人員,冷熱飲調製人員,資材人員,售票／收銀人員
四維,新莊四維校-美語老師,語文補習班老師,才藝類老師,,,,美術老師,幼教老師,安親課輔老師,升學補習班老師,教保員／保育員
四維,豐盛理財客戶經理-Treasures Relationship Manager(四維分行),理財專員,,,,,金融營業人員,保險業務員／經紀人,會計／出納／記帳人員,稅務人員,財務分析／財務人員
國強店,兒童活動區工讀生(World Gym桃園國強店),幼教老師,教保員／保育員,才藝類老師,,,飯店／旅館服務人員,門市／店員／專櫃人員,休閒娛樂事業從業人員,遊樂景點工作人員,售票／收銀人員
國強店,兒童活動專員(World Gym桃園國強店),幼教老師,才藝類老師,教保員／保育員,,,門市／店員／專櫃人員,售票／收銀人員,活動企劃人員,冷熱飲調製人員,電腦操作／資料輸入
國強店,清潔人員(World Gym桃園國強店),清潔／資源回收人員,工讀生,,,,房務人員,洗碗人員,調酒師／吧台人員,冷熱飲調製人員,門市／店員／專櫃人員
國泰,【國泰集團】ESG建築能效盤查工程師(台北),ESG永續管理師,,,,,軟體工程師,IC設計工程師,嵌入式工程師,水電工程師,土木工程師
國泰,【國泰集團】ESG建築能效盤查工程師(高雄),ESG永續管理師,,,,,軟體工程師,IC設計工程師,嵌入式工程師,水電工程師,系統工程師
國泰,【國泰集團】健檢技術員（乳房甲狀腺）,護理師,醫事放射師,醫事檢驗師,,,電機設備裝配員,技術人員,電機技師／工程師,維修技術人員,水產養殖人員
國泰,【國泰集團】健檢放射師,醫事放射師,,,,,品管人員,獸醫／獸醫佐,神秘客,智慧製程工程師,PLC／自動控制工程師
國泰,【國泰集團】健檢放射師(大安),醫事放射師,,,,,食品檢驗人員,品管人員,獸醫／獸醫佐,神秘客,智慧製程工程師
國泰,【國泰集團】健檢護理人員(內湖),護理師,專科護理師,,,,護理助理(護佐),神秘客,診所助理,資材人員,資料庫管理人員
國泰,【國泰集團】兼職健檢檢驗師(大安),醫事檢驗師,,,,,食品檢驗人員,品管人員,原料檢驗人員,檢驗人員,實驗／化驗人員
國泰,【國泰集團】兼職健檢護理人員(大安),護理師,專科護理師,,,,資訊助理人員,資料庫管理人員,護理助理(護佐),飯店／旅館服務人員,神秘客
國泰,【國泰集團】兼職健檢護理人員（內湖）,護理師,專科護理師,,,,護理助理(護佐),資訊助理人員,資料庫管理人員,神秘客,生管／助理
國泰,【國泰集團】兼職放射師(大安),醫事放射師,,,,,外送人員,飯店／旅館服務人員,調酒師／吧台人員,神秘客,遊樂景點工作人員
國泰,【國泰集團】兼職產後廚務助理(內湖),餐廚助手,中式廚師,西式廚師,,,秘書,電腦操作／資料輸入,業務助理,國貿助理,採購助理
國泰,【國泰集團】商辦 管理員,保全人員／警衛,隨扈／安全人員,管理員,,,資材主管,廣告設計,股務人員,資材人員,客服主管
國泰,【國泰集團】商辦督導(台北),基層管理幹部,儲備幹部,,,,居家服務督導員,宗教／神職人員,廣告設計,神秘客,木工
國泰,【國泰集團】物業專案企劃專員(台北),ERP專案管理師,,,,,生管／助理,資材人員,國貿人員,國外業務人員,文字客服
國泰,【國泰集團】產後機構廚務助理(內湖),餐廚助手,中式廚師,西式廚師,,,生管／助理,軟體助理工程師,採購助理,資訊助理人員,執行製作／助理
國泰,【國泰集團】百貨行銷企劃儲備幹部(桃園),行銷企劃人員,,,,,儲備幹部,產品企劃主管,國外業務主管,國內業務人員,國內業務主管
國泰,國泰店_保養廠半技師,汽車維修人員,汽車引擎技術人員,其他車輛維修人員,,,智慧製程工程師,塑膠押出技術人員,電機技師／工程師,CNC車床人員,放電加工技術人員
國泰,國泰店_保養廠學徒,汽車維修人員,汽車引擎技術人員,其他車輛維修人員,,,CNC車床人員,學徒,汽車檢驗員,壓鑄模具技術人員,塑膠押出技術人員
國泰,國泰店_保養廠技師,汽車維修人員,汽車引擎技術人員,其他車輛維修人員,,,智慧製程工程師,塑膠押出技術人員,電機技師／工程師,技術人員,電機設備裝配員
國際政經學院,【國際政經學院】誠徵臺大國際政經學專案經理1名,行政主管,秘書,,,,保險業務員／經紀人,文字客服,國貿人員,軟體專案主管,資料庫管理人員
國際政經學院,【國際政經學院】誠徵臺大國際政經學院執行襄理或執行副理1名,行政人員,,,,,資材人員,執行製作／助理,資料庫管理人員,生管／助理,文字客服
國際海運公司,【國際海運公司】總機櫃台人員#256,總機／接待／櫃檯人員,,,,,禮賓接待人員,飯店／旅館櫃檯人員,電腦操作／資料輸入,總務人員,資材人員
國際渡假,國際渡假集團飯店-迎賓人員,飯店／旅館櫃檯人員,,,,,調酒師／吧台人員,冷熱飲調製人員,飯店／旅館服務人員,門市／店員／專櫃人員,侍酒師
國際生殖醫學中心,【國際生殖醫學中心】 海外事業部-專職助理,客服人員,,,,,國貿助理,秘書,業務助理,採購助理,電腦操作／資料輸入
國際生殖醫學中心,【國際生殖醫學中心】 胚胎培養師,醫事檢驗師,其他醫療從業人員,,,,獸醫／獸醫佐,藥師,休閒娛樂事業從業人員,心理學研究人員,中醫師
國際生殖醫學中心,【國際生殖醫學中心】 試管嬰兒諮詢師,護理師,其他醫療從業人員,,,,心理學研究人員,臨床／諮商心理師,獸醫／獸醫佐,復健技術師,神秘客
國際生殖醫學中心,【國際生殖醫學中心】 門診書記,護理師,行政人員,,,,休閒娛樂事業從業人員,獸醫／獸醫佐,藥師,藥師助理,調酒師／吧台人員
國際生殖醫學中心,【國際生殖醫學中心】顧客服務與批價人員,行政人員,醫院行政管理人員,診所助理,,,文字客服,電話客服人員,電訪人員,客服人員,神秘客
土城店,(特力屋_土城店) 裝修專案助理專員,門市／店員／專櫃人員,,,,,資訊助理人員,生管／助理,電腦操作／資料輸入,採購助理,秘書
土城店,【土城店】美容師 / 芳療師,美容師,美療師／芳療師,,,,調酒師／吧台人員,冷熱飲調製人員,門市／店員／專櫃人員,飯店／旅館服務人員,售票／收銀人員
土城店,上水樸石鍋物外場正職人員（土城店）,餐飲服務人員,,,,,侍酒師,調酒師／吧台人員,飯店／旅館服務人員,冷熱飲調製人員,門市／店員／專櫃人員
土城店,上水樸石鍋物外場計時人員（土城店）,餐飲服務人員,,,,,飯店／旅館服務人員,侍酒師,調酒師／吧台人員,冷熱飲調製人員,門市／店員／專櫃人員
土城店,假日工讀人員(土城店),餐飲服務人員,餐廚助手,,,,冷熱飲調製人員,門市／店員／專櫃人員,調酒師／吧台人員,飯店／旅館服務人員,工讀生
土城店,台北 汽車銷售營業員-土城店,國內業務人員,汽車銷售人員,,,,門市／店員／專櫃人員,店長／門市管理人員,儲備幹部,售票／收銀人員,產品經理
土城店,土城店_保養廠技師,汽車維修人員,汽車引擎技術人員,其他車輛維修人員,,,智慧製程工程師,塑膠押出技術人員,電機技師／工程師,汽車檢驗員,技術人員
土城店,大全聯土城店 – 正職–倉管人員,門市／店員／專櫃人員,,,,,倉管／物料管理員,倉儲物流人員,資材人員,理貨人員,資材主管
土城店,尖牙義式廚房- 儲備幹部-新北土城店,餐飲服務人員,餐廚助手,,,,調酒師／吧台人員,品管／品保主管,西式廚師,冷熱飲調製人員,店長／門市管理人員
土城店,早班工讀人員(土城店),餐飲服務人員,餐廚助手,,,,冷熱飲調製人員,門市／店員／專櫃人員,飯店／旅館服務人員,調酒師／吧台人員,售票／收銀人員
土城店,晚班工讀人員(土城店),餐飲服務人員,餐廚助手,,,,冷熱飲調製人員,門市／店員／專櫃人員,飯店／旅館服務人員,調酒師／吧台人員,售票／收銀人員
土城店,桂林大全聯土城店-外場服務人員,餐飲服務人員,,,,,飯店／旅館服務人員,調酒師／吧台人員,門市／店員／專櫃人員,冷熱飲調製人員,侍酒師
土城店,業務設計師/助理設計師-土城店(室內設計、系統櫃),室內設計師,國內業務人員,門市／店員／專櫃人員,,,國貿助理,秘書,業務助理,採購助理,電腦操作／資料輸入
土城店,短期工讀人員(土城店),餐飲服務人員,餐廚助手,,,,冷熱飲調製人員,門市／店員／專櫃人員,飯店／旅館服務人員,調酒師／吧台人員,藥師助理
土城店,美容師 保障底薪 土城店,美容師,美容講師／技導,美療師／芳療師,美容助理,,儲備幹部,門市／店員／專櫃人員,售票／收銀人員,店長／門市管理人員,水電工程師
土城裕民店,摩斯土城裕民店(271mos),餐飲服務人員,,,,,調酒師／吧台人員,冷熱飲調製人員,門市／店員／專櫃人員,侍酒師,飯店／旅館服務人員
土城裕民店,門市西點裝飾人員85C 土城裕民店,西點蛋糕師,餐廚助手,,,,調酒師／吧台人員,冷熱飲調製人員,門市／店員／專櫃人員,遊樂景點工作人員,智慧製程工程師
土城頂埔日照中心,"【土城頂埔日照中心】照顧服務員/司機 (薪資32,000元~35,000元)",照顧服務／指導員,小客車／小貨車司機,,,,復健技術師,空服人員,資材人員,倉管／物料管理員,CNC車床人員
在長榮,‼️在長榮集團上班不再只是夢想了‼️清機課人員｜錄取率超高｜工作超簡單｜免經驗供餐 #RS03,地勤人員,建築物清潔人員,,,,原料檢驗人員,包裝員／作業員,品管人員,檢驗人員,CNC車床人員
城市商旅-真愛館,〖城市商旅-真愛館〗市場採購,採購人員,採購助理,生鮮處理人員,,,廣告設計,文字記者,行銷企劃人員,商化人員,資材人員
城市商旅-真愛館,〖城市商旅-真愛館〗訂席主管(27),飯店／旅館服務人員,電話客服人員,,,,飯店／旅館主管,儲備幹部,店長／門市管理人員,旅遊休閒類主管,客服主管
城市團隊,【城市團隊】挑戰業界最高薪!!百萬年薪不是夢💖月底吃土了嗎?我帶你用土賺錢!!💖(永義房屋桃園中路慈文武功店),國內業務人員,電訪人員,業務助理,,,木工,智慧製程工程師,營建雜工／粗工,PLC／自動控制工程師,電機技師／工程師
城市團隊,【城市團隊】挑戰業界最高薪!!誠徵 不動產業務(永義房屋桃園中路慈文武功店),不動產經紀人／營業員,,,,,國外業務人員,國內業務人員,廣告AE,國貿人員,國外業務主管
城市團隊,【城市團隊】挑戰業界最高薪!!💖與其苟延殘喘 不如縱情燃燒吧～💖(享底薪+優渥高％數獎金)(永義房屋桃園中路慈文武功店),產品企劃人員,門市／店員／專櫃人員,,,,智慧製程工程師,營建雜工／粗工,PLC／自動控制工程師,工業設計,木工
城市團隊,【城市團隊】挑戰業界最高薪!!💖與其苟延殘喘 不如縱情燃燒吧～💖誠徵業務戰將 (享底薪+優渥高％數獎金)(永義房屋桃園中路慈文武功店),產品企劃人員,門市／店員／專櫃人員,,,,國內業務人員,國外業務人員,客服主管,客服人員,電話客服人員
城市團隊,【城市團隊】給你舞台，收入高度由你決定,國內業務人員,電訪人員,業務助理,,,門市／店員／專櫃人員,調酒師／吧台人員,售票／收銀人員,冷熱飲調製人員,侍酒師
城市團隊,【城市團隊】高薪舞台等你上場，人生只拚一次太少！,不動產經紀人／營業員,電話行銷人員,國內業務人員,,,調酒師／吧台人員,冷熱飲調製人員,門市／店員／專櫃人員,飯店／旅館服務人員,侍酒師
城市團隊,【城市團隊】💖  我們不是找員工，是找下一個能被培養起來的人💖(永義房屋桃園中路慈文武功店),國內業務人員,不動產經紀人／營業員,,,,調酒師／吧台人員,門市／店員／專櫃人員,冷熱飲調製人員,房務人員,資材人員
城市科大,【城市科大】休閒系專案教師_115.05.08公告,教授／副教授／助理教授,,,,,資材人員,神秘客,軟體相關管理師,資料庫管理人員,建築繪圖／設計
城市科大,【城市科大】時尚造型系專案教師_115.05.08公告,教授／副教授／助理教授,整體造型師,美療師／芳療師,,,營建雜工／粗工,營建工程人員,服裝設計,木工,工業設計
城市科大,【城市科大】演藝系專案教師_115.05.08公告,教授／副教授／助理教授,,,,,律師,神秘客,服裝設計,軟體相關管理師,資材人員
基隆仁二店,【兼職】摩斯基隆仁二店(046mos),餐飲服務人員,,,,,調酒師／吧台人員,外送人員,門市／店員／專櫃人員,冷熱飲調製人員,侍酒師
基隆仁二店,漢堡王[基隆仁二店]誠徵兼職服務員【彈性工時】,餐飲服務人員,,,,,飯店／旅館服務人員,調酒師／吧台人員,門市／店員／專櫃人員,冷熱飲調製人員,侍酒師
基隆愛二店,【基隆愛二店】 兼職服務員-歡迎親洽,餐飲服務人員,餐廚助手,,,,飯店／旅館服務人員,門市／店員／專櫃人員,調酒師／吧台人員,冷熱飲調製人員,侍酒師
基隆愛二店,【基隆愛二店】服務員/訓練員｜無經驗可｜快速晉升,餐飲服務人員,儲備幹部,,,,門市／店員／專櫃人員,調酒師／吧台人員,售票／收銀人員,冷熱飲調製人員,侍酒師
塑膠工業技術發展中心,【塑膠工業技術發展中心】樣品檢測-測試助理,測試工程師,檢驗人員,,,,生產技術／製程工程師,機械操作人員,工程助理,生管／助理,組裝組立技術人員
塗成校,兼職英文老師【塗成校】,語文補習班老師,英文翻譯／口譯人員,,,,外送人員,調酒師／吧台人員,工讀生,冷熱飲調製人員,電腦補習班老師
塗成校,英文老師【塗成校】,語文補習班老師,英文翻譯／口譯人員,,,,調酒師／吧台人員,美術老師,工讀生,智慧製程工程師,冷熱飲調製人員
墨客,墨客有限公司｜大圖輸出後製/施工,櫥窗／會場設計人員,裝潢工程人員,,,,PLC／自動控制工程師,工業設計,電機技師／工程師,智慧製程工程師,水電工
士林區SOGO天母館,Ｊ【士林區SOGO天母館】夜班兼職百貨打蠟人員，時薪200元,清潔／資源回收人員,,,,,洗碗人員,調酒師／吧台人員,冷熱飲調製人員,外送人員,餐廚助手
士林雅聚,【士林雅聚】專業外場服務主任/領班,餐飲主管,飯店／旅館主管,,,,客服主管,領班／管理幹部,儲備幹部,PLC／自動控制工程師,客戶成功經理
士林雅聚,【士林雅聚】專業外場服務人員,餐飲主管,飯店／旅館主管,,,,神秘客,房務人員,客服主管,工業設計,PLC／自動控制工程師
士林雅聚,【士林雅聚】專業外場服務經/副理,餐飲主管,飯店／旅館主管,,,,客服主管,保險業務員／經紀人,產品企劃主管,文字客服,國內業務主管
壽司郎,《時薪196元起》【日商壽司郎】嘉義垂楊店-兼職人員 ★歡迎長期打工、二度就業、學生實習★,餐飲服務人員,工讀生,,,,調酒師／吧台人員,店長／門市管理人員,飯店／旅館服務人員,門市／店員／專櫃人員,侍酒師
壽司郎,《時薪196元起》【日商壽司郎】屏東環球店-兼職人員★歡迎二度就業、學生實習★,餐飲服務人員,工讀生,,,,調酒師／吧台人員,店長／門市管理人員,飯店／旅館服務人員,門市／店員／專櫃人員,侍酒師
壽司郎,《時薪196元起》【日商壽司郎】彰化員林大道店-兼職人員★歡迎長期打工、二度就業、學生實習★,餐飲服務人員,工讀生,,,,調酒師／吧台人員,飯店／旅館服務人員,店長／門市管理人員,門市／店員／專櫃人員,侍酒師
壽司郎,《時薪200元起》【日商壽司郎】台中遠雄店-兼職人員★歡迎開學晚班人員、二度就業、學生實習★,餐飲服務人員,工讀生,,,,飯店／旅館服務人員,調酒師／吧台人員,門市／店員／專櫃人員,店長／門市管理人員,侍酒師
壽司郎,《時薪200元起》【日商壽司郎】高雄美術館店-兼職人員 ★歡迎二度就業、學生實習★,餐飲服務人員,工讀生,,,,調酒師／吧台人員,店長／門市管理人員,飯店／旅館服務人員,門市／店員／專櫃人員,侍酒師
壽司郎,《時薪215元起》【日商壽司郎】台中文心店-兼職人員★歡迎二度就業、學生實習★,餐飲服務人員,工讀生,,,,調酒師／吧台人員,飯店／旅館服務人員,門市／店員／專櫃人員,侍酒師,店長／門市管理人員
壽司郎,【壽司郎】勞工健康服務護理人員 ※人事部,勞工健康服務護理人員／廠護,,,,,店長／門市管理人員,餐飲主管,飯店／旅館主管,售票／收銀人員,總幹事
壽司郎,【日商 壽司郎】人事部人員,人事／人力資源主管,人事／人力資源專員,教育訓練人員,,,店長／門市管理人員,餐飲主管,品管／品保主管,儲備幹部,資材主管
壽司郎,【日商 壽司郎】資訊部 ＜組員＞※需日文能力,資訊助理人員,MIS工程師,,,,店長／門市管理人員,資材主管,品管／品保主管,調酒師／吧台人員,儲備幹部
壽司郎,六日時薪+10元《時薪200元起》【日商壽司郎】新北板橋府中店-兼職人員★歡迎暑假打工、長期打工、二度就業、學生實習★,餐飲服務人員,工讀生,,,,調酒師／吧台人員,店長／門市管理人員,門市／店員／專櫃人員,餐飲主管,飯店／旅館服務人員
壽司郎,六日時薪+10元《時薪200元起》【日商壽司郎】新北板橋新埔店-兼職人員★歡迎暑假打工、長期打工、二度就業、學生實習★,餐飲服務人員,工讀生,,,,調酒師／吧台人員,店長／門市管理人員,門市／店員／專櫃人員,飯店／旅館服務人員,餐飲主管
壽司郎,六日時薪+10元《時薪205元起》【日商壽司郎】淡水新市店-兼職人員★歡迎暑假打工、長期打工、二度就業、學生實習★,餐飲服務人員,工讀生,,,,調酒師／吧台人員,店長／門市管理人員,門市／店員／專櫃人員,飯店／旅館服務人員,侍酒師
壽司郎,六日時薪+15元《時薪225元起》【日商壽司郎】南港CITYLINK店-兼職人員★歡迎長期打工、二度就業、學生實習★,餐飲服務人員,工讀生,,,,調酒師／吧台人員,店長／門市管理人員,門市／店員／專櫃人員,飯店／旅館服務人員,餐飲主管
壽司郎,六日時薪+15元《時薪240元起》【日商壽司郎】微風南山店-兼職人員★歡迎二度就業、學生實習★,餐飲服務人員,,,,,調酒師／吧台人員,店長／門市管理人員,門市／店員／專櫃人員,飯店／旅館服務人員,餐飲主管
壽司郎,六日時薪+20元《時薪205元起》【日商壽司郎】桃園八德置地店-兼職人員★歡迎長期打工、二度就業、學生實習、寒假打工★,餐飲服務人員,工讀生,,,,調酒師／吧台人員,店長／門市管理人員,門市／店員／專櫃人員,飯店／旅館服務人員,餐飲主管
壽司郎,六日時薪+20元《時薪215元起》【日商壽司郎】三重Citylink店-兼職人員★歡迎暑假打工、長期打工、二度就業、學生實習★,餐飲服務人員,工讀生,,,,調酒師／吧台人員,店長／門市管理人員,門市／店員／專櫃人員,飯店／旅館服務人員,侍酒師
壽司郎,六日時薪+20元《時薪215元起》【日商壽司郎】蘆洲徐匯廣場店-兼職人員★歡迎暑假打工、長期打工、二度就業、學生實習★,餐飲服務人員,工讀生,,,,調酒師／吧台人員,店長／門市管理人員,門市／店員／專櫃人員,飯店／旅館服務人員,侍酒師
壽司郎,六日時薪+20元《時薪230元起》【日商壽司郎】台北內湖大全聯店-兼職人員★歡迎長期打工、二度就業、學生實習★,餐飲服務人員,工讀生,,,,調酒師／吧台人員,店長／門市管理人員,門市／店員／專櫃人員,飯店／旅館服務人員,餐飲主管
壽司郎,六日時薪+25元《時薪240元起》【日商壽司郎】桃園青埔IKEA店-兼職人員★歡迎長期打工、二度就業、學生實習、寒假打工★,餐飲服務人員,工讀生,,,,調酒師／吧台人員,店長／門市管理人員,門市／店員／專櫃人員,飯店／旅館服務人員,餐飲主管
壽司郎,自8/1起六日時薪+15元《時薪215元起》【日商壽司郎】台北石牌店-兼職人員★歡迎暑假打工、長期打工、二度就業、學生實習★,餐飲服務人員,工讀生,,,,調酒師／吧台人員,店長／門市管理人員,門市／店員／專櫃人員,飯店／旅館服務人員,餐飲主管
壽險,知名全球外商壽險_電銷人員_獎金抽成高_無經驗可,電話行銷人員,保險業務員／經紀人,電話行銷人員,,,國內業務人員,廣告AE,行銷企劃人員,國外業務人員,國外業務主管
壽險,高雄鼓山區｜壽險內勤職缺招募中｜夜校生＆二度就業首選！,行政助理,行政人員,電腦操作／資料輸入,,,稽核人員,稽核主管,核保／保險內勤人員,品管／品保主管,票務人員／旅行社人員
夏慕尼台中台灣大道店,【夏慕尼台中台灣大道店】廚藝計時人員,其他料理廚師,餐廚助手,西式廚師,,,調酒師／吧台人員,冷熱飲調製人員,侍酒師,飯店／旅館服務人員,門市／店員／專櫃人員
夏慕尼台中台灣大道店,夏慕尼台中台灣大道店-鐵板料理師傅,餐廚助手,其他料理廚師,西式廚師,,,調酒師／吧台人員,侍酒師,冷熱飲調製人員,咖啡師,門市／店員／專櫃人員
夏慕尼台北忠孝東店,大廳計時人員【夏慕尼台北忠孝東店】,餐飲服務人員,餐飲領班,,,,侍酒師,飯店／旅館服務人員,調酒師／吧台人員,冷熱飲調製人員,門市／店員／專櫃人員
夏慕尼台北忠孝東店,廚藝助理【夏慕尼台北忠孝東店】,鐵板燒廚師,餐廚助手,,,,門市／店員／專櫃人員,藥師助理,電腦操作／資料輸入,售票／收銀人員,冷熱飲調製人員
夏慕尼板橋民生店,【夏慕尼板橋民生店】大廳服務人員,餐飲服務人員,,,,,飯店／旅館服務人員,侍酒師,調酒師／吧台人員,冷熱飲調製人員,門市／店員／專櫃人員
夏慕尼板橋民生店,【夏慕尼板橋民生店】廚藝助理,餐廚助手,鐵板燒廚師,西式廚師,,,電腦操作／資料輸入,財務／會計助理,秘書,業務助理,資訊助理人員
外貿協會,【外貿協會】土木工程師(台中國際會展中心/智慧工程組) #238,土木技師,土木工程師,營建工程人員,,,裝潢工程人員,室內設計師,建築繪圖／設計,電腦硬體研發工程師,櫥窗／會場設計人員
外貿協會,【外貿協會】專案經理(數位商務處/會員經營組)#205,專案經理,行政人員,行政助理,,,保險業務員／經紀人,文字記者,稅務人員,軟體專案主管,產品企劃主管
外貿協會,【外貿協會】專案經理(數位商務處/營運發展組)#205,專案經理,行政人員,行政助理,,,商化人員,通路開發人員,空運／船務,報關人員,產品企劃人員
外貿協會,【外貿協會】機電系統工程師(國際會展中心) #238,電機技師／工程師,機電技師／工程師,水電工程師,,,裝潢工程人員,室內設計師,系統工程師,工業設計,建築繪圖／設計
外貿協會,【外貿協會】資通訊安全人員(數位科技中心_軟體開發組)#205,資安工程師,網路安全分析師,網路管理工程師,,,軟／韌體測試工程師,MIS／網管主管,後端工程師,韌體工程師,區塊鏈工程師
夢時代店,【日商】台南夢時代店-計時工讀生,餐飲服務人員,餐廚助手,,,,調酒師／吧台人員,冷熱飲調製人員,飯店／旅館服務人員,門市／店員／專櫃人員,外送人員
大全聯中壢店,大全聯中壢店-正職-網購揀貨人員,門市／店員／專櫃人員,客服人員,,,,倉管／物料管理員,生鮮處理人員,倉儲物流人員,理貨人員,包裝員／作業員
大全聯鳳山店,大全聯鳳山店 - 兼職-長期早班水產人員,生鮮處理人員,,,,,資材人員,生管／助理,售票／收銀人員,倉管／物料管理員,資料庫管理人員
大全聯鳳山店,大全聯鳳山店 - 正職-熟食人員（享技術津貼）,餐飲服務人員,餐廚助手,,,,智慧製程工程師,電機技師／工程師,水電工,電機設備裝配員,塑膠押出技術人員
大和鼓(富山黑拉麵),桃園機場二航廈【大和鼓(富山黑拉麵)】暑期工讀生,餐飲服務人員,餐廚助手,,,,飯店／旅館服務人員,冷熱飲調製人員,調酒師／吧台人員,門市／店員／專櫃人員,工讀生
大園紙器廠,[大園紙器廠] 水處理技術員,環保／環境工程師／技師,工廠安全衛生人員,,,,汽車檢驗員,電機技師／工程師,電機設備裝配員,塑膠押出技術人員,CNC車床人員
大園紙器廠,[大園紙器廠]調色員,染印人員,設計助理,,,,智慧製程工程師,品管人員,調酒師／吧台人員,木工,包裝員／作業員
大墩二店,(台中南屯區大墩二店)斯朵利美甲美學概念館-美甲師-助理-儲備主管,美甲彩繪師,,,,,售票／收銀人員,特別助理,UI/UX設計師,資訊助理人員,電腦操作／資料輸入
大墩二店,南屯區誠徵美甲師💗 斯朵利大墩二店 美甲助理無經驗可 （免費全科班）,美甲彩繪師,美容助理,,,,美甲助理,生管／助理,資訊助理人員,藥師助理,攝影助理
大墩二店,斯朵利【 大墩二店】 徵設計師、助理、準師,髮型設計師,美髮助理,,,,室內設計助理,資訊助理人員,設計助理,生管／助理,電腦操作／資料輸入
大墩店,【加盟店】美容師 (大墩店),美容師,,,,,門市／店員／專櫃人員,售票／收銀人員,遊樂景點工作人員,調酒師／吧台人員,休閒娛樂事業從業人員
大墩店,大墩店-驗光師(生),驗光師,,,,,調酒師／吧台人員,冷熱飲調製人員,品管人員,門市／店員／專櫃人員,智慧製程工程師
大墩店,📢台中西屯區大墩店📢熱情招募 設計師 準師 助理 隨時歡迎你/您,美髮助理,髮型設計師,,,,室內設計助理,冷凍空調繪圖／設計,設計助理,資訊助理人員,UI/UX設計師
大安區SOGO復興館,J【周休二日-夜班22:00-02:00打蠟員】大安區SOGO復興館，薪$200/H,清潔／資源回收人員,家事服務／洗衣,汽車美容,,,洗碗人員,餐廚助手,西式廚師,調酒師／吧台人員,冷熱飲調製人員
大安區SOGO復興館,"J【百貨夜班保全】大安區SOGO復興館，薪45,000-46,000元/288H",保全人員／警衛,管理員,,,,調酒師／吧台人員,西式廚師,冷熱飲調製人員,品管／品保主管,洗碗人員
大安區SOGO忠孝館,"Ｎ【大安區SOGO忠孝館】百貨早班清潔員，薪約31,000元/月，歡迎二度就業",清潔／資源回收人員,,,,,洗碗人員,房務人員,調酒師／吧台人員,冷熱飲調製人員,餐廚助手
大寮元件廠,＜大寮元件廠＞-代徵正職助理工程師,軟體助理工程師,電機設備裝配員,電子設備維修人員,生產設備工程師,產品設備維修人員,工程助理,CNC程式設計師,組裝組立技術人員,生產技術／製程工程師,機械操作人員
大寮店,主管（大寮店）做一休一,飯店／旅館主管,,,,,店長／門市管理人員,品管／品保主管,餐飲主管,資材主管,調酒師／吧台人員
大寮店,佑佑鍋燒麵(大寮店)正職人員,餐飲服務人員,餐廚助手,,,,調酒師／吧台人員,侍酒師,冷熱飲調製人員,門市／店員／專櫃人員,飯店／旅館服務人員
大寮店,客房領班（大寮店）做一休一,飯店／旅館主管,,,,,領班／管理幹部,神秘客,木工,房務人員,水電工
大巨蛋,"J【 信義區SOGO大巨蛋A-1】百貨晚班清潔員，薪32,000元，歡迎二度就業",清潔／資源回收人員,,,,,房務人員,洗碗人員,調酒師／吧台人員,冷熱飲調製人員,餐廚助手
大巨蛋,"J【 純內哨-固定時段08-20  日班中控保全員】信義區SOGO大巨蛋館，薪45,000-46,000元/288Ｈ(須具備服勤人員證照)",保全人員／警衛,,,,,稽核人員,核保／保險內勤人員,餐廚助手,稽核主管,餐飲服務人員
大巨蛋,"J【 純內哨-固定時段20-08點  夜班中控保全員】信義區SOGO大巨蛋館，薪45,000-46,000元/288Ｈ",保全人員／警衛,,,,,餐廚助手,餐飲服務人員,核保／保險內勤人員,稽核人員,調酒師／吧台人員
大巨蛋,"J【信義區百貨:夜班保全】SOGO大巨蛋商場，薪48,000-49,000元/24天(含津貼)鄰近國父紀念館5號出口",保全人員／警衛,管理員,,,,生鮮處理人員,倉管／物料管理員,倉儲物流人員,資材主管,調酒師／吧台人員
大巨蛋,"J【信義區百貨:夜班保全副股長】SOGO大巨蛋商場，薪46,899元以上/24天(含津貼)鄰近國父紀念館5號出口",保全人員／警衛,管理員,,,,店長／門市管理人員,儲備幹部,調酒師／吧台人員,資材主管,門市／店員／專櫃人員
大巨蛋,"J【信義區百貨:夜班保全股長】SOGO大巨蛋商場，薪49,000元/24天(含津貼)鄰近國父紀念館5號出口",保全人員／警衛,管理員,,,,店長／門市管理人員,儲備幹部,資材主管,金融營業人員,門市／店員／專櫃人員
大巨蛋,"J【信義區百貨:日班保全】SOGO大巨蛋商場，薪45,000-46,000元/24天(含津貼)鄰近國父紀念館5號出口",保全人員／警衛,管理員,,,,生鮮處理人員,調酒師／吧台人員,倉管／物料管理員,資材主管,倉儲物流人員
大巨蛋,"J【信義區百貨:日班保全股長】SOGO大巨蛋商場，薪49,000元/24天(含津貼)鄰近國父紀念館5號出口",保全人員／警衛,管理員,,,,店長／門市管理人員,儲備幹部,資材主管,品管／品保主管,ISO品保人員
大巨蛋,"J【早上8點上班 信義區SOGO大巨蛋A-1】百貨早班清潔員，薪32,000元，歡迎二度就業",清潔／資源回收人員,,,,,房務人員,洗碗人員,調酒師／吧台人員,冷熱飲調製人員,餐廚助手
大巨蛋,[彈性排班]大巨蛋新開幕美食街工讀,餐飲服務人員,餐廚助手,,,,調酒師／吧台人員,冷熱飲調製人員,門市／店員／專櫃人員,飯店／旅館服務人員,侍酒師
大巨蛋,【百貨/樓面營運管理】管理職養成｜無經驗可｜年終3.5個月｜近大巨蛋_AMR225,樓面管理人員,店長／門市管理人員,門市／店員／專櫃人員,,,水電工,技術人員,領班／管理幹部,資材主管,噴漆技術人員
大巨蛋,內衣大巨蛋百貨專櫃人員,門市／店員／專櫃人員,,,,,餐廚助手,生鮮處理人員,客服人員,電話客服人員,倉管／物料管理員
大巨蛋,北區營業部-家電銷售顧問(大巨蛋SOGO)*新據點*,門市／店員／專櫃人員,店長／門市管理人員,售票／收銀人員,,,國內業務主管,國外業務主管,國內業務人員,產品經理,儲備幹部
大巨蛋,潔膚師(大巨蛋店),美容師,美療師／芳療師,,,,調酒師／吧台人員,冷熱飲調製人員,房務人員,門市／店員／專櫃人員,洗碗人員
大巨蛋旗艦店,【大巨蛋旗艦店】精緻歐陸餐酒館｜駐店副主廚 / 廚務副主管,西式廚師,其他料理廚師,,,,調酒師／吧台人員,店長／門市管理人員,品管／品保主管,餐飲主管,門市／店員／專櫃人員
大成,勝博殿總公司勞安管理師(大成集團餐飲服務群),職業安全衛生管理人員,,,,,飯店／旅館服務人員,調酒師／吧台人員,侍酒師,冷熱飲調製人員,門市／店員／專櫃人員
大成,大成加油站六日兼職洗車員,汽車美容,,,,,加油服務,洗碗人員,建築物清潔人員,房務人員,家事服務／洗衣
大成,桃園大成教室 國中/高中個別指導講師(兼職),數理補習班老師,語文補習班老師,升學補習班老師,,,工讀生,國中教師,高中職教師,音樂老師,專任管理員
大林本院,中班照服員【大林本院】,照顧服務／指導員,保母／托育人員,,,,休閒娛樂事業從業人員,遊樂景點工作人員,售票／收銀人員,加油服務,房務人員
大林本院,儲備幹部【大林本院】,照顧服務／指導員,護理師,社會工作人員／督導,,,儲備幹部,電機工程主管,品管／品保主管,資材主管,智慧製程工程師
大樹藥局,【大樹藥局】保母新選擇！婦幼首選薪資優！32~38K UP！－南投全區,店長／門市管理人員,儲備幹部,保母／托育人員,,,調酒師／吧台人員,門市／店員／專櫃人員,品管／品保主管,冷熱飲調製人員,飯店／旅館服務人員
大樹藥局,【大樹藥局】保母新選擇！婦幼首選薪資優！32~38K UP！－台中全區,店長／門市管理人員,儲備幹部,保母／托育人員,,,調酒師／吧台人員,門市／店員／專櫃人員,侍酒師,冷熱飲調製人員,飯店／旅館服務人員
大樹藥局,【大樹藥局】保母新選擇！婦幼首選薪資優！32~38K UP！－台南全區,店長／門市管理人員,儲備幹部,保母／托育人員,,,調酒師／吧台人員,品管／品保主管,冷熱飲調製人員,門市／店員／專櫃人員,侍酒師
大樹藥局,【大樹藥局】保母新選擇！婦幼首選薪資優！32~38K UP！－台東全區,店長／門市管理人員,儲備幹部,保母／托育人員,,,調酒師／吧台人員,品管／品保主管,冷熱飲調製人員,門市／店員／專櫃人員,侍酒師
大樹藥局,【大樹藥局】保母新選擇！婦幼首選薪資優！32~38K UP！－嘉義全區,店長／門市管理人員,儲備幹部,保母／托育人員,,,調酒師／吧台人員,品管／品保主管,冷熱飲調製人員,門市／店員／專櫃人員,飯店／旅館服務人員
大樹藥局,【大樹藥局】保母新選擇！婦幼首選薪資優！32~38K UP！－宜蘭全區,店長／門市管理人員,儲備幹部,保母／托育人員,,,調酒師／吧台人員,冷熱飲調製人員,品管／品保主管,門市／店員／專櫃人員,飯店／旅館服務人員
大樹藥局,【大樹藥局】保母新選擇！婦幼首選薪資優！32~38K UP！－屏東全區,店長／門市管理人員,儲備幹部,保母／托育人員,,,調酒師／吧台人員,品管／品保主管,冷熱飲調製人員,門市／店員／專櫃人員,侍酒師
大樹藥局,【大樹藥局】保母新選擇！婦幼首選薪資優！32~38K UP！－彰化全區,店長／門市管理人員,儲備幹部,保母／托育人員,,,調酒師／吧台人員,品管／品保主管,冷熱飲調製人員,門市／店員／專櫃人員,侍酒師
大樹藥局,【大樹藥局】保母新選擇！婦幼首選薪資優！32~38K UP！－桃園全區,店長／門市管理人員,儲備幹部,保母／托育人員,,,調酒師／吧台人員,品管／品保主管,冷熱飲調製人員,門市／店員／專櫃人員,餐飲服務人員
大樹藥局,【大樹藥局】保母新選擇！婦幼首選薪資優！32~38K UP！－花蓮全區,店長／門市管理人員,儲備幹部,保母／托育人員,,,調酒師／吧台人員,品管／品保主管,冷熱飲調製人員,門市／店員／專櫃人員,飯店／旅館服務人員
大樹藥局,【大樹藥局】保母新選擇！婦幼首選薪資優！32~38K UP！－苗栗全區,店長／門市管理人員,儲備幹部,保母／托育人員,,,調酒師／吧台人員,冷熱飲調製人員,品管／品保主管,門市／店員／專櫃人員,飯店／旅館服務人員
大樹藥局,【大樹藥局】保母新選擇！婦幼首選薪資優！32~38K UP！－雲林全區,店長／門市管理人員,儲備幹部,保母／托育人員,,,調酒師／吧台人員,品管／品保主管,冷熱飲調製人員,門市／店員／專櫃人員,飯店／旅館服務人員
大樹藥局,【大樹藥局】保母新選擇！婦幼首選薪資優！32~38K UP！－高雄全區,店長／門市管理人員,儲備幹部,保母／托育人員,,,調酒師／吧台人員,品管／品保主管,冷熱飲調製人員,門市／店員／專櫃人員,侍酒師
大樹藥局,【大樹藥局】保母新選擇！婦幼首選薪資優！34~40K UP！－台北全區,店長／門市管理人員,儲備幹部,保母／托育人員,,,調酒師／吧台人員,品管／品保主管,冷熱飲調製人員,門市／店員／專櫃人員,飯店／旅館服務人員
大樹藥局,【大樹藥局】保母新選擇！婦幼首選薪資優！34~40K UP！－新北全區,店長／門市管理人員,儲備幹部,保母／托育人員,,,調酒師／吧台人員,品管／品保主管,冷熱飲調製人員,門市／店員／專櫃人員,飯店／旅館服務人員
大樹藥局,【大樹藥局】保母新選擇！婦幼首選薪資優！34~40K UP！－新竹全區,店長／門市管理人員,儲備幹部,保母／托育人員,,,調酒師／吧台人員,品管／品保主管,冷熱飲調製人員,門市／店員／專櫃人員,餐飲服務人員
大樹藥局,【大樹藥局】清潔人員,家事服務／洗衣,清潔／資源回收人員,,,,冷熱飲調製人員,飯店／旅館服務人員,調酒師／吧台人員,門市／店員／專櫃人員,房務人員
大樹藥局,【大樹藥局】計時藥師-時薪500元－台南鹽水區,藥師,,,,,調酒師／吧台人員,冷熱飲調製人員,侍酒師,藥師助理,門市／店員／專櫃人員
大樹藥局,大樹藥局新興復興店_底薪65K_銷售藥師(第二藥師),藥師,,,,,門市／店員／專櫃人員,侍酒師,調酒師／吧台人員,店長／門市管理人員,冷熱飲調製人員
大甲廠,引擎技師(大甲廠),汽車維修人員,汽車引擎技術人員,其他車輛維修人員,,,汽車檢驗員,電機技師／工程師,電機設備裝配員,CNC車床人員,模具技術人員
大甲廠,生技工程師【大甲廠】,生產技術／製程工程師,工業設計,,,,電機技師／工程師,電機設備裝配員,智慧製程工程師,模具技術人員,塑膠押出技術人員
大盤大,樂華夜市手機配件銷售人員-大盤大企業社,總機／接待／櫃檯人員,,,,,門市／店員／專櫃人員,售票／收銀人員,休閒娛樂事業從業人員,遊樂景點工作人員,飯店／旅館服務人員
大直典華,【大直典華】宴會服務部-後場管理人員,家事服務／洗衣,倉管／物料管理員,,,,售票／收銀人員,客服主管,門市／店員／專櫃人員,飯店／旅館服務人員,行政主管
大直典華,【大直典華】工商活動訂席業務,國內業務人員,國內業務主管,,,,國外業務人員,國貿人員,廣告AE,報關人員,國貿助理
大直典華,【大直典華】影音工程工讀生,工讀生,,,,,RF通訊工程師,嵌入式工程師,韌體工程師,軟／韌體測試工程師,演算法開發工程師
大直典華,【大直典華】影音工程師,音響／音控技術人員,燈光技術人員,,,,RF通訊工程師,嵌入式工程師,韌體工程師,數位IC設計工程師,BIOS工程師
大直典華,【大直典華】影音工程經理,音響／音控技術人員,燈光技術人員,,,,軟體專案主管,嵌入式工程師,建築繪圖／設計,RF通訊工程師,IC設計工程師
大直典華,【大直典華】維修工程師,電機維修人員,機電技師／工程師,,,,水電工程師,PLC／自動控制工程師,電腦組裝／維修,工業設計,BIOS工程師
大直典華,【大直典華】訂席業務,國內業務人員,客服人員,飯店／旅館服務人員,,,國外業務人員,國貿人員,報關人員,國貿助理,廣告AE
大直典華,【大直典華】資訊助理工程師,MIS工程師,資訊助理人員,網路管理工程師,,,光電／半導體工程助理,冷凍空調繪圖／設計,室內設計助理,工程助理,機械設計／繪圖人員
大直典華 宴會廳,【大直典華 宴會廳】日料 四廚,其他料理廚師,日式廚師,,,,調酒師／吧台人員,侍酒師,冷熱飲調製人員,飯店／旅館服務人員,門市／店員／專櫃人員
大直美麗華,品牌銷售顧問｜保障底薪＋獎金制度 (大直美麗華),門市／店員／專櫃人員,,,,,專業顧問,行銷企劃人員,產品經理,產品企劃主管,廣告設計
大華金屬管理處,【大華金屬管理處】稽核專員,稽核人員,,,,,資材人員,金融營業人員,資材主管,資料庫管理人員,查帳／審計人員
大葉高島屋,一鍋三饗外場正職、儲備幹部(大葉高島屋),餐飲服務人員,餐飲領班,,,,餐飲主管,調酒師／吧台人員,店長／門市管理人員,侍酒師,品管／品保主管
大葉高島屋,大葉高島屋-部份工時人員(工讀生),工讀生,,,,,調酒師／吧台人員,冷熱飲調製人員,門市／店員／專櫃人員,飯店／旅館服務人員,餐飲主管
大葉高島屋店,阪前鐵板燒大葉高島屋店(籌備中)-鐵板料理師傅,鐵板燒廚師,,,,,中式廚師,調酒師／吧台人員,其他料理廚師,餐廚助手,烹飪老師
大葉高島屋店,髮型設計師(大葉高島屋店),髮型設計師,美髮講師／技導,整體造型師,,,工業設計,平面設計,建築繪圖／設計,水電工程師,服裝設計
大豐,【大豐】保安系統資深工程師,專案經理,ERP專案管理師,,,,軟體工程師,保全工程技術人員,土木工程師,IC設計工程師,水電工程師
大豐,派駐『矽品精密』中山、大豐廠區安全監控文書處理人員[CSS-AJ-37],電腦操作／資料輸入,管理員,保全人員／警衛,,,生管／助理,資材人員,資料庫管理人員,影片製作技術人員,報關人員
天仁茗茶喫茶趣高雄夢時代店,"[天仁茗茶喫茶趣高雄夢時代店]-廚房正職人員 33,000元-35,000元起薪",中／港式點心廚師,中式廚師,,,,調酒師／吧台人員,冷熱飲調製人員,侍酒師,洗碗人員,餐廚助手
天仁茗茶喫茶趣高雄義享店,[天仁茗茶喫茶趣高雄義享店]-早晚班   廚藝兼職助手,餐廚助手,洗碗人員,,,,調酒師／吧台人員,冷熱飲調製人員,門市／店員／專櫃人員,飯店／旅館服務人員,售票／收銀人員
天母SOGO,【兼職】摩斯天母SOGO店(406mos),餐飲服務人員,,,,,調酒師／吧台人員,外送人員,冷熱飲調製人員,門市／店員／專櫃人員,侍酒師
天母SOGO,台北天母SOGO-漢來海港自助餐廳 儲備幹部,餐飲服務人員,,,,,調酒師／吧台人員,餐飲主管,侍酒師,店長／門市管理人員,門市／店員／專櫃人員
天母SOGO,台北天母SOGO-漢來海港自助餐廳 副主任,餐飲服務人員,,,,,調酒師／吧台人員,侍酒師,門市／店員／專櫃人員,冷熱飲調製人員,售票／收銀人員
天母SOGO,台北天母SOGO-漢來海港自助餐廳 早班 長期工讀生 PT,餐飲服務人員,,,,,飯店／旅館服務人員,調酒師／吧台人員,冷熱飲調製人員,侍酒師,門市／店員／專櫃人員
天母SOGO,台北天母SOGO-漢來海港自助餐廳 晚班 長期工讀生 PT,餐飲服務人員,,,,,飯店／旅館服務人員,調酒師／吧台人員,冷熱飲調製人員,侍酒師,門市／店員／專櫃人員
天母SOGO,台北天母SOGO-漢來海港自助餐廳 領班,餐飲服務人員,,,,,調酒師／吧台人員,飯店／旅館服務人員,冷熱飲調製人員,侍酒師,門市／店員／專櫃人員
天賦發展中心,人資管理師【天賦發展中心】-屏東農科園區(外縣市免費供宿三個月),人事／人力資源專員,,,,,資材人員,客服主管,資材主管,門市／店員／專櫃人員,售票／收銀人員
天閣,00 天閣集團-櫃檯組長/副主任/主任(北區聯招),儲備幹部,飯店／旅館服務人員,飯店／旅館主管,,,行政主管,資材人員,人事／人力資源主管,軟體專案主管,客服主管
天閣,01 天閣集團-工程專員(總管理處),工務助理,水電工,飯店／旅館服務人員,,,工務工管人員,土木工程師,設計主管,嵌入式工程師,IC設計工程師
天閣,01 天閣集團-訂房中心(總管理處),飯店／旅館服務人員,業務助理,內勤業務,,,水電工,PLC／自動控制工程師,資材人員,房務人員,客服主管
好士康,【好士康】健康專員,護理師,營養師,個案管理師,,,獸醫／獸醫佐,門市／店員／專櫃人員,售票／收銀人員,冷熱飲調製人員,金融營業人員
好士康,【好士康】長照諮詢專員,護理師,個案管理師,物理治療師,,,神秘客,金融營業人員,專業顧問,產品經理,儲備幹部
好好鍋＿美術店,〖好好鍋＿美術店〗外場計時人員,餐飲服務人員,,,,,調酒師／吧台人員,侍酒師,飯店／旅館服務人員,冷熱飲調製人員,門市／店員／專櫃人員
好室成家,不動產顧問師培訓／百萬經紀人🚀好室成家團隊帶你夢想起飛💰,不動產經紀人／營業員,,,,,客戶成功經理,儲備幹部,產品經理,客服主管,ISO品保人員
好室成家,加入好室成家團隊🌟不動產營業員🌟開啟您的百萬職涯新篇章！住商桃園平鎮店,國內業務人員,不動產經紀人／營業員,,,,門市／店員／專櫃人員,儲備幹部,店長／門市管理人員,調酒師／吧台人員,侍酒師
好室成家,🙌職場新鮮人👌不動產小白💕保證使你成為專業經理人🙌好室成家團隊歡迎你,不動產經紀人／營業員,,,,,客戶成功經理,儲備幹部,客服主管,產品經理,國內業務人員
好膳,"【總部】好膳集團研發廚師_用創意顛覆蔬食料理_月薪50,000~90,000元_Miacucina連鎖品牌",其他料理廚師,中／港式點心廚師,西式廚師,,,特用化學工程師,食品研發人員,工業工程師,智慧製程工程師,電機工程主管
威富空調,❄️ 【威富空調】徵半技工｜月薪 36K+獎金｜週休二日．公費補助考照,冷凍空調技術人員／安裝員,,,,,電機技師／工程師,智慧製程工程師,CNC車床人員,水電工,電機設備裝配員
威富空調,❄️ 【威富空調】徵工程學徒｜月薪 33K+獎金｜週休二日．免經驗．公費培訓,冷凍空調技術人員／安裝員,學徒,技術人員,,,CNC車床人員,BIOS工程師,水電工,電機設備裝配員,機車維修人員
威尼斯西餐廳,【威尼斯西餐廳】兼職外場服務人員,餐飲服務人員,,,,,飯店／旅館服務人員,侍酒師,調酒師／吧台人員,冷熱飲調製人員,門市／店員／專櫃人員
孫家將,孫家將臺式牛排廚早班人員-三重店,中／港式點心廚師,中式廚師,鐵板燒廚師,,,調酒師／吧台人員,冷熱飲調製人員,西式廚師,門市／店員／專櫃人員,侍酒師
學悟文理,國小部-班導師【學悟文理】薪$35K以上,安親課輔老師,數理補習班老師,補習班導師,,,品管／品保主管,智慧製程工程師,壓鑄模具技術人員,木工,品保工程師
學悟文理,國小部-輔導老師【學悟文理補習班】,補習班導師,數理補習班老師,語文補習班老師,,,補習班主任／主管,課業輔導老師,品管／品保主管,升學補習班老師,智慧製程工程師
安南幼兒園,【安南幼兒園 安南分班】教師助理員(電洽),教保員／保育員,幼教老師,才藝類老師,,,資訊助理人員,電腦操作／資料輸入,人事助理,特別助理,行政人員
安南幼兒園,【安南幼兒園安中分班】教師助理員(電洽),教保員／保育員,才藝類老師,安親課輔老師,,,資訊助理人員,電腦操作／資料輸入,行政人員,人事助理,行銷企劃助理
安和會館,"SPA資深芳療師【安和會館】高薪酬獎金、免call客無業績、集團優渥制度、保障薪資$42,000 （月薪+獎金）",美容師,美療師／芳療師,推拿／按摩師,,,資材人員,神秘客,PLC／自動控制工程師,國外業務人員,工業設計
安和會館,台北泰晶殿安和會館_早班行政櫃檯,電訪人員,門市／店員／專櫃人員,售票／收銀人員,,,行政人員,電腦操作／資料輸入,財務／會計助理,秘書,總務人員
安平永華,中信房屋安平永華店徵才**房仲高手,國內業務人員,不動產經紀人／營業員,,,,房務人員,調酒師／吧台人員,門市／店員／專櫃人員,生鮮處理人員,資材人員
安平永華,菁英房仲~中信房屋安平永華加盟店 😤😁快樂一家人😤😄,不動產經紀人／營業員,國內業務人員,國內業務主管,,,房務人員,門市／店員／專櫃人員,飯店／旅館服務人員,售票／收銀人員,調酒師／吧台人員
安平總店,【安平總店】中餐 時薪工作人員,餐飲服務人員,總機／接待／櫃檯人員,,,,冷熱飲調製人員,調酒師／吧台人員,飯店／旅館服務人員,門市／店員／專櫃人員,侍酒師
安平總店,【安平總店】晚班兼職人員,餐廚助手,餐飲服務人員,,,,冷熱飲調製人員,調酒師／吧台人員,飯店／旅館服務人員,門市／店員／專櫃人員,外送人員
宏溢中美式整復.足體,【宏溢中美式整復.足體】  傳統整復推拿師 (無經驗半培訓) 40K~80K,推拿／按摩師,復健技術師,,,,鉗工,傳統車床人員,傳統銑床人員,資材主管,染印人員
宏溢中美式整復.足體,【宏溢中美式整復.足體】  運動按摩師 (無經驗半培訓) 31K~60K,推拿／按摩師,復健技術師,,,,神秘客,房務人員,資材人員,PLC／自動控制工程師,智慧製程工程師
宥泓創意開發股份,宥泓創意開發股份有限公司（歐樂沃築夢城堡） 營業銷售人員,門市／店員／專櫃人員,售票／收銀人員,,,,國內業務人員,不動產經紀人／營業員,客服主管,國外業務主管,廣告AE
宴京燒臘,［宴京燒臘］竹北店-廚房幫廚&學徒,中式廚師,,,,,調酒師／吧台人員,餐廚助手,學徒,冷熱飲調製人員,門市／店員／專櫃人員
宴京燒臘 - 竹南店,【宴京燒臘 - 竹南店】外場服務人員~應徵請電洽0935-907583,餐飲領班,,,,,調酒師／吧台人員,冷熱飲調製人員,飯店／旅館服務人員,侍酒師,門市／店員／專櫃人員
宴會廳-大直典華,【宴會廳-大直典華】中餐 四砧板,中式廚師,其他料理廚師,,,,侍酒師,調酒師／吧台人員,餐飲主管,飯店／旅館服務人員,冷熱飲調製人員
宴會廳-大直典華,【宴會廳-大直典華】中餐 水檯,其他料理廚師,中式廚師,,,,調酒師／吧台人員,侍酒師,飯店／旅館服務人員,冷熱飲調製人員,餐飲主管
宴會廳-大直典華,【宴會廳-大直典華】燒臘 三廚,其他料理廚師,中式廚師,,,,侍酒師,調酒師／吧台人員,飯店／旅館服務人員,冷熱飲調製人員,門市／店員／專櫃人員
家樂福內湖店,【家樂福內湖店】賣場清潔人員,清潔／資源回收人員,,,,,門市／店員／專櫃人員,飯店／旅館服務人員,冷熱飲調製人員,調酒師／吧台人員,房務人員
家樂福南港店,【家樂福南港店】賣場清潔人員,清潔／資源回收人員,,,,,門市／店員／專櫃人員,飯店／旅館服務人員,冷熱飲調製人員,調酒師／吧台人員,房務人員
家樂福天母店,【家樂福天母店】賣場清潔人員,清潔／資源回收人員,,,,,門市／店員／專櫃人員,冷熱飲調製人員,飯店／旅館服務人員,調酒師／吧台人員,房務人員
家樂福桃園八德店,【家樂福桃園八德店】賣場清潔人員,清潔／資源回收人員,,,,,門市／店員／專櫃人員,飯店／旅館服務人員,冷熱飲調製人員,調酒師／吧台人員,房務人員
家樂福汐科店,【家樂福汐科店】賣場清潔人員,清潔／資源回收人員,,,,,門市／店員／專櫃人員,冷熱飲調製人員,飯店／旅館服務人員,調酒師／吧台人員,房務人員
家樂福重慶店,【家樂福重慶店】賣場清潔人員,清潔／資源回收人員,,,,,門市／店員／專櫃人員,飯店／旅館服務人員,冷熱飲調製人員,調酒師／吧台人員,房務人員
家樂福重新店,【家樂福重新店】賣場清潔人員,清潔／資源回收人員,,,,,飯店／旅館服務人員,門市／店員／專櫃人員,冷熱飲調製人員,調酒師／吧台人員,房務人員
富基-蘆洲館,【富基-蘆洲館】廚師尾爐,中式廚師,,,,,調酒師／吧台人員,冷熱飲調製人員,門市／店員／專櫃人員,餐飲服務人員,餐廚助手
富邦momo,【富邦momo】內勤電話行銷人員,門市／店員／專櫃人員,,,,,電話行銷人員,內勤業務,客服人員,廣告文案企劃人員,票務人員／旅行社人員
富邦momo,【富邦momo】商談作業部工讀人員(三重湯城園區),客服人員,電話客服人員,,,,資材人員,客服主管,文字記者,資材主管,國貿人員
富邦momo,【富邦momo】商談作業部工讀人員(三重湯城園區)-1,客服人員,電話客服人員,,,,資材人員,客服主管,國貿人員,資材主管,文字記者
富邦momo,【富邦momo】客服中心專線客服兼職人員 早班(三重湯城園區),電話客服人員,客服人員,工讀生,,,文字客服,檔案資料管理人員,業務助理,國貿助理,秘書
富邦momo,【富邦momo】客服中心專線客服兼職人員 早班(台中南屯區),電話客服人員,客服人員,工讀生,,,檔案資料管理人員,文字客服,業務助理,國貿助理,秘書
富邦momo,【富邦momo】客服中心專線客服兼職人員 晚班(三重湯城園區),電話客服人員,客服人員,工讀生,,,文字客服,檔案資料管理人員,業務助理,國貿助理,秘書
富邦momo,【富邦momo】維運管理部兼職人員(三重湯城園區),工讀生,電腦操作／資料輸入,,,,生管主管,資材主管,旅遊休閒類主管,領班／管理幹部,客服主管
富邦momo,代理招募(正職)【富邦momo】專線訂購客服人員-輪班(台中市南屯區),電話客服人員,客服人員,,,,生管／助理,資材人員,文字客服,國貿人員,國外業務人員
富邦momo,代理招募(正職)【富邦momo】專線訂購客服人員-輪班(新北市三重區),電話客服人員,客服人員,,,,生管／助理,資材人員,國貿人員,國外業務人員,文字客服
富里工作站,時薪照服員【富里工作站】,照顧服務／指導員,,,,,加油服務,遊樂景點工作人員,飯店／旅館服務人員,售票／收銀人員,休閒娛樂事業從業人員
富錦樹新品牌頂級板前壽司 鮨つかさ,【富錦樹新品牌頂級板前壽司 鮨つかさ】副料理長,日式廚師,其他料理廚師,,,,門市／店員／專櫃人員,調酒師／吧台人員,店長／門市管理人員,餐飲主管,侍酒師
富雅居實業,【富雅居實業】電銷專員(新北林口),通路開發人員,客服人員,電訪人員,,,廣告AE,國內業務人員,行銷企劃人員,廣告設計,國外業務主管
富雅居實業,富雅居實業【系統廚櫃儲備主管】(彰化),經營管理主管,專案管理主管,,,,電機工程主管,水電工程師,PLC／自動控制工程師,土木工程師,客服主管
富鼎旺-東興,【富鼎旺-東興】晚班服務人員(16：10-20：40),餐飲服務人員,餐廚助手,洗碗人員,,,售票／收銀人員,遊樂景點工作人員,加油服務,冷熱飲調製人員,門市／店員／專櫃人員
寒舍,【全日Buffet】探索廚房/單點廚房－『中/西/日廚師(冷/熱檯)』NO.1-3廚師 (台北寒舍艾美酒店),餐廚助手,飯店／旅館服務人員,,,,調酒師／吧台人員,智慧製程工程師,PLC／自動控制工程師,工業設計,門市／店員／專櫃人員
寒舍,人選之人造床者 房務部房務員(台北寒舍艾美酒店),飯店／旅館服務人員,家事服務／洗衣,清潔／資源回收人員,,,調酒師／吧台人員,營建雜工／粗工,儲備幹部,房務人員,客服主管
寒舍,宴會業務部-主任 / 副理（台北寒舍艾美酒店）,飯店／旅館服務人員,國內業務人員,飯店／旅館主管,,,業務助理,秘書,國貿助理,財務／會計助理,活動企劃人員
寒舍,寒舍花譜~花藝設計師,花藝／園藝人員,,,,,建築繪圖／設計,工業設計,室內設計助理,平面設計,PLC／自動控制工程師
寒舍,房務部房控員 (台北寒舍艾美酒店),飯店／旅館服務人員,家事服務／洗衣,,,,儲備幹部,客服主管,房務人員,調酒師／吧台人員,售票／收銀人員
寒舍,數位處-資訊副理 (寒舍集團),飯店／旅館服務人員,倉管／物料管理員,,,,資材人員,生管／助理,影片製作技術人員,資料庫管理人員,電腦操作／資料輸入
寒舍,美饌卡兼職業務人員(寒舍集團),飯店／旅館服務人員,國內業務人員,電話行銷人員,,,國貿助理,業務助理,秘書,活動企劃人員,國貿人員
寒舍,美饌卡業務人員(寒舍集團),飯店／旅館服務人員,國內業務人員,電話行銷人員,,,國外業務人員,國貿人員,國貿助理,業務助理,活動企劃人員
寒舍,行銷業務部 主任/副理（台北寒舍艾美酒店）,飯店／旅館服務人員,國內業務人員,飯店／旅館主管,,,業務助理,秘書,國貿助理,活動企劃人員,財務／會計助理
實驗動物中心,【實驗動物中心】事務員,醫院行政管理人員,,,,,文字客服,檔案資料管理人員,國貿人員,神秘客,報關人員
實驗動物中心,教學研究部實驗動物中心動物飼養員,養殖／畜牧專業人員,,,,,實驗／化驗人員,生技主管,工業工程師,特用化學工程師,生物科技研發人員
實驗動物中心,長庚科技大學實驗動物中心誠徵技佐(飼育員)乙名。,動物飼育專業人員,臨床／實驗室研究人員,,,,實驗／化驗人員,生技主管,微生物分析師,品管人員,生物科技研發人員
寶中總店,"保障3個月底薪$45,000【寶中總店】工作夥伴",汽車美容,,,,,房務人員,營建雜工／粗工,PLC／自動控制工程師,智慧製程工程師,儲備幹部
寶山台積電,新竹寶山台積電-監火專職人員,焊接技術人員,技術人員,組裝組立技術人員,機械操作人員,營建雜工／粗工,調酒師／吧台人員,冷熱飲調製人員,門市／店員／專櫃人員,飯店／旅館服務人員,售票／收銀人員
寶山台積電,新竹寶山台積電駐廠行政助理,人事助理,儲備幹部,行政助理,,,秘書,行政人員,電腦操作／資料輸入,採購助理,財務／會計助理
寶山台積電,新竹寶山台積電點工、技術工，年齡不拘、學歷不拘,營建雜工／粗工,營建工程人員,,,,電機技師／工程師,電機設備裝配員,技術人員,雷射技術操作員,水電工
寶島饗宴,寶島饗宴有限公司 外場服務人員,餐飲服務人員,,,,,飯店／旅館服務人員,調酒師／吧台人員,門市／店員／專櫃人員,侍酒師,冷熱飲調製人員
寶雅,【台北總公司】寶雅商品處_專櫃部門_採購經營專員,採購人員,產品企劃人員,產品管理師,,,採購主管,資材主管,產品企劃主管,客服主管,國內業務主管
寶雅,【台北總公司】寶雅生活用品_商品處 平面圖規劃專員,採購助理,行政助理,,,,建築繪圖／設計,廣告設計,平面設計,軟體相關管理師,包裝設計
寶雅,【台北總公司】寶雅生活用品_商品處 採購經營專員,採購助理,行政助理,業務助理,,,採購人員,資材人員,國外業務人員,資材主管,採購主管
寶雅,【寶雅-台北總公司】商品處_後勤行政專員,櫥窗／會場設計人員,採購人員,,,,行政人員,電腦操作／資料輸入,秘書,財務／會計助理,總務人員
寶雅,【寶雅-台北總公司】商品處_輔銷商品陳列企劃專員,櫥窗／會場設計人員,採購人員,,,,資材人員,廣告設計,產品企劃人員,傳播媒體編輯企劃,媒體公關人員
寶雅,【寶雅-台北總公司】行銷處_會員成長部_專案經理/資深專員,行銷企劃人員,市場調查／分析人員,,,,行政主管,主辦會計,財務／會計主管,會計／出納／記帳人員,廣告／行銷企劃主管
寶雅,【寶雅-台北總公司】行銷處_資深專員,ERP專案管理師,,,,,行銷企劃人員,廣告設計,廣告／行銷企劃主管,活動企劃人員,行政人員
寶雅,【寶雅-台北總公司】行銷處＿客服專員,電話客服人員,,,,,秘書,業務助理,活動企劃人員,國貿助理,行政人員
寶雅,【寶雅-台南總公司】-店鋪工程部_工務資深專員,工務助理,工地監工,,,,軟體專案主管,嵌入式工程師,軟體工程師,平面設計,建築繪圖／設計
寶雅,【知名外商美容顧問】駐點北中南屈臣氏&寶雅 / 保障底薪+高額獎金 / 完整教育訓練,美容講師／技導,美容助理,門市／店員／專櫃人員,,,神秘客,保險業務員／經紀人,客服主管,專業顧問,ISO品保人員
小林眼鏡-三峽,【小林眼鏡-三峽】驗光師-薪資4.4萬元起,門市／店員／專櫃人員,,,,,品管人員,驗光師,檢驗人員,神秘客,原料檢驗人員
小林眼鏡-三峽,【小林眼鏡-三峽】驗光生-薪資4.2萬元起,門市／店員／專櫃人員,,,,,品管人員,資材人員,智慧製程工程師,調酒師／吧台人員,檢驗人員
小林眼鏡-三峽北大,【小林眼鏡-三峽北大】驗光師-薪資4.4萬元起,門市／店員／專櫃人員,,,,,品管人員,檢驗人員,原料檢驗人員,驗光師,公路橋梁檢測人員
小林眼鏡-三重三和,【小林眼鏡-三重三和】驗光師-薪資4.4萬元起,門市／店員／專櫃人員,,,,,品管人員,原料檢驗人員,檢驗人員,驗光師,實驗／化驗人員
小林眼鏡-三重三和,【小林眼鏡-三重三和】驗光生-薪資4.2萬元起,門市／店員／專櫃人員,,,,,品管人員,檢驗人員,原料檢驗人員,智慧製程工程師,調酒師／吧台人員
小林眼鏡-三重五華,【小林眼鏡-三重五華】驗光師-薪資4.4萬元起,門市／店員／專櫃人員,,,,,品管人員,檢驗人員,原料檢驗人員,驗光師,公路橋梁檢測人員
小林眼鏡-三重五華,【小林眼鏡-三重五華】驗光生-薪資4.2萬元起,門市／店員／專櫃人員,,,,,品管人員,檢驗人員,原料檢驗人員,智慧製程工程師,調酒師／吧台人員
小林眼鏡-三重正北,【小林眼鏡-三重正北】驗光師-薪資4.4萬元起,門市／店員／專櫃人員,,,,,品管人員,檢驗人員,原料檢驗人員,驗光師,智慧製程工程師
小林眼鏡-三重正北,【小林眼鏡-三重正北】驗光生-薪資4.2萬元起,門市／店員／專櫃人員,,,,,品管人員,檢驗人員,調酒師／吧台人員,智慧製程工程師,原料檢驗人員
小林眼鏡-中和,《前六個月保障薪資：4.8萬》【小林眼鏡-中和】驗光生,門市／店員／專櫃人員,,,,,PLC／自動控制工程師,智慧製程工程師,水電工,生產設備工程師,電機技師／工程師
小林眼鏡-中和,《前六個月保障薪資：5萬》【小林眼鏡-中和】驗光師,門市／店員／專櫃人員,,,,,智慧製程工程師,PLC／自動控制工程師,生產設備工程師,機構工程師,公路橋梁檢測人員
小林眼鏡-中和環球,《前六個月保障薪資：4.8萬》【小林眼鏡-中和環球】驗光生,門市／店員／專櫃人員,,,,,PLC／自動控制工程師,智慧製程工程師,水電工,ISO品保人員,生產設備工程師
小林眼鏡-中和環球,《前六個月保障薪資：5萬》【小林眼鏡-中和環球】驗光師,門市／店員／專櫃人員,,,,,智慧製程工程師,PLC／自動控制工程師,機構工程師,生產設備工程師,公路橋梁檢測人員
小林眼鏡-中科,【小林眼鏡-中科】驗光師-薪資4.4萬元起,門市／店員／專櫃人員,,,,,驗光師,品管人員,藥師,檢驗人員,實驗／化驗人員
小林眼鏡-中科,【小林眼鏡-中科】驗光生-薪資4.2萬元起,門市／店員／專櫃人員,,,,,生鮮處理人員,品管人員,檢驗人員,藥師,智慧製程工程師
小林眼鏡-仁武,【小林眼鏡-仁武】驗光師-薪資4.4萬元起,門市／店員／專櫃人員,,,,,品管人員,驗光師,檢驗人員,原料檢驗人員,智慧製程工程師
小林眼鏡-仁武,【小林眼鏡-仁武】驗光生-薪資4.2萬元起,門市／店員／專櫃人員,,,,,品管人員,智慧製程工程師,檢驗人員,原料檢驗人員,生鮮處理人員
小林眼鏡-仁雄登發,《前六個月保障薪資：4.6萬》【小林眼鏡-仁雄登發】驗光生,門市／店員／專櫃人員,,,,,PLC／自動控制工程師,水電工程師,ISO品保人員,智慧製程工程師,水電工
小林眼鏡-仁雄登發,《前六個月保障薪資：4.8萬》【小林眼鏡-仁雄登發】驗光師,門市／店員／專櫃人員,,,,,PLC／自動控制工程師,智慧製程工程師,公路橋梁檢測人員,機構工程師,水電工程師
小林眼鏡-內湖,《前六個月保障薪資：4.8萬》【小林眼鏡-內湖】驗光生,門市／店員／專櫃人員,,,,,PLC／自動控制工程師,水電工,智慧製程工程師,生產設備工程師,水電工程師
小林眼鏡-北港,【小林眼鏡-北港】驗光師-薪資4.4萬元起,門市／店員／專櫃人員,,,,,品管人員,驗光師,檢驗人員,智慧製程工程師,原料檢驗人員
小林眼鏡-北港,【小林眼鏡-北港】驗光生-薪資4.2萬元起,門市／店員／專櫃人員,,,,,品管人員,檢驗人員,智慧製程工程師,生鮮處理人員,資材人員
小林眼鏡-南崁忠孝,【小林眼鏡-南崁忠孝】驗光師-薪資4.4萬元起,門市／店員／專櫃人員,,,,,驗光師,品管人員,檢驗人員,原料檢驗人員,智慧製程工程師
小林眼鏡-南崁忠孝,【小林眼鏡-南崁忠孝】驗光生-薪資4.2萬元起,門市／店員／專櫃人員,,,,,品管人員,智慧製程工程師,檢驗人員,驗光師,資材人員
小林眼鏡-台中崇德,【小林眼鏡-台中崇德】驗光師-薪資4.4萬元起,門市／店員／專櫃人員,,,,,調酒師／吧台人員,品管人員,神秘客,智慧製程工程師,工業設計
小林眼鏡-台中東山,【小林眼鏡-台中東山】驗光生-薪資4.2萬元起,驗光師,,,,,調酒師／吧台人員,門市／店員／專櫃人員,冷熱飲調製人員,品管人員,售票／收銀人員
小林眼鏡-台北八德,《前六個月保障薪資：4.8萬》【小林眼鏡-台北八德】驗光生,門市／店員／專櫃人員,,,,,PLC／自動控制工程師,ISO品保人員,水電工,智慧製程工程師,水電工程師
小林眼鏡-台北八德,《前六個月保障薪資：5萬》【小林眼鏡-台北八德】驗光師,門市／店員／專櫃人員,,,,,PLC／自動控制工程師,智慧製程工程師,公路橋梁檢測人員,生產設備工程師,機構工程師
小林眼鏡-台北南京,【小林眼鏡-台北南京】驗光師-薪資4.4萬元起,門市／店員／專櫃人員,,,,,品管人員,檢驗人員,驗光師,原料檢驗人員,智慧製程工程師
小林眼鏡-台北南京,【小林眼鏡-台北南京】驗光生-薪資4.2萬元起,門市／店員／專櫃人員,,,,,品管人員,檢驗人員,原料檢驗人員,智慧製程工程師,生鮮處理人員
小林眼鏡-台北市信義區,薪資保障4.8萬元(半年)【小林眼鏡-台北市信義區】儲備驗光生,門市／店員／專櫃人員,,,,,智慧製程工程師,PLC／自動控制工程師,ISO品保人員,公路橋梁檢測人員,水電工
小林眼鏡-台北市信義區,薪資保障5萬元(半年)【小林眼鏡-台北市信義區】儲備驗光師,驗光師,門市／店員／專櫃人員,,,,智慧製程工程師,公路橋梁檢測人員,PLC／自動控制工程師,品管人員,電機技師／工程師
小林眼鏡-台北市南港區,薪資保障4.8萬元(半年)【小林眼鏡-台北市南港區】儲備驗光生,門市／店員／專櫃人員,,,,,智慧製程工程師,PLC／自動控制工程師,ISO品保人員,水電工,公路橋梁檢測人員
小林眼鏡-台北市南港區,薪資保障5萬元(半年)【小林眼鏡-台北市南港區】儲備驗光師,驗光師,門市／店員／專櫃人員,,,,智慧製程工程師,公路橋梁檢測人員,PLC／自動控制工程師,品管人員,電機技師／工程師
小林眼鏡-台北市松山區,薪資保障4.8萬元(半年)【小林眼鏡-台北市松山區】儲備驗光生,門市／店員／專櫃人員,,,,,智慧製程工程師,PLC／自動控制工程師,電機技師／工程師,水電工,ISO品保人員
小林眼鏡-台北市松山區,薪資保障5萬元(半年)【小林眼鏡-台北市松山區】儲備驗光師,驗光師,門市／店員／專櫃人員,,,,智慧製程工程師,PLC／自動控制工程師,公路橋梁檢測人員,品管人員,電機技師／工程師
小林眼鏡-台南佳里,【小林眼鏡-台南佳里】驗光師-薪資4.4萬元起,門市／店員／專櫃人員,其他醫療從業人員,,,,品管人員,驗光師,原料檢驗人員,檢驗人員,智慧製程工程師
小林眼鏡-台南佳里,【小林眼鏡-台南佳里】驗光生-薪資4.2萬元起,門市／店員／專櫃人員,其他醫療從業人員,,,,品管人員,智慧製程工程師,檢驗人員,原料檢驗人員,生鮮處理人員
小林眼鏡-台南東安,【小林眼鏡-台南東安】驗光生-薪資4.2萬元起,門市／店員／專櫃人員,,,,,品管人員,調酒師／吧台人員,檢驗人員,智慧製程工程師,原料檢驗人員
小林眼鏡-台南歸仁,【小林眼鏡-台南歸仁】驗光師-薪資4.4萬元起,門市／店員／專櫃人員,,,,,品管人員,驗光師,檢驗人員,原料檢驗人員,智慧製程工程師
小林眼鏡-台南歸仁,【小林眼鏡-台南歸仁】驗光生-薪資4.2萬元起,門市／店員／專櫃人員,,,,,品管人員,智慧製程工程師,檢驗人員,調酒師／吧台人員,生鮮處理人員
小林眼鏡-台南海安,【小林眼鏡-台南海安】驗光師-薪資4.4萬元起,門市／店員／專櫃人員,,,,,品管人員,食品檢驗人員,驗光師,檢驗人員,原料檢驗人員
小林眼鏡-台南開元,【小林眼鏡-台南開元】驗光師-薪資4.4萬元起,門市／店員／專櫃人員,,,,,品管人員,驗光師,檢驗人員,原料檢驗人員,智慧製程工程師
小林眼鏡-台南開元,【小林眼鏡-台南開元】驗光生-薪資4.2萬元起,門市／店員／專櫃人員,,,,,品管人員,智慧製程工程師,檢驗人員,資材人員,調酒師／吧台人員
小林眼鏡-右昌,【小林眼鏡-右昌】驗光師-薪資4.4萬元起,門市／店員／專櫃人員,,,,,品管人員,驗光師,檢驗人員,原料檢驗人員,智慧製程工程師
小林眼鏡-右昌,【小林眼鏡-右昌】驗光生-薪資4.2萬元起,門市／店員／專櫃人員,,,,,品管人員,檢驗人員,原料檢驗人員,智慧製程工程師,資材人員
小林眼鏡-后里,【小林眼鏡-后里】驗光師-薪資4.4萬元起,門市／店員／專櫃人員,,,,,品管人員,檢驗人員,原料檢驗人員,機構工程師,智慧製程工程師
小林眼鏡-后里,【小林眼鏡-后里】驗光生-薪資4.2萬元起,門市／店員／專櫃人員,,,,,品管人員,智慧製程工程師,檢驗人員,原料檢驗人員,資材人員
小林眼鏡-和美,【小林眼鏡-和美】驗光師-薪資4.4萬元起,門市／店員／專櫃人員,,,,,品管人員,驗光師,原料檢驗人員,檢驗人員,神秘客
小林眼鏡-土城學府,【小林眼鏡-土城學府】驗光師-薪資4.4萬元起,門市／店員／專櫃人員,,,,,驗光師,品管人員,木工,檢驗人員,公路橋梁檢測人員
小林眼鏡-大勇,《前六個月保障薪資：4.6萬》【小林眼鏡-大勇】驗光師-薪資4.8萬元起,門市／店員／專櫃人員,,,,,PLC／自動控制工程師,智慧製程工程師,公路橋梁檢測人員,品管人員,檢驗人員
小林眼鏡-大勇,《前六個月保障薪資：4.6萬》【小林眼鏡-大勇】驗光生-薪資4.2萬元起,門市／店員／專櫃人員,,,,,PLC／自動控制工程師,水電工,智慧製程工程師,ISO品保人員,生產設備工程師
小林眼鏡-大橋頭延三,《前六個月保障薪資：4.8萬》【小林眼鏡-大橋頭延三】驗光生,門市／店員／專櫃人員,,,,,公路橋梁檢測人員,PLC／自動控制工程師,智慧製程工程師,水電工,土木技師
小林眼鏡-大橋頭延三,《前六個月保障薪資：5萬》【小林眼鏡-大橋頭延三】驗光師,驗光師,門市／店員／專櫃人員,,,,公路橋梁檢測人員,PLC／自動控制工程師,智慧製程工程師,機構工程師,生產設備工程師
小林眼鏡-大湳,【小林眼鏡-大湳】驗光師-薪資4.4萬元起,門市／店員／專櫃人員,,,,,品管人員,驗光師,檢驗人員,原料檢驗人員,智慧製程工程師
小林眼鏡-大湳,【小林眼鏡-大湳】驗光生-薪資4.2萬元起,門市／店員／專櫃人員,,,,,品管人員,檢驗人員,智慧製程工程師,原料檢驗人員,驗光師
小林眼鏡-太平樹孝,【小林眼鏡-太平樹孝】驗光師-薪資4.4萬元起,門市／店員／專櫃人員,,,,,品管人員,調酒師／吧台人員,智慧製程工程師,平面設計,包裝設計
小林眼鏡-宜蘭,《前六個月保障薪資：4.8萬》【小林眼鏡-宜蘭】驗光生,門市／店員／專櫃人員,,,,,PLC／自動控制工程師,智慧製程工程師,水電工,生產設備工程師,ISO品保人員
小林眼鏡-宜蘭,《前六個月保障薪資：5萬》【小林眼鏡-宜蘭】驗光師,門市／店員／專櫃人員,,,,,PLC／自動控制工程師,智慧製程工程師,生產設備工程師,公路橋梁檢測人員,機構工程師
小林眼鏡-師大路,《前六個月保障薪資：4.8萬》【小林眼鏡-師大路】驗光生,門市／店員／專櫃人員,,,,,PLC／自動控制工程師,智慧製程工程師,水電工,水電工程師,生產設備工程師
小林眼鏡-師大路,《前六個月保障薪資：5萬》【小林眼鏡-師大路】驗光師,門市／店員／專櫃人員,,,,,公路橋梁檢測人員,PLC／自動控制工程師,生產設備工程師,智慧製程工程師,機構工程師
小林眼鏡-廣慈福德,《前六個月保障薪資：4.8萬》【小林眼鏡-廣慈福德】驗光生,門市／店員／專櫃人員,,,,,ISO品保人員,PLC／自動控制工程師,水電工,智慧製程工程師,生產設備工程師
小林眼鏡-廣慈福德,《前六個月保障薪資：5萬》【小林眼鏡-廣慈福德】驗光師,門市／店員／專櫃人員,,,,,PLC／自動控制工程師,公路橋梁檢測人員,生產設備工程師,智慧製程工程師,水電工
小林眼鏡-恆春,【小林眼鏡-恆春】驗光師-薪資4.4萬元起,門市／店員／專櫃人員,,,,,調酒師／吧台人員,品管人員,冷熱飲調製人員,智慧製程工程師,神秘客
小林眼鏡-新化,【小林眼鏡-新化】驗光師-薪資4.4萬元起,門市／店員／專櫃人員,,,,,品管人員,驗光師,檢驗人員,原料檢驗人員,智慧製程工程師
小林眼鏡-新化,【小林眼鏡-新化】驗光生-薪資4.2萬元起,門市／店員／專櫃人員,,,,,品管人員,智慧製程工程師,檢驗人員,資材人員,驗光師
小林眼鏡-新店安康,《前六個月保障薪資：5萬》【小林眼鏡-新店安康】驗光師,門市／店員／專櫃人員,,,,,智慧製程工程師,品管人員,PLC／自動控制工程師,公路橋梁檢測人員,機構工程師
小林眼鏡-新營,【小林眼鏡-新營】驗光師-薪資4.4萬元起,門市／店員／專櫃人員,,,,,驗光師,品管人員,檢驗人員,原料檢驗人員,智慧製程工程師
小林眼鏡-新竹民生,【小林眼鏡-新竹民生】驗光師-4.4萬元起,門市／店員／專櫃人員,,,,,驗光師,品管人員,原料檢驗人員,檢驗人員,智慧製程工程師
小林眼鏡-新竹民生,【小林眼鏡-新竹民生】驗光生-4.2萬元起,門市／店員／專櫃人員,,,,,品管人員,智慧製程工程師,生鮮處理人員,資材人員,木工
小林眼鏡-新竹西大,【小林眼鏡-新竹西大】驗光師-薪資4.4萬元起,門市／店員／專櫃人員,,,,,品管人員,驗光師,檢驗人員,原料檢驗人員,智慧製程工程師
小林眼鏡-新竹西大,【小林眼鏡-新竹西大】驗光生-薪資4.2萬元起,門市／店員／專櫃人員,,,,,品管人員,檢驗人員,智慧製程工程師,原料檢驗人員,生鮮處理人員
小林眼鏡-新莊中港,【小林眼鏡-新莊中港】驗光師-薪資4.4萬元起,門市／店員／專櫃人員,,,,,品管人員,檢驗人員,驗光師,原料檢驗人員,實驗／化驗人員
小林眼鏡-林口文化,【小林眼鏡-林口文化】驗光師-薪資4.4萬元起,門市／店員／專櫃人員,,,,,品管人員,驗光師,檢驗人員,原料檢驗人員,智慧製程工程師
小林眼鏡-桃園寶山,【小林眼鏡-桃園寶山】驗光師-薪資4.4萬元起,門市／店員／專櫃人員,,,,,品管人員,驗光師,檢驗人員,原料檢驗人員,智慧製程工程師
小林眼鏡-桃園藝文,《前六個月保障薪資：4.8萬》【小林眼鏡-桃園藝文】驗光生,門市／店員／專櫃人員,,,,,PLC／自動控制工程師,水電工,智慧製程工程師,水電工程師,生產設備工程師
小林眼鏡-桃鶯,【小林眼鏡-桃鶯】驗光師-薪資4.4萬元起,門市／店員／專櫃人員,,,,,品管人員,驗光師,檢驗人員,原料檢驗人員,智慧製程工程師
小林眼鏡-桃鶯,【小林眼鏡-桃鶯】驗光生-薪資4.2萬元起,門市／店員／專櫃人員,,,,,品管人員,智慧製程工程師,檢驗人員,資材人員,生鮮處理人員
小林眼鏡-泰山,《前六個月保障薪資：4.8萬》【小林眼鏡-泰山】驗光生,門市／店員／專櫃人員,,,,,PLC／自動控制工程師,智慧製程工程師,水電工,ISO品保人員,生產設備工程師
小林眼鏡-泰山,《前六個月保障薪資：5萬》【小林眼鏡-泰山】驗光師,門市／店員／專櫃人員,,,,,PLC／自動控制工程師,智慧製程工程師,公路橋梁檢測人員,生產設備工程師,機構工程師
小林眼鏡-淡水,【小林眼鏡-淡水】驗光師-薪資4.4萬元起,門市／店員／專櫃人員,國內業務人員,,,,品管人員,驗光師,原料檢驗人員,檢驗人員,智慧製程工程師
小林眼鏡-淡水,【小林眼鏡-淡水】驗光生-薪資4.2萬元起,門市／店員／專櫃人員,國內業務人員,,,,品管人員,資材人員,調酒師／吧台人員,智慧製程工程師,檢驗人員
小林眼鏡-熱河,【小林眼鏡-熱河】驗光師-薪資4.4萬元起,門市／店員／專櫃人員,,,,,品管人員,驗光師,檢驗人員,原料檢驗人員,智慧製程工程師
小林眼鏡-竹科,《前六個月保障薪資：4.8萬》【小林眼鏡-竹科】驗光生,驗光師,店長／門市管理人員,門市／店員／專櫃人員,,,PLC／自動控制工程師,水電工,智慧製程工程師,生產設備工程師,水電工程師
小林眼鏡-竹科,《前六個月保障薪資：5萬》【小林眼鏡-竹科】驗光師,驗光師,店長／門市管理人員,門市／店員／專櫃人員,,,PLC／自動控制工程師,生產設備工程師,智慧製程工程師,公路橋梁檢測人員,機構工程師
小林眼鏡-自由,【小林眼鏡-自由】驗光師-薪資4.4萬元起,門市／店員／專櫃人員,,,,,驗光師,品管人員,檢驗人員,智慧製程工程師,原料檢驗人員
小林眼鏡-自由,【小林眼鏡-自由】驗光生-薪資4.2萬元起,門市／店員／專櫃人員,,,,,品管人員,智慧製程工程師,驗光師,檢驗人員,PLC／自動控制工程師
小林眼鏡-苗栗,【小林眼鏡-苗栗】驗光師-薪資4.4萬元起,門市／店員／專櫃人員,,,,,品管人員,驗光師,檢驗人員,原料檢驗人員,智慧製程工程師
小林眼鏡-苗栗,【小林眼鏡-苗栗】驗光生-薪資4.2萬元起,門市／店員／專櫃人員,,,,,品管人員,智慧製程工程師,檢驗人員,資材人員,原料檢驗人員
小林眼鏡-萬丹,【小林眼鏡-萬丹】驗光師-薪資4.4萬元起,門市／店員／專櫃人員,,,,,品管人員,驗光師,原料檢驗人員,檢驗人員,智慧製程工程師
小林眼鏡-蘆洲長榮,【小林眼鏡-蘆洲長榮】驗光師-薪資4.4萬元起,門市／店員／專櫃人員,,,,,品管人員,驗光師,檢驗人員,原料檢驗人員,智慧製程工程師
小林眼鏡-西屯太原,【小林眼鏡-西屯太原】驗光師-薪資4.4萬元起,門市／店員／專櫃人員,,,,,品管人員,驗光師,檢驗人員,智慧製程工程師,原料檢驗人員
小林眼鏡-西屯太原,【小林眼鏡-西屯太原】驗光生-薪資4.2萬元起,門市／店員／專櫃人員,,,,,品管人員,智慧製程工程師,檢驗人員,調酒師／吧台人員,原料檢驗人員
小林眼鏡-西門町,《前六個月保障薪資：5萬》【小林眼鏡-西門町】驗光師,門市／店員／專櫃人員,,,,,智慧製程工程師,品管人員,公路橋梁檢測人員,ISO品保人員,PLC／自動控制工程師
小林眼鏡-豐原,【小林眼鏡-豐原】驗光師-薪資4.4萬元起,門市／店員／專櫃人員,,,,,品管人員,驗光師,原料檢驗人員,檢驗人員,智慧製程工程師
小林眼鏡-路竹,【小林眼鏡-路竹】驗光師-薪資4.4萬元起,門市／店員／專櫃人員,,,,,品管人員,驗光師,檢驗人員,智慧製程工程師,原料檢驗人員
小林眼鏡-路竹,【小林眼鏡-路竹】驗光生-薪資4.2萬元起,門市／店員／專櫃人員,,,,,品管人員,智慧製程工程師,資材人員,檢驗人員,驗光師
小林眼鏡-高雄七賢,《前六個月保障薪資：4.6萬》【小林眼鏡-高雄七賢】驗光生-薪資4.2萬元起,門市／店員／專櫃人員,,,,,PLC／自動控制工程師,水電工,ISO品保人員,智慧製程工程師,生產設備工程師
小林眼鏡-高雄七賢,《前六個月保障薪資：4.8萬》【小林眼鏡-高雄七賢】驗光師-薪資4.4萬元起,門市／店員／專櫃人員,,,,,PLC／自動控制工程師,公路橋梁檢測人員,智慧製程工程師,品管人員,檢驗人員
小林眼鏡-高雄內惟,【小林眼鏡-高雄內惟】驗光師-薪資4.4萬元起,門市／店員／專櫃人員,,,,,餐廚助手,品管人員,實驗／化驗人員,檢驗人員,原料檢驗人員
小林眼鏡-高雄內惟,【小林眼鏡-高雄內惟】驗光生-薪資4.2萬元起,門市／店員／專櫃人員,,,,,餐廚助手,生鮮處理人員,餐飲服務人員,品管人員,其他料理廚師
小林眼鏡-高雄小港,【小林眼鏡-高雄小港】驗光師-薪資4.4萬元起,門市／店員／專櫃人員,,,,,品管人員,檢驗人員,驗光師,原料檢驗人員,智慧製程工程師
小林眼鏡-高雄小港,【小林眼鏡-高雄小港】驗光生-薪資4.2萬元起,門市／店員／專櫃人員,,,,,品管人員,檢驗人員,智慧製程工程師,原料檢驗人員,生鮮處理人員
小林眼鏡-高雄榮總,【小林眼鏡-高雄榮總】驗光師-薪資4.4萬元起,門市／店員／專櫃人員,,,,,驗光師,品管人員,原料檢驗人員,檢驗人員,神秘客
小林眼鏡-高雄榮總,【小林眼鏡-高雄榮總】驗光生-薪資4.2萬元起,門市／店員／專櫃人員,,,,,資材人員,品管人員,智慧製程工程師,驗光師,PLC／自動控制工程師
小林眼鏡-高雄茄萣,【小林眼鏡-高雄茄萣】驗光師-薪資4.4萬元起,門市／店員／專櫃人員,,,,,品管人員,驗光師,檢驗人員,原料檢驗人員,公路橋梁檢測人員
小林眼鏡-高雄茄萣,【小林眼鏡-高雄茄萣】驗光生-薪資4.2萬元起,門市／店員／專櫃人員,,,,,品管人員,調酒師／吧台人員,智慧製程工程師,檢驗人員,原料檢驗人員
小林眼鏡-高雄草衙,【小林眼鏡-高雄草衙】驗光師-薪資4.4萬元起,門市／店員／專櫃人員,,,,,品管人員,檢驗人員,驗光師,原料檢驗人員,智慧製程工程師
小林眼鏡-高雄草衙,【小林眼鏡-高雄草衙】驗光生-薪資4.2萬元起,門市／店員／專櫃人員,,,,,品管人員,檢驗人員,智慧製程工程師,調酒師／吧台人員,木工
小林眼鏡-高雄陽明,【小林眼鏡-高雄陽明】驗光師-薪資4.4萬元起,門市／店員／專櫃人員,,,,,品管人員,驗光師,檢驗人員,原料檢驗人員,公路橋梁檢測人員
小林眼鏡-高雄陽明,【小林眼鏡-高雄陽明】驗光生-薪資4.2萬元起,門市／店員／專櫃人員,,,,,品管人員,檢驗人員,智慧製程工程師,原料檢驗人員,資材人員
小林眼鏡-麻豆,【小林眼鏡-麻豆】驗光師-薪資4.4萬元起,門市／店員／專櫃人員,其他醫療從業人員,,,,驗光師,品管人員,神秘客,檢驗人員,木工
小林眼鏡-麻豆,【小林眼鏡-麻豆】驗光生-薪資4.2萬元起,門市／店員／專櫃人員,,,,,品管人員,檢驗人員,驗光師,木工,原料檢驗人員
小林髮廊(中區),員林店-美髮助理【小林髮廊(中區)】,美髮助理,,,,,藥師助理,資訊助理人員,電腦操作／資料輸入,行銷企劃助理,攝影助理
小林髮廊(中區),文心店-專業設計師【小林髮廊(中區)】,髮型設計師,美髮助理,,,,平面設計,室內設計助理,神秘客,廣告設計,工業設計
小林髮廊(中區),沙鹿店-專業設計師【小林髮廊(中區)】,髮型設計師,美髮助理,,,,平面設計,室內設計助理,工業設計,神秘客,廣告設計
小港廠,TOYOTA服務廠-噴漆技術員(小港廠),其他車輛維修人員,塗裝技術人員,噴漆技術人員,,,機械加工技術人員,技術人員,電機設備裝配員,電機技師／工程師,CNC車床人員
小港廠,TOYOTA服務廠-引擎技術員(小港廠),汽車引擎技術人員,其他車輛維修人員,,,,機械加工技術人員,電機設備裝配員,技術人員,電機技師／工程師,CNC車床人員
小港廠,TOYOTA服務廠-服務專員(小港廠),汽車引擎技術人員,其他車輛維修人員,產品設備維修人員,,,生管／助理,機械加工技術人員,倉管／物料管理員,水電工,CNC車床人員
小港廠,TOYOTA服務廠-鈑金技術員(小港廠),鈑金技術人員,其他車輛維修人員,,,,機械加工技術人員,技術人員,電機設備裝配員,電機技師／工程師,CNC車床人員
小港廠,廠務電機維護工程師(小港廠),電機技師／工程師,廠務,,,,電子設備維修人員,冷凍空調技術人員／安裝員,電機維修人員,BIOS工程師,機械加工技術人員
小港廠,營運專員-櫃檯接待｜健身工廠高雄小港廠,門市／店員／專櫃人員,總機／接待／櫃檯人員,售票／收銀人員,,,飯店／旅館櫃檯人員,資材人員,理賠人員,PLC／自動控制工程師,智慧製程工程師
小禾馨新生,禾馨醫療【小禾馨新生】兒科門診護理師,護理師,,,,,聽力師,獸醫／獸醫佐,專科護理師,調酒師／吧台人員,冷熱飲調製人員
小禾馨民權,禾馨醫療【小禾馨民權】兒科門診護理師(備有員工宿舍)(滿期獎勵金50K),護理師,,,,,獸醫／獸醫佐,冷熱飲調製人員,聽力師,飯店／旅館服務人員,調酒師／吧台人員
小禾馨民權,禾馨醫療【小禾馨民權】兒科門診護理師儲備幹部(免費提供員工宿舍)(滿期獎勵金50K),護理師,,,,,專科護理師,獸醫／獸醫佐,醫師,資材主管,客服主管
小米之家西門店,【小米之家西門店】售后前台客服專員,產品設備維修人員,客服工程師,,,,業務助理,國貿助理,秘書,電腦操作／資料輸入,採購助理
小蒙牛,小蒙牛集團-焼肉アニキ-燒肉Aniki新店店(儲備幹部),餐飲服務人員,,,,,調酒師／吧台人員,品管／品保主管,西式廚師,冷熱飲調製人員,店長／門市管理人員
尬鍋台北西門店,【尬鍋台北西門店】餐飲打烊班/外場計時/外場兼職/外場工讀※有意者請速洽鄭店長,餐飲服務人員,,,,,飯店／旅館服務人員,侍酒師,調酒師／吧台人員,冷熱飲調製人員,門市／店員／專櫃人員
尬鍋台北西門店,【尬鍋台北西門店】餐飲服務/外場工讀兼職計時/早晚班計時服務員※有意者請速洽鄭店長,工讀生,餐飲服務人員,,,,飯店／旅館服務人員,侍酒師,調酒師／吧台人員,冷熱飲調製人員,門市／店員／專櫃人員
尬鍋台北西門店,【尬鍋台北西門店】餐飲服務/外場正職服務人員/全職服務員※有意者請速洽鄭店長,餐飲服務人員,,,,,飯店／旅館服務人員,調酒師／吧台人員,侍酒師,門市／店員／專櫃人員,餐飲主管
居高,【居高】外場服務人員  假日、平日PT 時薪: 200-220元 (短期勿試),工讀生,餐飲服務人員,,,,房務人員,調酒師／吧台人員,冷熱飲調製人員,門市／店員／專櫃人員,遊樂景點工作人員
屏東SOGO,CONI美容顧問【屏東SOGO】專櫃 保障薪資29500~36000,門市／店員／專櫃人員,,,,,水電工程師,ISO品保人員,房務人員,神秘客,客服主管
屏東市中山黃昏市場,【屏東市中山黃昏市場】現場服務銷售人員,餐飲服務人員,餐廚助手,,,,門市／店員／專櫃人員,售票／收銀人員,休閒娛樂事業從業人員,遊樂景點工作人員,飯店／旅館服務人員
屏東榮民總醫院,「屏東榮民總醫院」共聘照顧服務員,照顧服務／指導員,,,,,專任管理員,飯店／旅館服務人員,休閒娛樂事業從業人員,飯店／旅館櫃檯人員,禮賓接待人員
屏東榮民總醫院,「屏東榮民總醫院」病房輔助人力(須具照服員資格),照顧服務／指導員,,,,,護理助理(護佐),診所助理,獸醫助理,資訊助理人員,動物醫事助理
屏東榮民總醫院,［屏東榮民總醫院］1-1照顧服務員,照顧服務／指導員,其他醫療從業人員,,,,專任管理員,飯店／旅館服務人員,休閒娛樂事業從業人員,遊樂景點工作人員,售票／收銀人員
屏東榮民總醫院,［屏東榮民總醫院］住院整合照顧服務員,照顧服務／指導員,其他醫療從業人員,,,,專任管理員,休閒娛樂事業從業人員,神秘客,房務人員,居家服務督導員
屏東民生店,早晚班計時人員(屏東民生店),餐飲服務人員,,,,,冷熱飲調製人員,調酒師／吧台人員,門市／店員／專櫃人員,售票／收銀人員,外送人員
屏東潮州店,活動促銷工讀生(World Gym屏東潮州店),工讀生,,,,,活動企劃人員,門市／店員／專櫃人員,行銷企劃人員,廣告設計,行銷企劃助理
屏東潮州店,清潔人員(World Gym屏東潮州店),清潔／資源回收人員,工讀生,,,,洗碗人員,房務人員,冷熱飲調製人員,調酒師／吧台人員,門市／店員／專櫃人員
屏東環球店,【日商】屏東環球店-外場正職人員/儲備幹部,餐飲服務人員,餐廚助手,,,,調酒師／吧台人員,品管／品保主管,店長／門市管理人員,餐飲主管,冷熱飲調製人員
展望運動-中山國中星耀樓,【展望運動-中山國中星耀樓】運動場館清潔人員，月薪40000元至45000元,建築物清潔人員,,,,,房務人員,門市／店員／專櫃人員,售票／收銀人員,休閒娛樂事業從業人員,遊樂景點工作人員
山治列車-潛艇堡,【山治列車-潛艇堡】工讀生,餐廚助手,餐飲服務人員,,,,飯店／旅館服務人員,門市／店員／專櫃人員,休閒娛樂事業從業人員,外送人員,售票／收銀人員
岡山店,(岡山店)早班外場兼職人員,工讀生,餐飲服務人員,,,,冷熱飲調製人員,調酒師／吧台人員,門市／店員／專櫃人員,飯店／旅館服務人員,外送人員
岡山店,【月薪37K~80K】汽車維修技師｜獎金制度透明｜高雄岡山店,汽車引擎技術人員,其他車輛維修人員,,,,汽車檢驗員,塑膠押出技術人員,電機技師／工程師,智慧製程工程師,放電加工技術人員
岡山店,享溫馨KTV-岡山店 早班 外場正職人員★｜保障底薪＋獎金分紅｜★,餐飲服務人員,,,,,調酒師／吧台人員,門市／店員／專櫃人員,冷熱飲調製人員,品管／品保主管,店長／門市管理人員
岡山店,享溫馨KTV-岡山店 晚班 外場正職人員★｜保障底薪＋獎金分紅｜★,餐飲服務人員,,,,,調酒師／吧台人員,門市／店員／專櫃人員,冷熱飲調製人員,品管／品保主管,店長／門市管理人員
岡山店,享溫馨囍宴餐廳-岡山店 冷台二廚(兩段班),中式廚師,,,,,調酒師／吧台人員,侍酒師,冷熱飲調製人員,飯店／旅館服務人員,門市／店員／專櫃人員
岡山店,享溫馨囍宴餐廳-岡山店 早班場務 工讀,餐飲服務人員,,,,,飯店／旅館服務人員,調酒師／吧台人員,侍酒師,冷熱飲調製人員,門市／店員／專櫃人員
岡山店,享溫馨囍宴餐廳-岡山店 炒爐二廚(兩段班),中式廚師,其他料理廚師,,,,調酒師／吧台人員,侍酒師,冷熱飲調製人員,飯店／旅館服務人員,門市／店員／專櫃人員
岡山店,享溫馨囍宴餐廳-岡山店 燒臘二廚(兩段班),中式廚師,,,,,調酒師／吧台人員,侍酒師,飯店／旅館服務人員,冷熱飲調製人員,門市／店員／專櫃人員
岡山店,享溫馨囍宴餐廳-岡山店 砧板二廚(兩段班),中式廚師,,,,,調酒師／吧台人員,侍酒師,飯店／旅館服務人員,冷熱飲調製人員,門市／店員／專櫃人員
岡山店,享溫馨囍宴餐廳-岡山店 訂席專員(櫃檯出納) 早班工讀,餐飲服務人員,,,,,飯店／旅館服務人員,電腦操作／資料輸入,行政人員,飯店／旅館櫃檯人員,售票／收銀人員
岡山店,享溫馨囍宴餐廳-岡山店 訂席專員(櫃檯出納) 晚班工讀,餐飲服務人員,,,,,飯店／旅館服務人員,電腦操作／資料輸入,行政人員,售票／收銀人員,財務／會計助理
岡山店,極鮮火鍋(高雄岡山店) 假日班計時工作人員,洗碗人員,餐廚助手,餐飲服務人員,,,飯店／旅館服務人員,調酒師／吧台人員,冷熱飲調製人員,門市／店員／專櫃人員,侍酒師
岡山店,極鮮火鍋(高雄岡山店) 早班正職工作人員,餐飲服務人員,,,,,飯店／旅館服務人員,調酒師／吧台人員,門市／店員／專櫃人員,冷熱飲調製人員,售票／收銀人員
岡山店,極鮮火鍋(高雄岡山店) 晚班計時工作人員,餐飲服務人員,,,,,飯店／旅館服務人員,調酒師／吧台人員,冷熱飲調製人員,門市／店員／專櫃人員,侍酒師
岡山店,活動促銷工讀生(World Gym高雄岡山店),工讀生,,,,,活動企劃人員,門市／店員／專櫃人員,行銷企劃人員,廣告設計,行銷企劃助理
岡山店,清潔人員(World Gym高雄岡山店),清潔／資源回收人員,工讀生,,,,房務人員,洗碗人員,調酒師／吧台人員,冷熱飲調製人員,門市／店員／專櫃人員
岡山店,皮膚諮詢助理（無經驗免費培訓）(岡山店),美容師,,,,,資訊助理人員,媒體公關人員,室內設計助理,執行製作／助理,生管／助理
岡山店,野饗鍋內外場時薪人員200起-岡山店,餐廚助手,其他料理廚師,洗碗人員,,,飯店／旅館服務人員,調酒師／吧台人員,侍酒師,冷熱飲調製人員,門市／店員／專櫃人員
岡山店,野饗鍋外場正職35000至37000休8-9天-岡山店,餐飲服務人員,儲備幹部,,,,調酒師／吧台人員,侍酒師,飯店／旅館服務人員,冷熱飲調製人員,門市／店員／專櫃人員
岡山店,野饗鍋廚房備料人員32000起休六日-岡山店,餐廚助手,,,,,調酒師／吧台人員,飯店／旅館服務人員,侍酒師,門市／店員／專櫃人員,冷熱飲調製人員
岡山店,高屏 汽車銷售營業員-岡山店,汽車銷售人員,國內業務人員,,,,門市／店員／專櫃人員,店長／門市管理人員,儲備幹部,售票／收銀人員,侍酒師
崇德店,佑佑鍋燒麵(崇德店)兼職人員,餐飲服務人員,餐廚助手,洗碗人員,,,飯店／旅館服務人員,侍酒師,調酒師／吧台人員,冷熱飲調製人員,門市／店員／專櫃人員
崇德店,北澤壽喜燒(台中北屯崇德店)外場早班工時人員,餐飲服務人員,,,,,調酒師／吧台人員,飯店／旅館服務人員,門市／店員／專櫃人員,冷熱飲調製人員,侍酒師
崇德店,北澤壽喜燒(台中北屯崇德店)外場晚班工時人員,餐飲服務人員,,,,,調酒師／吧台人員,飯店／旅館服務人員,門市／店員／專櫃人員,冷熱飲調製人員,侍酒師
崇德店,北澤壽喜燒(台中北屯崇德店)廚務專員,餐廚助手,洗碗人員,,,,調酒師／吧台人員,門市／店員／專櫃人員,飯店／旅館服務人員,冷熱飲調製人員,侍酒師
崇德店,北澤壽喜燒(台中北屯崇德店)服務專員,餐飲服務人員,,,,,調酒師／吧台人員,飯店／旅館服務人員,門市／店員／專櫃人員,冷熱飲調製人員,侍酒師
崇德店,台南崇德店：儲備主管/美甲師、美甲助理（無經驗可,美甲彩繪師,美容助理,美容師,,,特別助理,資訊助理人員,秘書,國貿助理,執行製作／助理
崇德店,圓砌升降鍋物-【崇德店】早班計時人員,餐廚助手,生鮮處理人員,工讀生,,,調酒師／吧台人員,飯店／旅館服務人員,侍酒師,冷熱飲調製人員,門市／店員／專櫃人員
崇德店,圓砌升降鍋物-【崇德店】晚班計時人員,餐廚助手,生鮮處理人員,工讀生,,,調酒師／吧台人員,飯店／旅館服務人員,侍酒師,冷熱飲調製人員,門市／店員／專櫃人員
崇德店,大和屋崇德店-冷台中工,餐廚助手,日式廚師,生鮮處理人員,,,調酒師／吧台人員,冷熱飲調製人員,侍酒師,門市／店員／專櫃人員,飯店／旅館服務人員
崇德店,大和屋崇德店-冷台學徒,日式廚師,,,,,調酒師／吧台人員,冷熱飲調製人員,侍酒師,咖啡師,外送人員
崇德店,大和屋崇德店-日本料理中工,日式廚師,,,,,調酒師／吧台人員,冷熱飲調製人員,餐廚助手,洗碗人員,西式廚師
崇德店,大夜班兼職服務生（崇德店）,餐廚助手,餐飲服務人員,生鮮處理人員,,,飯店／旅館服務人員,門市／店員／專櫃人員,冷熱飲調製人員,遊樂景點工作人員,售票／收銀人員
崇德店,大夜班服務員(崇德店）,餐飲服務人員,餐廚助手,,,,門市／店員／專櫃人員,冷熱飲調製人員,售票／收銀人員,飯店／旅館服務人員,調酒師／吧台人員
崇德店,尋找 斯朵利美妍SPA 台南崇德店 徵 美療師 助理  講師 提供專業培訓,美容助理,美髮講師／技導,美容師,,,室內設計助理,資訊助理人員,媒體公關人員,執行製作／助理,影片製作技術人員
崇德店,小夜班服務員(崇德店）,餐飲服務人員,餐廚助手,,,,門市／店員／專櫃人員,售票／收銀人員,飯店／旅館服務人員,冷熱飲調製人員,遊樂景點工作人員
崇德店,崇德店_保養廠半技師,汽車維修人員,汽車引擎技術人員,其他車輛維修人員,,,智慧製程工程師,放電加工技術人員,塑膠押出技術人員,CNC車床人員,電機技師／工程師
崇德店,崇德店_保養廠技師,汽車維修人員,汽車引擎技術人員,其他車輛維修人員,,,智慧製程工程師,塑膠押出技術人員,電機技師／工程師,技術人員,汽車檢驗員
崇德店,崇德店_保養廠資深技師,汽車維修人員,汽車引擎技術人員,其他車輛維修人員,,,智慧製程工程師,塑膠押出技術人員,電機技師／工程師,技術人員,汽車檢驗員
崇德店,斯朵利台南崇德店,美髮助理,髮型設計師,,,,調酒師／吧台人員,冷熱飲調製人員,門市／店員／專櫃人員,侍酒師,飯店／旅館服務人員
崇德店,早班服務員 (崇德店),餐飲服務人員,餐廚助手,,,,門市／店員／專櫃人員,冷熱飲調製人員,售票／收銀人員,飯店／旅館服務人員,調酒師／吧台人員
崇德店,早班服務員(崇德店),餐飲服務人員,餐廚助手,,,,門市／店員／專櫃人員,冷熱飲調製人員,售票／收銀人員,飯店／旅館服務人員,調酒師／吧台人員
崇德店,美容師(台中-崇德店),美容助理,美容師,美療師／芳療師,,,調酒師／吧台人員,門市／店員／專櫃人員,售票／收銀人員,飯店／旅館服務人員,冷熱飲調製人員
嵨開安旅,【嵨開安旅】AVATA接待專員 ( 兼職 ) (PT) _ 長期需求,門市／店員／專櫃人員,,,,,飯店／旅館櫃檯人員,禮賓接待人員,飯店／旅館服務人員,電話客服人員,電腦操作／資料輸入
嵨開安旅,【嵨開安旅】停車管理員,管理員,,,,,旅遊休閒類主管,休閒娛樂事業從業人員,專任管理員,資材主管,保全人員／警衛
嵨開安旅,【嵨開安旅】工程部技術員,維修技術人員,,,,,電機工程主管,電機設備裝配員,電機技師／工程師,結構技師／工程師,設備工程主管
川之流涮涮鍋,$200/H起【川之流涮涮鍋】 長安店晚班兼職人員E,餐飲服務人員,餐廚助手,,,,飯店／旅館服務人員,調酒師／吧台人員,冷熱飲調製人員,侍酒師,門市／店員／專櫃人員
川之流涮涮鍋,【川之流涮涮鍋】民權店-外場正職人員C(月休8天),餐飲服務人員,生鮮處理人員,餐廚助手,,,調酒師／吧台人員,冷熱飲調製人員,侍酒師,門市／店員／專櫃人員,飯店／旅館服務人員
川之流涮涮鍋,月休8~10天【川之流涮涮鍋】長安店晚班部分工時E $18000起,餐飲服務人員,餐廚助手,,,,調酒師／吧台人員,餐飲主管,飯店／旅館服務人員,售票／收銀人員,門市／店員／專櫃人員
川之流涮涮鍋,薪$196/H起【川之流涮涮鍋】蘆洲店晚班計時人員A(兼職),餐飲服務人員,餐廚助手,生鮮處理人員,,,飯店／旅館服務人員,冷熱飲調製人員,調酒師／吧台人員,侍酒師,外送人員
川之流涮涮鍋,薪$200/H起【川之流涮涮鍋】 長安店假日兼職人員E,餐飲服務人員,餐廚助手,,,,飯店／旅館服務人員,調酒師／吧台人員,侍酒師,冷熱飲調製人員,門市／店員／專櫃人員
川之流涮涮鍋,薪$200/H起【川之流涮涮鍋】 長安店假日工讀人員E,餐飲服務人員,餐廚助手,,,,飯店／旅館服務人員,調酒師／吧台人員,門市／店員／專櫃人員,冷熱飲調製人員,侍酒師
川之流涮涮鍋,薪$200/H起【川之流涮涮鍋】 長安店晚班工讀人員E,餐飲服務人員,餐廚助手,,,,飯店／旅館服務人員,冷熱飲調製人員,調酒師／吧台人員,門市／店員／專櫃人員,侍酒師
川之流涮涮鍋,薪$210/H起【川之流涮涮鍋】-蘆洲店小夜班計時人員A(兼職),餐廚助手,餐飲服務人員,生鮮處理人員,,,飯店／旅館服務人員,調酒師／吧台人員,冷熱飲調製人員,外送人員,門市／店員／專櫃人員
川之流涮涮鍋,薪$39500起 月休8~10天【川之流涮涮鍋】蘆洲店晚班正職人員A,餐飲服務人員,餐廚助手,生鮮處理人員,,,調酒師／吧台人員,冷熱飲調製人員,門市／店員／專櫃人員,侍酒師,飯店／旅館服務人員
川之流涮涮鍋,薪196/H起【川之流涮涮鍋】蘆洲店假日計時人員A(兼職),餐飲服務人員,餐廚助手,生鮮處理人員,,,調酒師／吧台人員,飯店／旅館服務人員,冷熱飲調製人員,侍酒師,外送人員
川之流涮涮鍋,薪196/H起【川之流涮涮鍋】蘆洲店早班計時人員A(兼職),工讀生,餐飲服務人員,餐廚助手,,,飯店／旅館服務人員,調酒師／吧台人員,冷熱飲調製人員,侍酒師,外送人員
工研院中分院,【工研院中分院】環保業務派遣人員(E500),環保／環境工程師／技師,化學／化工工程師,,,,國外業務人員,國貿人員,報關人員,文字客服,神秘客
工研院中分院,工研院中分院_UX設計派遣人員(F100),商業設計,工業設計,,,,韌體工程師,軟／韌體測試工程師,RF通訊工程師,區塊鏈工程師,BIOS工程師
工研院中分院,工研院中分院_原鄉計畫管理派遣人員(E000),行政人員,,,,,病理藥理研究人員,韌體工程師,軟體相關管理師,演算法開發工程師,數位IC設計工程師
工研院中分院,工研院中分院_專案計劃管理師(F100),其他專案管理師,市場調查／分析人員,產品管理師,,,病理藥理研究人員,軟體相關管理師,韌體工程師,演算法開發工程師,區塊鏈工程師
工研院中分院,工研院中分院_採樣量測派遣人員(E400),職業安全衛生管理人員,環保／環境工程師／技師,,,,病理藥理研究人員,微生物分析師,軟／韌體測試工程師,醫藥研發人員,材料分析員
工研院中分院,工研院中分院_無人地面載具機構工程師(S100),機構工程師,機械工程師,,,,韌體工程師,區塊鏈工程師,軟／韌體測試工程師,RF通訊工程師,機器學習工程師
工研院中分院,工研院中分院_現場訪視派遣人員(E500),農藝／畜產研究人員,市場調查／分析人員,,,,病理藥理研究人員,韌體工程師,軟／韌體測試工程師,臨床／實驗室研究人員,統計學研究人員
工研院中分院,工研院中分院_環境工程師(E400),環保／環境工程師／技師,,,,,環境分析研究員,電子工程師,韌體工程師,化學／化工工程師,BIOS工程師
工研院傳播處,【工研院傳播處】展示館訪客接待人員(A000),行政助理,行政人員,秘書,,,室內設計師,電訪人員,神秘客,文字記者,禮賓接待人員
工研院傳播處,工研院傳播處_展示館日本訪客接待派遣人員（E000）,行政人員,行政助理,秘書,,,電腦硬體研發工程師,室內設計師,病理藥理研究人員,韌體工程師,櫥窗／會場設計人員
工研院傳播處,工研院傳播處_展示館訪客接待人員(E000),行政人員,行政助理,秘書,,,室內設計師,電腦硬體研發工程師,電訪人員,櫥窗／會場設計人員,文字記者
工研院南分院,工研院南分院_國際合作推廣人員(台北/D100),行銷企劃人員,活動企劃人員,,,,資料庫管理人員,神秘客,室內設計助理,平面設計,廣告設計
工研院南分院,工研院南分院_國際合作推廣派遣人員(D100),國外業務人員,行政助理,,,,病理藥理研究人員,資料庫管理人員,神秘客,平面設計,室內設計助理
工研院南分院,工研院南分院_國際合作推廣派遣人員(D100/台北),行政助理,國外業務人員,,,,病理藥理研究人員,平面設計,神秘客,資料庫管理人員,室內設計助理
工研院南分院,工研院南分院_專案管理與技術推廣工程師(創新/T000),國內業務人員,國外業務人員,,,,專案管理主管,電信／配線繪圖,硬體工程研發主管,臨床／實驗室研究人員,技術支援主管
工研院南分院,工研院南分院_技術業務經理(六甲/L100),專案經理,國內業務主管,國內業務人員,,,化學／化工工程師,工業設計,產品管理師,國外業務人員,PLC／自動控制工程師
工研院南分院,工研院南分院_智慧產業推動助理派遣人員(D100/台北),其他專案管理師,產品管理師,,,,設計助理,資訊助理人員,媒體公關人員,軟體助理工程師,人事助理
工研院南分院,工研院南分院_機器人機構工程師(六甲/L200),機構工程師,材料研發人員,,,,軟／韌體測試工程師,BIOS工程師,機器學習工程師,材料分析員,微生物分析師
工研院南分院,工研院南分院_機電整合暑期實習生(六甲/T000),工讀生,工程助理,,,,軟／韌體測試工程師,韌體工程師,微生物分析師,臨床／實驗室研究人員,系統分析師
工研院南分院,工研院南分院_研發支援派遣人員(T100/六甲),軟體助理工程師,,,,,助理研究人員,工程助理,微生物分析師,軟／韌體測試工程師,病理藥理研究人員
工研院南分院,工研院南分院_資料科學技術研發工程師(創新/T200),軟體工程師,電子工程師,,,,微生物分析師,軟／韌體測試工程師,醫藥研發人員,韌體工程師,材料研發人員
工研院南分院,工研院南分院_軟體開發暑期實習生(六甲/T000),工讀生,工程助理,,,,軟／韌體測試工程師,韌體工程師,後端工程師,演算法開發工程師,電腦硬體研發工程師
工研院南分院,工研院南分院_雷射製程測試實習生(六甲/L100),工讀生,工程助理,,,,BIOS工程師,微生物分析師,測試工程師,軟／韌體測試工程師,材料分析員
工研院南分院,工研院南分院_電路工程師(六甲/M200),光電工程師,,,,,電子工程師,韌體工程師,BIOS工程師,軟／韌體測試工程師,嵌入式工程師
工研院感測系統中心,【工研院感測系統中心】計畫助理派遣人員(M200/南創),其他專案管理師,行政助理,行銷企劃助理,,,設計助理,室內設計助理,軟體助理工程師,冷凍空調繪圖／設計,資訊助理人員
工研院感測系統中心,工研院感測系統中心_國際業務推廣人員(創新/A000),國內業務人員,國外業務人員,,,,電訪人員,神秘客,化學／化工工程師,韌體工程師,軟體助理工程師
工研院感測系統中心,工研院感測系統中心_專案經理(創新/R000),專案經理,,,,,軟體專案主管,嵌入式工程師,軟／韌體測試工程師,韌體工程師,產品管理師
工研院感測系統中心,工研院感測系統中心_工程支援派遣人員(M300/南創),電機技師／工程師,工程助理,,,,韌體工程師,冷凍空調繪圖／設計,軟／韌體測試工程師,RF通訊工程師,嵌入式工程師
工研院感測系統中心,工研院感測系統中心_感測晶片暨微機電製程工程師(新竹/L100),生產技術／製程工程師,,,,,BIOS工程師,軟／韌體測試工程師,韌體工程師,測試工程師,電子工程師
工研院感測系統中心,工研院感測系統中心_慣性感測系統開發實習生(創新/M100),工讀生,,,,,軟／韌體測試工程師,韌體工程師,演算法開發工程師,區塊鏈工程師,RF通訊工程師
工研院感測系統中心,工研院感測系統中心_智慧感測系統開發實習生(創新/M100),工讀生,工程助理,,,,軟／韌體測試工程師,韌體工程師,演算法開發工程師,區塊鏈工程師,RF通訊工程師
工研院感測系統中心,工研院感測系統中心_機械設計工程師 /機構工程師(創新/R300),機械設計／繪圖人員,機構工程師,,,,電子工程師,軟／韌體測試工程師,韌體工程師,BIOS工程師,嵌入式工程師
工研院感測系統中心,工研院感測系統中心_機構設計工程師(創新/R100),機構工程師,機械設計／繪圖人員,,,,韌體工程師,軟／韌體測試工程師,RF通訊工程師,嵌入式工程師,IC設計工程師
工研院感測系統中心,工研院感測系統中心_系統電路工程師(創新/R000),電子工程師,系統工程師,,,,韌體工程師,軟／韌體測試工程師,嵌入式工程師,軟體工程師,IC設計工程師
工研院感測系統中心,工研院感測系統中心_製程工程師(新竹/L100),生產技術／製程工程師,,,,,電子工程師,BIOS工程師,材料分析員,特用化學工程師,實驗／化驗人員
工研院感測系統中心,工研院感測系統中心_計畫管理派遣人員(M000/南創),其他專案管理師,,,,,韌體工程師,軟／韌體測試工程師,RF通訊工程師,嵌入式工程師,IC設計工程師
工研院感測系統中心,工研院感測系統中心_計畫行政派遣人員(0B100)_限碩士,其他專案管理師,行政助理,行銷企劃助理,,,資料庫管理人員,後端工程師,設計助理,軟體助理工程師,MIS工程師
工研院感測系統中心,工研院感測系統中心_計畫行政派遣人員(0B200),行政助理,其他專案管理師,行銷企劃助理,,,資料庫管理人員,後端工程師,設計助理,軟體助理工程師,MIS工程師
工研院服科中心,115年度研發替代役_工研院服科中心_智慧物聯網系統研發工程師(H200),AI工程師,全端工程師,軟體工程師,,,韌體工程師,軟／韌體測試工程師,區塊鏈工程師,RF通訊工程師,演算法開發工程師
工研院服科中心,115年度研發替代役_工研院服科中心_醫療資訊平台研發工程師(H100),軟體工程師,前端工程師,後端工程師,,,醫療器材研發工程師,醫藥研發人員,軟／韌體測試工程師,電腦硬體研發工程師,韌體工程師
工研院服科中心,【工研院服科中心】計畫管理與推動派遣人員(B000),其他專案管理師,ERP專案管理師,行政人員,,,軟體相關管理師,資料庫管理人員,室內設計助理,室內設計師,建築繪圖／設計
工研院服科中心,【工研院服科中心】醫療照護專案計畫管理派遣人員(H000),其他專案管理師,ERP專案管理師,行政人員,,,軟體相關管理師,病理藥理研究人員,心理學研究人員,臨床／諮商心理師,演算法開發工程師
工研院服科中心,工研院服科中心_AI機器人視覺工程師(U000新竹/六甲),AI工程師,軟體工程師,資料科學工程師,,,韌體工程師,機器學習工程師,RF通訊工程師,軟／韌體測試工程師,心理學研究人員
工研院服科中心,工研院服科中心_企劃與推廣行政助理派遣人員(B000),其他專案管理師,ERP專案管理師,行政助理,,,檔案資料管理人員,行政人員,秘書,電腦操作／資料輸入,財務／會計助理
工研院服科中心,工研院服科中心_專案計畫管理師(H000六甲地區),其他專案管理師,ERP專案管理師,產品管理師,,,心理學研究人員,軟體相關管理師,病理藥理研究人員,臨床／諮商心理師,韌體工程師
工研院服科中心,工研院服科中心_專案計畫管理師(H100),ERP專案管理師,其他專案管理師,特別助理,,,心理學研究人員,軟體相關管理師,病理藥理研究人員,臨床／諮商心理師,韌體工程師
工研院服科中心,工研院服科中心_文化科技計畫推動管理師(S100),ERP專案管理師,傳播媒體編輯企劃,,,,後端工程師,軟體相關管理師,韌體工程師,軟／韌體測試工程師,嵌入式工程師
工研院服科中心,工研院服科中心_文化科技計畫管理派遣人員(S100台北地區 ),其他專案管理師,行政人員,,,,韌體工程師,軟／韌體測試工程師,後端工程師,軟體相關管理師,病理藥理研究人員
工研院服科中心,工研院服科中心_機器人系統整合定期約聘/實習生(U300),工讀生,工程助理,,,,軟／韌體測試工程師,韌體工程師,系統分析師,臨床／實驗室研究人員,區塊鏈工程師
工研院服科中心,工研院服科中心_機構工程師(H000六甲院區 ),機械工程師,機構工程師,,,,韌體工程師,軟／韌體測試工程師,區塊鏈工程師,嵌入式工程師,RF通訊工程師
工研院服科中心,工研院服科中心_物流磯器人實驗室派遣計畫助理(U000六甲院區),其他專案管理師,行政人員,,,,設計助理,工程助理,病理藥理研究人員,機械設計／繪圖人員,冷凍空調繪圖／設計
工研院服科中心,工研院服科中心_計畫管理助理派遣人員(H000),其他專案管理師,ERP專案管理師,,,,設計助理,資訊助理人員,室內設計助理,人事助理,檔案資料管理人員
工研院服科中心,工研院服科中心_計畫管理派遣人員(B000),其他專案管理師,ERP專案管理師,,,,軟體相關管理師,韌體工程師,病理藥理研究人員,後端工程師,心理學研究人員
工研院服科中心,工研院服科中心_計畫管理與推動派遣人員(B000),其他專案管理師,行政人員,,,,軟體相關管理師,後端工程師,韌體工程師,病理藥理研究人員,室內設計師
工研院服科中心,工研院服科中心_醫療服務型機器人機構工程師(六甲院區H000),機械工程師,機構工程師,,,,臨床／諮商心理師,心理學研究人員,韌體工程師,臨床／實驗室研究人員,醫療器材研發工程師
工研院業發處,工研院業發處_UI/UX實習生（B000）,工讀生,,,,,電腦硬體研發工程師,韌體工程師,醫療器材研發工程師,化學／化工工程師,軟／韌體測試工程師
工研院生醫所,115年度【研發替代役】工研院生醫所_設備機構工程師(M000),機械工程師,醫療器材研發工程師,,,,醫藥研發人員,電子工程師,軟／韌體測試工程師,BIOS工程師,微生物分析師
工研院生醫所,【工研院生醫所】派遣藥品專案計畫助理人員W000,其他專案管理師,產品企劃人員,,,,設計助理,資訊助理人員,人事助理,室內設計助理,媒體公關人員
工研院生醫所,【工研院生醫所】產業發展署專案計畫管理派遣人員(U400),其他專案管理師,行政人員,行政助理,,,室內設計師,電腦硬體研發工程師,櫥窗／會場設計人員,軟體相關管理師,醫療器材研發工程師
工研院生醫所,工研院生醫所_(派遣)場域營運專員(廠務)P400,其他專案管理師,,,,,病理藥理研究人員,微生物分析師,臨床／實驗室研究人員,化學／化工工程師,生物科技研發人員
工研院生醫所,工研院生醫所_(派遣)場域營運專員P400,其他專案管理師,,,,,病理藥理研究人員,臨床／實驗室研究人員,金融研究人員,神秘客,微生物分析師
工研院生醫所,工研院生醫所_(派遣)庶務與行政人員(S100),其他專案管理師,,,,,行政人員,資料庫管理人員,電腦操作／資料輸入,總務人員,醫院行政管理人員
工研院生醫所,工研院生醫所_App撰寫實習生(M100),軟體工程師,網站程式設計師,,,,病理藥理研究人員,工讀生,臨床／實驗室研究人員,電玩工程師,韌體工程師
工研院生醫所,工研院生醫所_TFDA計畫派遣人員(U400)(地點:台北),其他專案管理師,生物科技研發人員,,,,病理藥理研究人員,韌體工程師,統計學研究人員,軟／韌體測試工程師,嵌入式工程師
工研院生醫所,工研院生醫所_化妝品研發支援計畫派遣人員U400,生物科技研發人員,,,,,病理藥理研究人員,助理研究人員,軟／韌體測試工程師,醫藥研發人員,韌體工程師
工研院生醫所,工研院生醫所_專利工程師(S300),商標／專利人員,,,,,病理藥理研究人員,醫藥研發人員,微生物分析師,韌體工程師,軟／韌體測試工程師
工研院生醫所,工研院生醫所_微流道研發工程師(N300),醫療器材研發工程師,,,,,微生物分析師,醫藥研發人員,奈米研發工程師,軟／韌體測試工程師,材料分析員
工研院生醫所,工研院生醫所_數位設計工程(實習生)(M300),軟體工程師,網站程式設計師,,,,韌體工程師,病理藥理研究人員,數位IC設計工程師,軟／韌體測試工程師,區塊鏈工程師
工研院生醫所,工研院生醫所_智權管理師(S300),專利工程師,工商登記服務類人員,,,,病理藥理研究人員,臨床／實驗室研究人員,公共衛生人員,其他醫療從業人員,營養師
工研院生醫所,工研院生醫所_機構工程/製程工程人員(M300),機械工程師,,,,,電子工程師,材料分析員,特用化學工程師,微生物分析師,汽車研發人員
工研院生醫所,工研院生醫所_機構工程師(M100),機械工程師,醫療器材研發工程師,,,,電子工程師,微生物分析師,醫藥研發人員,軟／韌體測試工程師,韌體工程師
工研院生醫所,工研院生醫所_法規事務暑期實習生(S400),工讀生,行政助理,,,,病理藥理研究人員,法務人員,臨床／實驗室研究人員,演算法開發工程師,韌體工程師
工研院生醫所,工研院生醫所_派遣藥品專案計畫助理人員W000,產品企劃人員,研究助理,,,,設計助理,室內設計助理,病理藥理研究人員,資訊助理人員,人事助理
工研院生醫所,工研院生醫所_生醫製劑品管分析研究員(N300),醫療器材研發工程師,,,,,病理藥理研究人員,醫藥研發人員,微生物分析師,材料分析員,臨床／實驗室研究人員
工研院生醫所,工研院生醫所_產業分析師(台北/P000),其他專案管理師,市場調查／分析人員,,,,微生物分析師,病理藥理研究人員,軟／韌體測試工程師,環境分析研究員,臨床／實驗室研究人員
工研院生醫所,工研院生醫所_產業發展署專案計畫管理派遣人員(U400),其他專案管理師,行政人員,行政助理,,,醫療器材研發工程師,電腦硬體研發工程師,演算法開發工程師,室內設計師,韌體工程師
工研院生醫所,工研院生醫所_細胞培養開發研究人員(R300),生物科技研發人員,,,,,醫藥研發人員,助理研究人員,病理藥理研究人員,微生物分析師,醫療器材研發工程師
工研院生醫所,工研院生醫所_計畫管理/計畫活動執行實習生(P500),工讀生,行政助理,,,,資料庫管理人員,後端工程師,軟體相關管理師,室內設計助理,軟體助理工程師
工研院生醫所,工研院生醫所_電路控制實習生(M400),醫療器材研發工程師,,,,,臨床／實驗室研究人員,軟／韌體測試工程師,病理藥理研究人員,電子工程師,建築繪圖／設計
工研院產服中心,【工研院產服中心】t.Hub創業課程/活動企劃派遣人員_台北(S200),其他專案管理師,國內業務人員,,,,檔案資料管理人員,活動企劃人員,文字客服,國貿助理,秘書
工研院產服中心,【工研院產服中心】場域綠能科技推廣派遣人員_台南沙崙(F500),其他專案管理師,行政助理,,,,軟體助理工程師,生管／助理,化學／化工工程師,電訪人員,工業設計
工研院產服中心,【工研院產服中心】計畫專員派遣人員_台北(S000) TCL1(L),其他專案管理師,業務助理,行政人員,,,神秘客,生管／助理,軟體助理工程師,資料庫管理人員,軟／韌體測試工程師
工研院產服中心,工研院產服中心_地熱案場管理派遣人員_台北(R200),其他專案管理師,國內業務人員,,,,專案管理主管,資料庫管理人員,臨床／實驗室研究人員,軟體相關管理師,神秘客
工研院產服中心,工研院產服中心_地熱法規/政策管理師_台北(R200),法務人員,律師,,,,資料庫管理人員,軟體相關管理師,後端工程師,文字客服,神秘客
工研院產服中心,工研院產服中心_場域營運推廣派遣人員(F200),其他專案管理師,國內業務人員,,,,文字客服,神秘客,電訪人員,資料庫管理人員,生管／助理
工研院產服中心,工研院產服中心_場域行政派遣人員(F500)(台南沙崙）,研究助理,行政助理,,,,檔案資料管理人員,文字客服,資料庫管理人員,電腦操作／資料輸入,行政人員
工研院產服中心,工研院產服中心_專案約聘人員_台北(S500),行政助理,,,,,神秘客,電訪人員,資料庫管理人員,病理藥理研究人員,軟／韌體測試工程師
工研院產服中心,工研院產服中心_專案經理_花東(R600),專案經理,,,,,神秘客,資料庫管理人員,文字客服,產品管理師,化學／化工工程師
工研院產服中心,工研院產服中心_活動辦理實習生_新竹(F100),行政助理,,,,,文字客服,檔案資料管理人員,資料庫管理人員,國貿人員,採購助理
工研院產服中心,工研院產服中心_活動辦理約聘人員_新竹(F100),行銷企劃助理,,,,,文字客服,資料庫管理人員,神秘客,生管／助理,檔案資料管理人員
工研院產服中心,工研院產服中心_計畫助理派遣人員_南投(R400),其他專案管理師,行政人員,,,,設計助理,軟體助理工程師,生管／助理,文字客服,資訊助理人員
工研院產服中心,工研院產服中心_計畫專員派遣人員_台北(S000),行政人員,行政助理,檔案資料管理人員,,,軟體助理工程師,軟／韌體測試工程師,韌體工程師,神秘客,資料庫管理人員
工研院產服中心,工研院產服中心_計畫專員派遣人員_高雄(R500),研究助理,其他專案管理師,行政人員,,,軟／韌體測試工程師,韌體工程師,軟體助理工程師,神秘客,機械設計／繪圖人員
工研院產服中心,工研院產服中心_計畫推廣派遣人員_台北(X100),其他專案管理師,,,,,軟體助理工程師,神秘客,電訪人員,資料庫管理人員,設計助理
工研院產服中心,工研院產服中心_計畫推廣派遣人員_台南(F400),其他專案管理師,行銷企劃助理,,,,軟體助理工程師,電訪人員,神秘客,資料庫管理人員,韌體工程師
工研院產服中心,工研院產服中心_計畫管理派遣人員_中興(S500),行政人員,行政助理,,,,資料庫管理人員,文字客服,軟體相關管理師,後端工程師,神秘客
工研院產服中心,工研院產服中心_計畫管理派遣人員_台北(S500),其他專案管理師,行政助理,,,,資料庫管理人員,後端工程師,軟體相關管理師,神秘客,文字客服
工研院產服中心,工研院產服中心_高科技創新事業專案經理/專案管理師(F000),其他專案管理師,國內業務主管,,,,專案管理主管,產品管理師,MIS／網管主管,化學／化工工程師,PLC／自動控制工程師
工研院產科國際所,【原住民徵才專區】工研院產科國際所_石化/特化材料領域產業分析師(0J200),市場調查／分析人員,,,,,化學／化工工程師,神秘客,環境分析研究員,材料分析員,軟／韌體測試工程師
工研院產科國際所,【工研院產科國際所】派遣計畫助理(E200)_台北,行政助理,行政人員,,,,設計助理,室內設計助理,人事助理,資訊助理人員,軟體助理工程師
工研院產科國際所,【工研院產科國際所】計畫助理_間時派遣人員(H200),行政助理,,,,,設計助理,室內設計助理,軟體助理工程師,人事助理,資訊助理人員
工研院產科國際所,工研院產科國際所_亞太產業研究組產業分析師(0Y000),市場調查／分析人員,,,,,軟／韌體測試工程師,韌體工程師,化學／化工工程師,區塊鏈工程師,數據分析師／資料分析師
工研院產科國際所,工研院產科國際所_新興市場國際業務推動管理師(0Y000),市場調查／分析人員,,,,,資料庫管理人員,通路開發人員,軟體相關管理師,神秘客,ERP專案管理師
工研院產科國際所,工研院產科國際所_材料領域產業分析師(0J100),市場調查／分析人員,其他研究人員,,,,材料分析員,化學／化工工程師,軟／韌體測試工程師,微生物分析師,環境分析研究員
工研院產科國際所,工研院產科國際所_歐洲領域產業分析師(0T000),市場調查／分析人員,國外業務人員,,,,化學／化工工程師,環境分析研究員,區塊鏈工程師,軟／韌體測試工程師,韌體工程師
工研院產科國際所,工研院產科國際所_派遣研究助理(E200)_台北,行政助理,,,,,病理藥理研究人員,助理研究人員,研究助理,設計助理,工程助理
工研院產科國際所,工研院產科國際所_派遣行政助理(A0100),行政助理,研究助理,,,,行政人員,電腦操作／資料輸入,秘書,財務／會計助理,採購助理
工研院產科國際所,工研院產科國際所_派遣行政助理(S000),研究助理,行政助理,,,,行政人員,秘書,電腦操作／資料輸入,財務／會計助理,採購助理
工研院產科國際所,工研院產科國際所_派遣計畫助理(E200)_台北,行政人員,,,,,設計助理,室內設計助理,冷凍空調繪圖／設計,機械設計／繪圖人員,軟體助理工程師
工研院產科國際所,工研院產科國際所_產業政策與市場概況研究 長期實習生(Y000),工讀生,,,,,化學／化工工程師,韌體工程師,電腦硬體研發工程師,病理藥理研究人員,臨床／實驗室研究人員
工研院產科國際所,工研院產科國際所_產業研究與商務簡報製作實習生(0F200),工讀生,,,,,韌體工程師,病理藥理研究人員,演算法開發工程師,軟／韌體測試工程師,電腦硬體研發工程師
工研院產科國際所,工研院產科國際所_研究助理派遣人員(0N000),行政人員,,,,,助理研究人員,病理藥理研究人員,研究助理,設計助理,工程助理
工研院產科國際所,工研院產科國際所_行政實習生（創創組）_台北或新竹竹東辦公,工讀生,,,,,行政人員,資料庫管理人員,電腦操作／資料輸入,秘書,財務／會計助理
工研院產科國際所,工研院產科國際所_計畫助理_間時派遣人員(H200),行政助理,,,,,設計助理,室內設計助理,軟體助理工程師,冷凍空調繪圖／設計,機械設計／繪圖人員
工研院產科國際所,工研院產科國際所_計畫助理派遣人員(0E200)_台北,行政助理,,,,,設計助理,室內設計助理,冷凍空調繪圖／設計,機械設計／繪圖人員,研究助理
工研院產科國際所,工研院產科國際所_計畫助理派遣人員（Y000）_派駐產發署,行政助理,行政人員,,,,設計助理,室內設計助理,冷凍空調繪圖／設計,機械設計／繪圖人員,軟體助理工程師
工研院產科國際所,工研院產科國際所_計畫管理派遣人員（J000）_台北,行政助理,行政人員,,,,韌體工程師,軟／韌體測試工程師,病理藥理研究人員,演算法開發工程師,區塊鏈工程師
工研院產科國際所,工研院產科國際所_課程後台行政實習生(A0100),工讀生,,,,,後端工程師,資料庫管理人員,軟體助理工程師,設計助理,電玩工程師
工研院產科國際所,工研院產科國際所_資料蒐集實習生(0Y000),工讀生,,,,,病理藥理研究人員,軟／韌體測試工程師,韌體工程師,統計學研究人員,臨床／實驗室研究人員
工研院產科國際所,工研院產科國際所_資料蒐集實習生(0Y000)-1,工讀生,,,,,病理藥理研究人員,軟／韌體測試工程師,韌體工程師,統計學研究人員,臨床／實驗室研究人員
工研院產科國際所,工研院產科國際所_資料蒐集實習生(0Y000)-2,工讀生,,,,,病理藥理研究人員,軟／韌體測試工程師,韌體工程師,統計學研究人員,臨床／實驗室研究人員
工研院產科國際所,工研院產科國際所_資料蒐集與分析實習生(0Y000),工讀生,,,,,病理藥理研究人員,軟／韌體測試工程師,統計學研究人員,微生物分析師,數據分析師／資料分析師
工研院產科國際所,工研院產科國際所_風力發電產業研究員(0F200),市場調查／分析人員,其他研究人員,,,,電腦硬體研發工程師,韌體工程師,醫療器材研發工程師,演算法開發工程師,軟／韌體測試工程師
工研院綠能所,115年度【研發替代役】工研院綠能所_淨零模型研究員(N200),環保／環境工程師／技師,,,,,微生物分析師,奈米研發工程師,汽車研發人員,材料分析員,特用化學工程師
工研院綠能所,115年度【研發替代役】工研院綠能所_熱管理/冷凍空調工程師(J100),機械工程師,PLC／自動控制工程師,,,,電子工程師,汽車研發人員,材料研發人員,零組件工程師,材料分析員
工研院綠能所,115年度【研發替代役】工研院綠能所_電力系統整合研究員(U100),電機技師／工程師,太陽能技術工程師,,,,軟／韌體測試工程師,系統分析師,韌體工程師,電子工程師,MES工程師
工研院綠能所,115年度【研發替代役】工研院綠能所_電力電子與驅動控制工程師(J400),PLC／自動控制工程師,機電技師／工程師,韌體工程師,,,電子工程師,汽車研發人員,BIOS工程師,材料研發人員,零組件工程師
工研院綠能所,【原住民徵才專區】工研院綠能所_系統整合/機械工程師(J100),機構工程師,機械工程師,熱傳工程師,,,MES工程師,系統分析師,電子工程師,軟／韌體測試工程師,PLC／自動控制工程師
工研院綠能所,【工研院綠能所】太陽光電專案推動人員派遣人員(550V400) _台北揚昇大樓,其他專案管理師,研究助理,,,,室內設計助理,軟／韌體測試工程師,病理藥理研究人員,設計助理,冷凍空調繪圖／設計
工研院綠能所,【工研院綠能所】實驗室助理人員派遣人員(550J100),研究助理,測試工程師,,,,設計助理,工程助理,室內設計助理,生管／助理,軟體助理工程師
工研院綠能所,【工研院綠能所】社會韌性專案研究人員派遣人員(550G500),其他專案管理師,其他研究人員,,,,病理藥理研究人員,統計學研究人員,軟／韌體測試工程師,機器學習工程師,數據分析師／資料分析師
工研院綠能所,【工研院綠能所】計劃管理人員派遣人員(550U100)(台北能源署),行政助理,行政人員,,,,人事／人力資源專員,ERP專案管理師,資料庫管理人員,軟體相關管理師,室內設計助理
工研院綠能所,【工研院綠能所】離岸風電政策推動人員派遣人員(550V200)_工作地點: 台北揚昇大樓 TCL1(L),其他專案管理師,研究助理,,,,資料庫管理人員,設計助理,人事／人力資源專員,資訊助理人員,神秘客
工研院綠能所,【工研院綠能所】離岸風電政策推動人員派遣人員（550V200）_工作地點：台北揚昇大樓,其他專案管理師,研究助理,,,,資料庫管理人員,神秘客,人事／人力資源專員,設計助理,室內設計助理
工研院綠能所,【工研院綠能所】離岸風電政策推動專案管理派遣人員(550V200)_工作地點:台北揚昇大樓,其他專案管理師,研究助理,,,,資料庫管理人員,軟體相關管理師,人事／人力資源專員,後端工程師,設計助理
工研院綠能所,【工研院綠能所】離岸風電政策推動專案管理研究員派遣人員(550V200)_工作地點:北揚昇大樓 TCL1(L),其他專案管理師,研究助理,,,,病理藥理研究人員,人事／人力資源專員,哲學研究人員,法務人員,軟體相關管理師
工研院綠能所,【工研院綠能所】電業查驗計劃管理人員派遣人員(550U100),其他專案管理師,行政助理,,,,軟／韌體測試工程師,冷凍空調繪圖／設計,資料庫管理人員,產品管理師,軟體相關管理師
工研院綠能所,工研院綠能所_再生能源政策研究員(V100),其他專案管理師,太陽能技術工程師,,,,病理藥理研究人員,哲學研究人員,韌體工程師,統計學研究人員,電腦硬體研發工程師
工研院綠能所,工研院綠能所_再生能源計畫管理派遣人員(550V100) _ 工作地點:台北,其他專案管理師,行政助理,行銷企劃助理,,,韌體工程師,病理藥理研究人員,軟／韌體測試工程師,電腦硬體研發工程師,演算法開發工程師
工研院綠能所,工研院綠能所_再生能源計畫管理派遣人員(V100)(新竹),其他專案管理師,,,,,韌體工程師,病理藥理研究人員,軟／韌體測試工程師,RF通訊工程師,演算法開發工程師
工研院綠能所,工研院綠能所_冰水機組能源效率研究員(J300),機械工程師,冷凍空調技術人員／安裝員,,,,軟／韌體測試工程師,微生物分析師,韌體工程師,材料分析員,環境分析研究員
工研院綠能所,工研院綠能所_冷凍空調研發測試人員派遣人員(550J000),研究助理,機械設備組裝測試人員,,,,軟／韌體測試工程師,微生物分析師,材料分析員,測試工程師,汽車研發人員
工研院綠能所,工研院綠能所_化災應變諮詢派遣人員_工作地點:台北環境部化學物質管理署 監控中心,研究助理,助理研究人員,,,,專案管理主管,生技主管,化學／化工工程師,工業工程師,環境分析研究員
工研院綠能所,工研院綠能所_國土空間規劃研究員(G500),數據分析師／資料分析師,其他研究人員,,,,韌體工程師,電腦硬體研發工程師,演算法開發工程師,軟／韌體測試工程師,區塊鏈工程師
工研院綠能所,工研院綠能所_國際業務與計畫管理研究員(B100),其他專案管理師,應用科學研究人員,,,,資料庫管理人員,ERP專案管理師,軟體相關管理師,化學／化工工程師,後端工程師
工研院綠能所,工研院綠能所_太陽光電專案推動人員派遣人員(550V400) _台北揚昇大樓,其他專案管理師,研究助理,,,,軟／韌體測試工程師,病理藥理研究人員,韌體工程師,助理研究人員,RF通訊工程師
工研院綠能所,工研院綠能所_太陽光電專案管理人員派遣人員(550R300) (工作地點:台南沙崙/新竹/台北亞細亞大樓 皆可),其他專案管理師,,,,,病理藥理研究人員,臨床／實驗室研究人員,軟／韌體測試工程師,韌體工程師,其他醫療從業人員
工研院綠能所,工研院綠能所_太陽光電政策推動人員派遣人員(550V300)(台北揚昇大樓,其他專案管理師,,,,,病理藥理研究人員,軟／韌體測試工程師,韌體工程師,資料庫管理人員,電腦硬體研發工程師
工研院綠能所,工研院綠能所_太陽光電政策推動人員派遣人員(550V300)(台北揚昇大樓）,其他專案管理師,,,,,病理藥理研究人員,軟／韌體測試工程師,韌體工程師,電腦硬體研發工程師,資料庫管理人員
工研院綠能所,工研院綠能所_專案經理(C000),專案經理,太陽能技術工程師,,,,病理藥理研究人員,金融研究人員,軟體專案主管,歷史研究人員,統計學研究人員
工研院綠能所,工研院綠能所_專案計劃管理人員派遣人員(550P100),其他專案管理師,研究助理,其他研究人員,,,病理藥理研究人員,韌體工程師,軟體相關管理師,演算法開發工程師,後端工程師
工研院綠能所,工研院綠能所_專案計劃管理人員派遣人員(550P100)-1,其他專案管理師,研究助理,其他研究人員,,,病理藥理研究人員,韌體工程師,軟體相關管理師,演算法開發工程師,後端工程師
工研院綠能所,工研院綠能所_小水力政策推動人員派遣人員(550G200),市場調查／分析人員,其他研究人員,,,,病理藥理研究人員,人事／人力資源專員,韌體工程師,資料庫管理人員,軟／韌體測試工程師
工研院綠能所,工研院綠能所_機械結構工程師(H200),機械工程師,機電技師／工程師,,,,電子工程師,BIOS工程師,軟／韌體測試工程師,韌體工程師,材料分析員
工研院綠能所,工研院綠能所_機電/冷凍空調工程師(J400),熱傳工程師,機械工程師,,,,電子工程師,BIOS工程師,工業設計,材料分析員,軟／韌體測試工程師
工研院綠能所,工研院綠能所_機電整合/機械工程師(J100),機械工程師,機電技師／工程師,,,,電子工程師,汽車研發人員,材料分析員,微生物分析師,特用化學工程師
工研院綠能所,工研院綠能所_檢定驗證技術工程師(U400),電機技師／工程師,機械工程師,,,,微生物分析師,材料分析員,生物科技研發人員,汽車研發人員,半導體製程工程師
工研院綠能所,工研院綠能所_檢測試驗研究人員派遣人員(550J400),研究助理,,,,,材料分析員,微生物分析師,測試工程師,軟／韌體測試工程師,汽車研發人員
工研院綠能所,工研院綠能所_海事工程整合工程師(H200),機械工程師,土木技師,土木工程師,結構技師／工程師,,MES工程師,韌體工程師,數位IC設計工程師,RF通訊工程師,系統分析師
工研院綠能所,工研院綠能所_海洋結構檢測工程師(H200),機械工程師,土木技師,土木工程師,結構技師／工程師,,軟／韌體測試工程師,BIOS工程師,測試工程師,可靠度工程師,儀器操作分析員
工研院綠能所,工研院綠能所_熱流/電子散熱工程師(D300),機電技師／工程師,熱傳工程師,,,,電子工程師,材料分析員,軟／韌體測試工程師,微生物分析師,韌體工程師
工研院綠能所,工研院綠能所_熱流整合研究員(J400),機械工程師,熱傳工程師,,,,物理相關研究人員,微生物分析師,材料分析員,化學相關研究人員,病理藥理研究人員
工研院綠能所,工研院綠能所_熱管理/冷凍空調工程師(J100),機械工程師,PLC／自動控制工程師,,,,電子工程師,韌體工程師,嵌入式工程師,環境分析研究員,軟／韌體測試工程師
工研院綠能所,工研院綠能所_燃燒熱流研究員(C100),熱傳工程師,機械工程師,,,,材料分析員,特用化學工程師,物理相關研究人員,微生物分析師,奈米研發工程師
工研院綠能所,工研院綠能所_環境工程師(N100),環保／環境工程師／技師,,,,,環境分析研究員,電子工程師,韌體工程師,軟／韌體測試工程師,BIOS工程師
工研院綠能所,工研院綠能所_環境永續工程師(P100),環保／環境工程師／技師,化學相關研究人員,,,,環境分析研究員,韌體工程師,電子工程師,嵌入式工程師,軟／韌體測試工程師
工研院綠能所,工研院綠能所_社會韌性專案研究人員派遣人員(550G500),其他專案管理師,其他研究人員,,,,病理藥理研究人員,歷史研究人員,統計學研究人員,韌體工程師,數據分析師／資料分析師
工研院綠能所,工研院綠能所_系統控制工程師(J100),機電技師／工程師,,,,,嵌入式工程師,IC設計工程師,軟體工程師,軟／韌體測試工程師,韌體工程師
工研院綠能所,工研院綠能所_行政助理人員派遣人員(550P400)_ 工作地點:台南沙崙,研究助理,行政助理,,,,電腦操作／資料輸入,行政人員,秘書,財務／會計助理,檔案資料管理人員
工研院綠能所,工研院綠能所_計劃管理人員派遣人員(550J300),研究助理,助理研究人員,,,,病理藥理研究人員,韌體工程師,軟體相關管理師,後端工程師,資料庫管理人員
工研院綠能所,工研院綠能所_計畫助理派遣人員(550H200)_工作地點:台南沙崙,行政人員,行政助理,,,,設計助理,室內設計助理,冷凍空調繪圖／設計,人事助理,資訊助理人員
工研院綠能所,工研院綠能所_計畫助理派遣人員(550U100),行政助理,其他專案管理師,行銷企劃助理,,,設計助理,室內設計助理,冷凍空調繪圖／設計,人事助理,資訊助理人員
工研院綠能所,工研院綠能所_計畫管理人員派遣人員(550U400),其他專案管理師,行政助理,,,,韌體工程師,病理藥理研究人員,軟體相關管理師,軟／韌體測試工程師,後端工程師
工研院綠能所,工研院綠能所_資訊系統研發工程師(J400),機械工程師,熱傳工程師,,,,韌體工程師,軟／韌體測試工程師,IC設計工程師,嵌入式工程師,RF通訊工程師
工研院綠能所,工研院綠能所_離岸風電政策推動人員派遣人員(550V200)_工作地點: 台北揚昇大樓,其他專案管理師,研究助理,,,,資料庫管理人員,病理藥理研究人員,電腦硬體研發工程師,人事／人力資源專員,神秘客
工研院綠能所,工研院綠能所_離岸風電政策推動專案管理派遣人員(550V200)_工作地點:台北揚昇大樓,其他專案管理師,研究助理,,,,軟體相關管理師,資料庫管理人員,病理藥理研究人員,後端工程師,人事／人力資源專員
工研院綠能所,工研院綠能所_離岸風電政策推動派遣人員(550V200)_ 工作地點:台北揚昇大樓,其他專案管理師,研究助理,,,,病理藥理研究人員,資料庫管理人員,電腦硬體研發工程師,神秘客,設計助理
工研院綠能所,工研院綠能所_離岸風電政策法規研究員(V200),其他專案管理師,市場調查／分析人員,,,,病理藥理研究人員,數據分析師／資料分析師,韌體工程師,哲學研究人員,演算法開發工程師
工研院綠能所,工研院綠能所_離岸風電計畫管理人員派遣人員(550V200)_ 工作地點:台北揚昇大樓,其他專案管理師,研究助理,,,,軟／韌體測試工程師,韌體工程師,後端工程師,電腦硬體研發工程師,病理藥理研究人員
工研院綠能所,工研院綠能所_電力系統整合研究員(U100),電機技師／工程師,太陽能技術工程師,,,,系統分析師,韌體工程師,軟／韌體測試工程師,MES工程師,電子工程師
工研院綠能所,工研院綠能所_電機設計工程師(J100),機械工程師,機電技師／工程師,,,,電子工程師,BIOS工程師,軟／韌體測試工程師,韌體工程師,工業設計
工研院行政處,【工研院行政處】機電維護派遣人員(F100) TCL1,廠務,機電技師／工程師,水電工程師,,,資料庫管理人員,冷凍空調繪圖／設計,軟體助理工程師,機械設計／繪圖人員,CAD／CAM工程師
工研院行政處,【工研院行政處】機電維護派遣人員(F100)-1,廠務,機電技師／工程師,水電工程師,,,資料庫管理人員,軟體助理工程師,冷凍空調繪圖／設計,機械設計／繪圖人員,CAD／CAM工程師
工研院行政處,【工研院行政處】機電維護派遣人員(H200)   TCL1(L),廠務助理,工程助理,,,,冷凍空調繪圖／設計,資料庫管理人員,機械設計／繪圖人員,軟體助理工程師,後端工程師
工研院行政處,【工研院行政處】機電維護派遣人員(H200)-1,廠務助理,弱電工程師,工程助理,,,資料庫管理人員,軟體助理工程師,冷凍空調繪圖／設計,機械設計／繪圖人員,CAD／CAM工程師
工研院行政處,【工研院行政處】機電維護派遣人員(H300),機電技師／工程師,廠務,水電工程師,,,資料庫管理人員,冷凍空調繪圖／設計,軟體助理工程師,機械設計／繪圖人員,CAD／CAM工程師
工研院行政處,工研院行政處_暑期工讀生(中興院區),行政助理,,,,,行政人員,檔案資料管理人員,電腦操作／資料輸入,資料庫管理人員,醫院行政管理人員
工研院行政處,工研院行政處_機電廠務工程師(H100),機電技師／工程師,廠務,,,,資料庫管理人員,後端工程師,韌體工程師,機械設計／繪圖人員,MIS工程師
工研院行政處,工研院行政處_機電維護派遣人員 (H200),工程助理,廠務助理,,,,資料庫管理人員,後端工程師,軟體助理工程師,冷凍空調繪圖／設計,機械設計／繪圖人員
工研院行政處,工研院行政處_機電維護派遣人員 (H200)-1,工程助理,廠務助理,,,,資料庫管理人員,軟體助理工程師,後端工程師,冷凍空調繪圖／設計,機械設計／繪圖人員
工研院行政處,工研院行政處_機電維護派遣人員(F100),廠務助理,水電工程師,,,,資料庫管理人員,後端工程師,軟體助理工程師,冷凍空調繪圖／設計,機械設計／繪圖人員
工研院行政處,工研院行政處_機電維護派遣人員(F100)-1,維修技術人員,廠務,,,,資料庫管理人員,軟體助理工程師,後端工程師,冷凍空調繪圖／設計,機械設計／繪圖人員
工研院行政處,工研院行政處_機電維護派遣人員(H100),工程助理,廠務助理,,,,資料庫管理人員,後端工程師,軟體助理工程師,冷凍空調繪圖／設計,機械設計／繪圖人員
工研院行政處,工研院行政處_機電維護派遣人員(H200),廠務助理,工程助理,,,,資料庫管理人員,後端工程師,軟體助理工程師,冷凍空調繪圖／設計,機械設計／繪圖人員
工研院行政處,工研院行政處_機電維護派遣人員(H200)_1,廠務助理,工程助理,,,,資料庫管理人員,後端工程師,軟體助理工程師,冷凍空調繪圖／設計,機械設計／繪圖人員
工研院行政處,工研院行政處_機電維護派遣人員(H300),工程助理,廠務助理,,,,資料庫管理人員,後端工程師,軟體助理工程師,冷凍空調繪圖／設計,機械設計／繪圖人員
工研院行政處,工研院行政處_營繕工程師(F000),營建工程人員,行政人員,,,,資料庫管理人員,軟體專案主管,建築繪圖／設計,後端工程師,MIS工程師
工研院行政處,工研院行政處_空調工程師(F400),營建工程人員,行政人員,,,,資料庫管理人員,後端工程師,嵌入式工程師,軟體工程師,建築繪圖／設計
工研院行政處,工研院行政處_行政盤點暑期工讀生(光明新村),行政助理,,,,,行政人員,電腦操作／資料輸入,檔案資料管理人員,秘書,總務人員
工研院資通所,【工研院資通所】機構設計派遣人員(U2，工作地點:台南六甲地區）,機構工程師,電機設備裝配員,,,,軟／韌體測試工程師,韌體工程師,RF通訊工程師,嵌入式工程師,BIOS工程師
工研院資通所,工研院資通所_3D影像建模測試派遣人員(W2),影片製作技術人員,攝影師,,,,軟／韌體測試工程師,測試工程師,BIOS工程師,微生物分析師,儀器操作分析員
工研院資通所,工研院資通所_3GPP PHY/MAC系統安裝與分析實習生(M202),軟體工程師,,,,,軟／韌體測試工程師,區塊鏈工程師,韌體工程師,IC設計工程師,BIOS工程師
工研院資通所,工研院資通所_3GPP 垂直應用開發實習生(M203),軟體工程師,,,,,軟／韌體測試工程師,韌體工程師,演算法開發工程師,區塊鏈工程師,APP工程師
工研院資通所,工研院資通所_6G/NTN 通訊軟韌體工程師(M3),電信／通訊系統工程師,,,,,韌體工程師,RF通訊工程師,嵌入式工程師,軟／韌體測試工程師,數位IC設計工程師
工研院資通所,工研院資通所_AI 人型機器人工程師（U102）,軟體工程師,,,,,機器學習工程師,RF通訊工程師,微生物分析師,韌體工程師,軟／韌體測試工程師
工研院資通所,工研院資通所_AI 仿生足式機器人工程師(U101),軟體工程師,電腦硬體研發工程師,,,,微生物分析師,機器學習工程師,材料分析員,軟／韌體測試工程師,BIOS工程師
工研院資通所,工研院資通所_AI 機器人數位孿生與強化學習實習生(U101),軟體工程師,,,,,機器學習工程師,數學研究人員,微生物分析師,病理藥理研究人員,數據分析師／資料分析師
工研院資通所,工研院資通所_AI 語言模型與 RAG 系統研發實習生(F101),軟體工程師,,,,,軟／韌體測試工程師,韌體工程師,演算法開發工程師,RF通訊工程師,區塊鏈工程師
工研院資通所,工研院資通所_AI 資料工程實習生(F102),軟體工程師,,,,,韌體工程師,RF通訊工程師,軟／韌體測試工程師,演算法開發工程師,嵌入式工程師
工研院資通所,工研院資通所_AI系統整合技術主管(F02),軟體工程師,,,,,MES工程師,太陽能技術工程師,機械工程主管,專案管理主管,硬體工程研發主管
工研院資通所,工研院資通所_AI資安工程師(F2),軟體工程師,,,,,韌體工程師,軟／韌體測試工程師,RF通訊工程師,BIOS工程師,電子工程師
工研院資通所,工研院資通所_AMR 任務策略調度研發工程師(U202),軟體工程師,,,,,機器學習工程師,韌體工程師,演算法開發工程師,軟／韌體測試工程師,RF通訊工程師
工研院資通所,工研院資通所_B5G/6G/NTN通訊演算法開發工程師(M501),電信／通訊系統工程師,,,,,AI工程師,機器學習工程師,數據分析師／資料分析師,演算法開發工程師,區塊鏈工程師
工研院資通所,工研院資通所_B5G/6G/NTN通訊軟體開發工程師(M502),電信／通訊系統工程師,,,,,韌體工程師,軟／韌體測試工程師,演算法開發工程師,嵌入式工程師,電腦硬體研發工程師
工研院資通所,工研院資通所_前端網頁開發實習生(F2),軟體工程師,,,,,韌體工程師,軟／韌體測試工程師,演算法開發工程師,前端工程師,後端工程師
工研院資通所,工研院資通所_國合推廣派遣人員(F3),行政助理,行政人員,行銷企劃人員,,,病理藥理研究人員,統計學研究人員,金融研究人員,軟／韌體測試工程師,韌體工程師
工研院資通所,工研院資通所_射頻晶片與模組工程師(M4),電信／通訊系統工程師,,,,,BIOS工程師,軟／韌體測試工程師,電子工程師,RF通訊工程師,測試工程師
工研院資通所,工研院資通所_專案管理師(B2),其他專案管理師,,,,,病理藥理研究人員,軟體相關管理師,韌體工程師,嵌入式工程師,環境分析研究員
工研院資通所,工研院資通所_技術PM(K0),通訊軟體工程師,,,,,微生物分析師,生物科技研發人員,紡織化學工程師,CNC銑床人員,半導體製程工程師
工研院資通所,工研院資通所_技術PM派遣人員(T0，工作地點:台北地區),資訊助理人員,網路管理工程師,,,,微生物分析師,軟／韌體測試工程師,臨床／實驗室研究人員,BIOS工程師,生物科技研發人員
工研院資通所,工研院資通所_技術支援派遣人員(U2),網路管理工程師,,,,,工程助理,組裝組立技術人員,機械設計／繪圖人員,冷凍空調繪圖／設計,機械操作人員
工研院資通所,工研院資通所_服務機器人AI應用開發工程師(A403，工作地點：台南沙崙院區),軟體工程師,AI工程師,,,,演算法開發工程師,韌體工程師,軟／韌體測試工程師,區塊鏈工程師,機器學習工程師
工研院資通所,工研院資通所_機器人模型訓練實習生 (U1/U2，工作地點: 新竹竹東/台南六甲),軟體工程師,,,,,微生物分析師,軟／韌體測試工程師,BIOS工程師,機器學習工程師,臨床／實驗室研究人員
工研院資通所,工研院資通所_機房維運派遣人員(F1),維修技術人員,冷凍空調技術人員／安裝員,,,,病理藥理研究人員,軟／韌體測試工程師,微生物分析師,韌體工程師,臨床／實驗室研究人員
工研院資通所,工研院資通所_機構設計派遣人員(U2，工作地點:台南六甲地區）,機構工程師,電機設備裝配員,,,,韌體工程師,軟／韌體測試工程師,RF通訊工程師,區塊鏈工程師,嵌入式工程師
工研院資通所,工研院資通所_派遣3D影像建模測試人員(W2),影片製作技術人員,攝影師,建築繪圖／設計,,,軟／韌體測試工程師,測試工程師,BIOS工程師,微生物分析師,儀器操作分析員
工研院資通所,工研院資通所_無人機AI軟體工程師(U302),軟體工程師,,,,,韌體工程師,RF通訊工程師,軟／韌體測試工程師,演算法開發工程師,機器學習工程師
工研院資通所,工研院資通所_無人機群飛及導控系統工程師(U301),軟體工程師,,,,,韌體工程師,RF通訊工程師,IC設計工程師,軟／韌體測試工程師,嵌入式工程師
工研院資通所,工研院資通所_無人機蜂群組網軟體工程師(K202),軟體工程師,,,,,韌體工程師,RF通訊工程師,軟／韌體測試工程師,嵌入式工程師,演算法開發工程師
工研院資通所,工研院資通所_無人載具系統管理平台開發前端工程師(U204),軟體工程師,,,,,韌體工程師,後端工程師,軟／韌體測試工程師,IC設計工程師,嵌入式工程師
工研院資通所,工研院資通所_無人載具系統管理平台開發工程師(U203),軟體工程師,,,,,韌體工程師,軟／韌體測試工程師,IC設計工程師,後端工程師,區塊鏈工程師
工研院資通所,工研院資通所_無線光通訊系統技術工程師(V401),軟體工程師,電信／通訊系統工程師,,,,韌體工程師,光電工程師,軟／韌體測試工程師,RF通訊工程師,IC設計工程師
工研院資通所,工研院資通所_產品視覺工具開發工程師(M202),電信／通訊系統工程師,,,,,韌體工程師,軟／韌體測試工程師,演算法開發工程師,醫療器材研發工程師,電腦硬體研發工程師
工研院資通所,工研院資通所_研發支援派遣人員(F2),前端工程師,UI/UX設計師,,,,助理研究人員,工程助理,軟／韌體測試工程師,微生物分析師,病理藥理研究人員
工研院資通所,工研院資通所_計畫PM派遣人員(T0，工作地點:台北地區),資訊助理人員,網路管理工程師,,,,韌體工程師,病理藥理研究人員,軟／韌體測試工程師,統計學研究人員,RF通訊工程師
工研院資通所,工研院資通所_計畫管理師(B5),其他專案管理師,,,,,韌體工程師,嵌入式工程師,軟體相關管理師,後端工程師,軟體工程師
工研院資通所,工研院資通所_軌道安全 AI 感知與融合實習生(U102),軟體工程師,,,,,臨床／實驗室研究人員,軟／韌體測試工程師,病理藥理研究人員,韌體工程師,電玩工程師
工研院資通所,工研院資通所_通訊協定開發工程師(M201),電信／通訊系統工程師,,,,,韌體工程師,軟／韌體測試工程師,演算法開發工程師,AI工程師,區塊鏈工程師
工研院資通所,工研院資通所_通訊標準技術研發工程師(M1),電信／通訊系統工程師,,,,,微生物分析師,軟／韌體測試工程師,生物科技研發人員,醫藥研發人員,汽車研發人員
工研院資通所,工研院資通所_電信／通訊系統工程師、硬體開發工程師(V1),電信／通訊系統工程師,,,,,韌體工程師,軟／韌體測試工程師,嵌入式工程師,軟體工程師,演算法開發工程師
工研院資通所,工研院資通所_電子工程師(V503),通訊軟體工程師,電信／通訊系統工程師,電腦硬體研發工程師,,,電子工程師,軟／韌體測試工程師,材料分析員,BIOS工程師,韌體工程師
工研院量測中心,115年度【研發替代役】工研院量測中心_振動聲學研究員(E700),PLC／自動控制工程師,聲學／噪音工程師,,,,心理學研究人員,微生物分析師,材料分析員,奈米研發工程師,材料研發人員
工研院量測中心,115年度【研發替代役】工研院量測中心_電量研究員(E600),電子工程師,電源工程師,電信／通訊系統工程師,,,微生物分析師,心理學研究人員,材料分析員,奈米研發工程師,材料研發人員
工研院量測中心,【原住民徵才專區】工研院量測中心_化學分析技術開發研究員(F300),測量／儀校人員,半導體工程師,,,,微生物分析師,化學相關研究人員,材料研發人員,材料分析員,生物科技研發人員
工研院量測中心,【原住民徵才專區】工研院量測中心_氣體計量工程師(F600),化學／化工工程師,化學相關研究人員,,,,軟／韌體測試工程師,BIOS工程師,材料分析員,心理學研究人員,韌體工程師
工研院量測中心,【原住民徵才專區】工研院量測中心_精密機械長度計量工程師(G800),機械工程師,,,,,BIOS工程師,電子工程師,材料分析員,軟／韌體測試工程師,可靠度工程師
工研院量測中心,【工研院量測中心】計畫技術助理派遣人員2(F600),化學／化工工程師,ISO品保人員,工務工管人員,,,設計助理,軟體助理工程師,工程助理,冷凍空調繪圖／設計,機械設計／繪圖人員
工研院量測中心,工研院量測中心_X-ray量測技術開發研究員(F300),測量／儀校人員,半導體工程師,,,,軟／韌體測試工程師,微生物分析師,儀器操作分析員,材料研發人員,測試工程師
工研院量測中心,工研院量測中心_X光奈米影像開發研究員(F400),光學工程師,半導體工程師,,,,奈米研發工程師,軟／韌體測試工程師,助理研究人員,機器學習工程師,心理學研究人員
工研院量測中心,工研院量測中心_化學分析技術開發研究員(F300),測量／儀校人員,半導體工程師,,,,微生物分析師,材料研發人員,化學相關研究人員,醫藥研發人員,材料分析員
工研院量測中心,工研院量測中心_奈米與表面量測技術開發研究員(F300),測量／儀校人員,半導體工程師,,,,奈米研發工程師,軟／韌體測試工程師,微生物分析師,儀器操作分析員,測試工程師
工研院量測中心,工研院量測中心_校正服務台派遣人員(H100),行政助理,,,,,軟／韌體測試工程師,心理學研究人員,神秘客,BIOS工程師,電子工程師
工研院量測中心,工研院量測中心_氣體測試驗證暨氫能與燃料電池工程師(H300),測量／儀校人員,化學／化工工程師,,,,材料分析員,軟／韌體測試工程師,測試工程師,微生物分析師,BIOS工程師
工研院量測中心,工研院量測中心_氣體計量工程師(F600),化學／化工工程師,化學相關研究人員,,,,軟／韌體測試工程師,心理學研究人員,材料分析員,韌體工程師,BIOS工程師
工研院量測中心,工研院量測中心_矽光元件量測約聘人員(N200),測量／儀校人員,化學／化工工程師,,,,材料分析員,軟／韌體測試工程師,測試工程師,微生物分析師,BIOS工程師
工研院量測中心,工研院量測中心_精密機械量測工程師(G800),光學工程師,機械工程師,,,,軟／韌體測試工程師,材料分析員,測試工程師,BIOS工程師,微生物分析師
工研院量測中心,工研院量測中心_精密機械量測研究員(G800),機械工程師,,,,,軟／韌體測試工程師,心理學研究人員,微生物分析師,材料分析員,儀器操作分析員
工研院量測中心,工研院量測中心_職業安全衛生工程師(B200),職業安全衛生管理人員,,,,,心理學研究人員,軟／韌體測試工程師,韌體工程師,區塊鏈工程師,RF通訊工程師
工研院量測中心,工研院量測中心_計畫技術助理派遣人員(F600),ISO品保人員,工務助理,,,,設計助理,工程助理,機械設計／繪圖人員,冷凍空調繪圖／設計,軟體助理工程師
工研院量測中心,工研院量測中心_計畫技術助理派遣人員2(F600),化學相關研究人員,ISO品保人員,工務工管人員,,,設計助理,工程助理,機械設計／繪圖人員,冷凍空調繪圖／設計,軟體助理工程師
工研院院部,工研院院部_永續管理師,其他專案管理師,ESG永續管理師,,,,工業工程師,機械工程主管,硬體工程研發主管,專案管理主管,設計主管
工研院院部,工研院院部_環安衛管理人員（中興院區G2）,職業安全衛生管理師,,,,,食品衛生管理師,專案管理主管,工業工程師,公共衛生人員,機械工程主管
工研院電光系統所,工研院電光系統所_ 3D建模設計師/工程師 (J400/高雄),多媒體動畫設計師,其他特殊工程人員,,,,電子工程師,BIOS工程師,工業設計,機構工程師,零組件工程師
工研院電光系統所,工研院電光系統所_AI異質整合SiP模組設計工程師(R100)(含研發替代役),RF通訊工程師,AI工程師,半導體工程師,,,MES工程師,BIOS工程師,電子工程師,軟／韌體測試工程師,測試工程師
工研院電光系統所,工研院電光系統所_EDA/CAD/CAE 開發工程師(S100/S200),半導體工程師,,,,,軟／韌體測試工程師,韌體工程師,材料研發人員,光電工程師,BIOS工程師
工研院電光系統所,工研院電光系統所_EDA設計實習生(S100/S200),軟體助理工程師,,,,,韌體工程師,軟／韌體測試工程師,RF通訊工程師,BIOS工程師,數位IC設計工程師
工研院電光系統所,工研院電光系統所_住宅2D平面圖轉3D模型AI實習生/約聘人員(T400),工讀生,,,,,軟／韌體測試工程師,建築繪圖／設計,韌體工程師,BIOS工程師,冷凍空調繪圖／設計
工研院電光系統所,工研院電光系統所_光學系統工程師(E100),光學工程師,,,,,韌體工程師,光電工程師,軟／韌體測試工程師,IC設計工程師,RF通訊工程師
工研院電光系統所,工研院電光系統所_功率半導體工程師 (M100/M600),半導體工程師,半導體製程工程師,,,,數位IC設計工程師,韌體工程師,RF通訊工程師,軟／韌體測試工程師,IC設計工程師
工研院電光系統所,工研院電光系統所_功率晶片工程師(N100/新竹/台南),半導體工程師,,,,,韌體工程師,軟／韌體測試工程師,RF通訊工程師,BIOS工程師,數位IC設計工程師
工研院電光系統所,工研院電光系統所_化半元件製程約聘人員(W100),軟體助理工程師,,,,,材料分析員,半導體製程工程師,汽車研發人員,特用化學工程師,電子工程師
工研院電光系統所,工研院電光系統所_實驗室設備工程師 (L200),半導體設備工程師,,,,,軟／韌體測試工程師,BIOS工程師,電子工程師,測試工程師,微生物分析師
工研院電光系統所,工研院電光系統所_工廠場域3D繪圖實習生/約聘人員(T400),工讀生,,,,,軟／韌體測試工程師,韌體工程師,BIOS工程師,冷凍空調繪圖／設計,微生物分析師
工研院電光系統所,工研院電光系統所_微型光電元件製程與量測工程師 (W200),光電工程師,半導體工程師,通訊軟體工程師,,,材料分析員,汽車研發人員,BIOS工程師,材料研發人員,特用化學工程師
工研院電光系統所,工研院電光系統所_感測應用及互動設計演算法約聘人員(E200),光電工程師,,,,,軟／韌體測試工程師,韌體工程師,演算法開發工程師,RF通訊工程師,區塊鏈工程師
工研院電光系統所,工研院電光系統所_數位電路設計實習生(S200/S400),軟體助理工程師,,,,,韌體工程師,數位IC設計工程師,軟／韌體測試工程師,RF通訊工程師,區塊鏈工程師
工研院電光系統所,工研院電光系統所_晶片測試約聘人員(P200),類比IC設計工程師,數位IC設計工程師,,,,軟／韌體測試工程師,測試工程師,BIOS工程師,微生物分析師,儀器操作分析員
工研院電光系統所,工研院電光系統所_最佳化演算法實習生（R300）,工讀生,,,,,軟／韌體測試工程師,機器學習工程師,區塊鏈工程師,演算法開發工程師,韌體工程師
工研院電光系統所,工研院電光系統所_無塵室廠務人員(L100),廠務助理,廠務,工程助理,,,韌體工程師,BIOS工程師,軟／韌體測試工程師,微生物分析師,電子工程師
工研院電光系統所,工研院電光系統所_物理光學實習生(E100),軟體助理工程師,,,,,軟／韌體測試工程師,韌體工程師,光電工程師,RF通訊工程師,微生物分析師
工研院電光系統所,工研院電光系統所_生成式AI晶片系統整合實習生(K200),工讀生,工程助理,,,,韌體工程師,軟／韌體測試工程師,嵌入式工程師,數位IC設計工程師,RF通訊工程師
工研院電光系統所,工研院電光系統所_產業化人員(W000/英語或日語專長),產品企劃人員,其他專案管理師,國外業務人員,,,材料研發人員,微生物分析師,材料分析員,汽車研發人員,生物科技研發人員
工研院電光系統所,工研院電光系統所_磊晶技術約聘人員 (做二休二)(W100),生產技術／製程工程師,,,,,微生物分析師,生物科技研發人員,汽車研發人員,材料分析員,軟／韌體測試工程師
工研院電光系統所,工研院電光系統所_線路設計工程師(K300),電子工程師,光電工程師,,,,韌體工程師,軟／韌體測試工程師,IC設計工程師,嵌入式工程師,RF通訊工程師
工研院電光系統所,工研院電光系統所_製程開發工程師(中後段記憶元件，M500)(含研發替代役),半導體工程師,半導體製程工程師,,,,材料研發人員,電子工程師,汽車研發人員,材料分析員,特用化學工程師
工研院電光系統所,工研院電光系統所_雷射設計磊晶製程量測人員(W100),半導體製程工程師,,,,,BIOS工程師,軟／韌體測試工程師,材料分析員,測試工程師,光學工程師
工研院電光系統所,工研院電光系統所_電源設計工程師(沙崙/S500),電子工程師,半導體工程師,電腦硬體研發工程師,,,韌體工程師,軟／韌體測試工程師,RF通訊工程師,IC設計工程師,嵌入式工程師
工研院電光系統所,工研院電光系統所_類比晶片工程師(P100/P200/P300)(含研發替代役),類比IC設計工程師,半導體工程師,,,,軟／韌體測試工程師,材料研發人員,BIOS工程師,韌體工程師,電子工程師
工研院電光系統所,工研院電光系統所_顯示光學技術開發實習生(E300),軟體助理工程師,,,,,軟／韌體測試工程師,微生物分析師,測試工程師,光電工程師,材料研發人員
工研院電光系統所,工研院電光系統所_高精度噴墨印刷製程技術實習生(E400),軟體助理工程師,,,,,機械加工技術人員,紡織化學工程師,微生物分析師,BIOS工程師,汽車研發人員
左營新光店,正職外場服務人員(左營新光店),客服人員,,,,,調酒師／吧台人員,冷熱飲調製人員,門市／店員／專櫃人員,侍酒師,飯店／旅館服務人員
左營環球店,【左營環球店】兼職服務員-歡迎親洽,餐飲服務人員,餐廚助手,,,,飯店／旅館服務人員,調酒師／吧台人員,冷熱飲調製人員,門市／店員／專櫃人員,外送人員
巧寓舍計,【巧寓舍計】工程幹部,室內設計師,裝潢工程人員,發包人員,,,電機工程主管,土木工程師,結構技師／工程師,水電工程師,營建主管
巧寓舍計,【巧寓舍計】資深設計師/設計主管,室內設計師,,,,,電機工程主管,平面設計,設計主管,設備工程主管,水電工程師
巨匠外語,➤【新竹車站】巨匠外語-課程顧問-月均薪5~8萬 #完整培訓 #無需外語能力 #底薪35k起,國內業務人員,門市／店員／專櫃人員,業務助理,,,BIOS工程師,機器學習工程師,測量／儀校人員,IC佈局工程師,零組件工程師
巨匠外語,【幸福企業。內勤業務】巨匠外語左營店 【門市招生顧問】 底薪+獎金 穩定4~5萬以上# 歡迎實習生,補習班招生人員,國內業務人員,電話行銷人員,,,餐廚助手,內勤業務,客服人員,電話客服人員,票務人員／旅行社人員
巨匠外語_新店,➤【巨匠外語_新店】保底35K+雙獎金（均薪5-8萬）免陌生開發、環境優！上班即進修！透明升遷!,國內業務人員,業務助理,門市／店員／專櫃人員,,,化學／化工工程師,材料研發人員,水電工,檢驗人員,特用化學工程師
巨匠東大日語,★巨匠東大日語專/兼職講師(台中市區分校),語文補習班老師,,,,,調酒師／吧台人員,侍酒師,電腦補習班老師,門市／店員／專櫃人員,外送人員
巨匠電腦-北車,★【巨匠電腦-北車】內勤課程顧問_底薪+高獎金4~8萬#福利獎金優(無經驗可培訓),補習班招生人員,國內業務人員,門市／店員／專櫃人員,,,客服人員,電話客服人員,票務人員／旅行社人員,電玩工程師,稽核人員
巨匠電腦-板橋,★【巨匠電腦-板橋】門市課程顧問_保底薪+雙獎金_月均薪4~8萬(無經驗可培訓),補習班招生人員,國內業務人員,門市／店員／專櫃人員,,,PLC／自動控制工程師,智慧製程工程師,水電工程師,工業設計,ISO品保人員
巨匠電腦_三重,★【巨匠電腦_三重】課程顧問_保底薪+獎金均4~6萬/完整培訓(內勤.穩定),補習班招生人員,國內業務人員,門市／店員／專櫃人員,,,其他車輛維修人員,其他研究人員,養殖／畜牧專業人員,電玩工程師,機構工程師
巨匠電腦_大台北,★【巨匠電腦_大台北】學務人員/硬體維護_完整培訓/在職進修(無經驗可培訓),電腦組裝／維修,系統工程師,門市／店員／專櫃人員,,,客服工程師,軟體助理工程師,報關人員,電子設備維修人員,國貿人員
巨匠電腦_大台北區,★【巨匠電腦_大台北區】內勤課程顧問_底薪35K起+獎金#升遷福利優(無經驗可培訓),補習班招生人員,國內業務人員,門市／店員／專櫃人員,,,客服人員,其他研究人員,養殖／畜牧專業人員,電玩工程師,其他車輛維修人員
帕泰家,【帕泰家】新光A8店-服務專員,餐飲服務人員,餐廚助手,,,,飯店／旅館服務人員,調酒師／吧台人員,門市／店員／專櫃人員,冷熱飲調製人員,售票／收銀人員
席樂法式餐廳,【席樂法式餐廳】外場服務兼職人員,餐飲服務人員,,,,,飯店／旅館服務人員,調酒師／吧台人員,侍酒師,冷熱飲調製人員,門市／店員／專櫃人員
幸福第一站,台中指標性租賃天花板在這裡!台中最大租賃百人團隊!我們是【幸福第一站】無經驗可手把手教!制度完整!走向穩定高收入!,不動產經紀人／營業員,國內業務主管,國內業務人員,,,神秘客,資材人員,PLC／自動控制工程師,售票／收銀人員,工業設計
幸福第一站,🔥幸福第一站｜台中房屋租賃業務｜洽東山店劉組長,不動產經紀人／營業員,,,,,客服主管,國內業務人員,國外業務人員,國外業務主管,醫藥業務代表
康是美 三井藥局,保障百萬年薪!挑戰140W!【康是美 三井藥局】正職藥師,藥師,,,,,調酒師／吧台人員,品管／品保主管,侍酒師,店長／門市管理人員,門市／店員／專櫃人員
康是美 吉昌藥局,保障百萬年薪!!【康是美 吉昌藥局】正職藥師,藥師,,,,,調酒師／吧台人員,品管／品保主管,門市／店員／專櫃人員,店長／門市管理人員,ISO品保人員
康是美 微笑藥局,保障百萬年薪!挑戰140W!【康是美 微笑藥局】正職藥師_板橋,藥師,,,,,調酒師／吧台人員,品管／品保主管,ISO品保人員,門市／店員／專櫃人員,智慧製程工程師
康是美 苗府藥局,保障百萬年薪!!【康是美 苗府藥局】正職藥師,藥師,,,,,調酒師／吧台人員,品管／品保主管,門市／店員／專櫃人員,店長／門市管理人員,ISO品保人員
康是美 鑫泰藥局,保障百萬年薪!!【康是美 鑫泰藥局】正職藥師,藥師,,,,,調酒師／吧台人員,品管／品保主管,門市／店員／專櫃人員,店長／門市管理人員,ISO品保人員
康是美藥妝,【康是美藥妝】1.5年直達藥師店長 (台北),藥師,,,,,調酒師／吧台人員,門市／店員／專櫃人員,冷熱飲調製人員,侍酒師,飯店／旅館服務人員
康是美藥妝,【康是美藥妝】1.5年直達藥師店長 (台南),藥師,,,,,調酒師／吧台人員,門市／店員／專櫃人員,冷熱飲調製人員,侍酒師,店長／門市管理人員
康是美藥妝,【康是美藥妝】1.5年直達藥師店長 (宜蘭),藥師,,,,,調酒師／吧台人員,門市／店員／專櫃人員,冷熱飲調製人員,侍酒師,飯店／旅館服務人員
康是美藥妝,【康是美藥妝】1.5年直達藥師店長 (彰化),藥師,,,,,調酒師／吧台人員,門市／店員／專櫃人員,冷熱飲調製人員,侍酒師,飯店／旅館服務人員
康是美藥妝,【康是美藥妝】1.5年直達藥師店長 (新北),藥師,,,,,調酒師／吧台人員,門市／店員／專櫃人員,冷熱飲調製人員,侍酒師,飯店／旅館服務人員
康是美藥妝,【康是美藥妝】1.5年直達藥師店長 (新竹),藥師,,,,,調酒師／吧台人員,門市／店員／專櫃人員,冷熱飲調製人員,侍酒師,店長／門市管理人員
康是美藥妝,【康是美藥妝】1.5年直達藥師店長 (桃園),藥師,,,,,調酒師／吧台人員,門市／店員／專櫃人員,冷熱飲調製人員,侍酒師,飯店／旅館服務人員
康是美藥妝,【康是美藥妝】1.5年直達藥師店長 (花蓮),藥師,,,,,調酒師／吧台人員,門市／店員／專櫃人員,冷熱飲調製人員,侍酒師,飯店／旅館服務人員
康是美藥妝,【康是美藥妝】1.5年直達藥師店長 (高雄),藥師,,,,,調酒師／吧台人員,門市／店員／專櫃人員,冷熱飲調製人員,侍酒師,店長／門市管理人員
康是美藥局,保障百萬年薪!!【康是美藥局 正職藥師】桃園全區,藥師,,,,,調酒師／吧台人員,品管／品保主管,門市／店員／專櫃人員,ISO品保人員,店長／門市管理人員
康是美雲斗藥局,保障百萬年薪!!【康是美雲斗藥局】負責藥師_雲林斗六,藥師,,,,,調酒師／吧台人員,ISO品保人員,門市／店員／專櫃人員,品管／品保主管,店長／門市管理人員
康軒校區,【康軒校區】幼兒園副導師 ★優於業界薪獎福利制度★,幼教老師,助教,教保員／保育員,,,資材人員,神秘客,客服主管,PLC／自動控制工程師,工業設計
康軒校區,【康軒校區】幼兒園導師 ★優於業界薪獎福利制度★,幼教老師,教保員／保育員,助教,,,資材人員,神秘客,客服主管,工業設計,PLC／自動控制工程師
弘爺,【弘爺集團】中區-業務經理,國內業務主管,,,,,國外業務人員,票務人員／旅行社人員,客服人員,電話客服人員,內勤業務
弘爺,【弘爺集團】苗栗區-業務輔導人員,國內業務人員,加盟／招商人員,通路開發人員,,,國貿助理,業務助理,國貿人員,秘書,採購助理
弘爺,【弘爺集團】雲林駐區-業務輔導人員,國內業務人員,加盟／招商人員,通路開發人員,,,國貿助理,國貿人員,業務助理,採購助理,秘書
弘爺,弘爺漢堡-嘉義湖仔內店-兼職人員,餐飲服務人員,,,,,調酒師／吧台人員,飯店／旅館服務人員,冷熱飲調製人員,門市／店員／專櫃人員,侍酒師
弘爺,弘爺漢堡-大里仁化店-正職人員,餐飲服務人員,,,,,調酒師／吧台人員,冷熱飲調製人員,門市／店員／專櫃人員,侍酒師,飯店／旅館服務人員
弘爺,弘爺漢堡早餐店-石牌（假日計時）,餐飲服務人員,,,,,調酒師／吧台人員,飯店／旅館服務人員,侍酒師,門市／店員／專櫃人員,冷熱飲調製人員
弘爺,弘爺漢堡石義店（全職）,餐飲服務人員,,,,,飯店／旅館服務人員,調酒師／吧台人員,門市／店員／專櫃人員,冷熱飲調製人員,侍酒師
弘爺,弘爺漢堡花蓮七星潭店~徵早餐店兼職人員,餐飲服務人員,餐廚助手,,,,調酒師／吧台人員,冷熱飲調製人員,飯店／旅館服務人員,門市／店員／專櫃人員,侍酒師
弘爺,弘爺漢堡花蓮中興店~徵早餐店兼職人員,餐飲服務人員,餐廚助手,,,,調酒師／吧台人員,冷熱飲調製人員,飯店／旅館服務人員,門市／店員／專櫃人員,侍酒師
弘爺,弘爺漢堡花蓮富吉店~徵早餐店兼職人員,餐飲服務人員,餐廚助手,,,,調酒師／吧台人員,冷熱飲調製人員,飯店／旅館服務人員,門市／店員／專櫃人員,侍酒師
弘爺,弘爺漢堡（石義店）平日計時,餐飲服務人員,,,,,調酒師／吧台人員,冷熱飲調製人員,侍酒師,飯店／旅館服務人員,門市／店員／專櫃人員
後昌店,招募美甲師/美甲助理/儲備幹部/楠梓區後昌店,美甲彩繪師,,,,,售票／收銀人員,執行製作／助理,行政主管,美甲助理,資訊助理人員
後昌店,斯朵利後昌店,髮型設計師,美髮助理,整體造型師,,,調酒師／吧台人員,冷熱飲調製人員,門市／店員／專櫃人員,侍酒師,飯店／旅館服務人員
御盟,【御盟集團 SSAW餐廳】廚房助手,西式廚師,餐廚助手,,,,調酒師／吧台人員,侍酒師,冷熱飲調製人員,飯店／旅館服務人員,門市／店員／專櫃人員
御盟,【御盟集團 SSAW餐廳】甜點外場領班/服務員,餐飲服務人員,,,,,調酒師／吧台人員,飯店／旅館服務人員,冷熱飲調製人員,侍酒師,咖啡師
御盟,【御盟集團 SSAW餐廳】餐廳早/晚班兼職外場服務員,餐飲服務人員,,,,,飯店／旅館服務人員,侍酒師,調酒師／吧台人員,冷熱飲調製人員,門市／店員／專櫃人員
御盟國際驛館,【御盟國際驛館】人資主任,人事／人力資源專員,教育訓練人員,人事／人力資源主管,,,調酒師／吧台人員,品管／品保主管,冷熱飲調製人員,侍酒師,店長／門市管理人員
復興店,!!!!!!!!急需~~~~斯朵利_屏東復興店_無經驗可,美髮助理,髮型設計師,,,,調酒師／吧台人員,門市／店員／專櫃人員,冷熱飲調製人員,餐廚助手,西式廚師
復興店,NYHB 復興店 美髮儲備設計師,美髮助理,,,,,工業設計,水電工程師,平面設計,PLC／自動控制工程師,機構工程師
復興店,NYHB 復興店 髮型設計師,髮型設計師,,,,,工業設計,平面設計,服裝設計,水電工程師,建築繪圖／設計
復興店,SDOREE美甲(屏東市廣東店//復興店),美甲彩繪師,美容師,,,,調酒師／吧台人員,門市／店員／專櫃人員,冷熱飲調製人員,售票／收銀人員,侍酒師
復興店,pt助理-復興店,美髮助理,,,,,電腦操作／資料輸入,財務／會計助理,秘書,資訊助理人員,業務助理
復興店,「人人皆可高年薪」房仲.超業-老鷹地產台中復興店【圓夢專家】,不動產經紀人／營業員,國內業務人員,,,,房務人員,門市／店員／專櫃人員,售票／收銀人員,飯店／旅館服務人員,調酒師／吧台人員
復興店,「圓夢專家」房仲.超業-老鷹地產台中復興店【圓夢專家】,不動產經紀人／營業員,國內業務人員,,,,門市／店員／專櫃人員,房務人員,售票／收銀人員,飯店／旅館服務人員,客服主管
復興店,「圓夢專家」房仲超業-老鷹地產台中復興店【圓夢專家】,不動產經紀人／營業員,國內業務人員,,,,門市／店員／專櫃人員,房務人員,售票／收銀人員,飯店／旅館服務人員,調酒師／吧台人員
復興店,【兼職】摩斯三峽復興店(392mos)-兼職/計時人員,餐飲服務人員,,,,,調酒師／吧台人員,外送人員,冷熱飲調製人員,侍酒師,門市／店員／專櫃人員
復興店,【兼職】摩斯桃園復興店(280mos),餐飲服務人員,,,,,調酒師／吧台人員,外送人員,門市／店員／專櫃人員,冷熱飲調製人員,侍酒師
復興店,【復興店】美容師/芳療師,美容師,美療師／芳療師,,,,調酒師／吧台人員,冷熱飲調製人員,門市／店員／專櫃人員,售票／收銀人員,飯店／旅館服務人員
復興店,【忠孝復興店】兼職服務員-歡迎親洽,餐飲服務人員,餐廚助手,,,,飯店／旅館服務人員,冷熱飲調製人員,調酒師／吧台人員,門市／店員／專櫃人員,外送人員
復興店,【急徵】摩斯台中復興店(219mos),餐飲服務人員,,,,,調酒師／吧台人員,門市／店員／專櫃人員,侍酒師,冷熱飲調製人員,飯店／旅館服務人員
復興店,【肉多多火鍋 宜蘭復興店】儲備幹部 - 米其林指標/有熱情、挑戰米其林等級夥伴,餐飲服務人員,,,,,調酒師／吧台人員,餐飲主管,侍酒師,店長／門市管理人員,飯店／旅館服務人員
復興店,不動產營業員(台中復興店),不動產經紀人／營業員,國內業務人員,,,,門市／店員／專櫃人員,調酒師／吧台人員,餐飲主管,侍酒師,店長／門市管理人員
復興店,值班主管｜覺旅咖啡｜南京復興店｜41~45K,儲備幹部,餐飲服務人員,,,,調酒師／吧台人員,飯店／旅館主管,餐飲主管,侍酒師,店長／門市管理人員
復興店,史坦利美式牛排(台北復興店)-外場副理,飯店／旅館主管,儲備幹部,,,,門市／店員／專櫃人員,調酒師／吧台人員,冷熱飲調製人員,餐廚助手,售票／收銀人員
復興店,夏慕尼中壢復興店-大廳見習襄理,餐飲服務人員,,,,,飯店／旅館服務人員,侍酒師,調酒師／吧台人員,餐飲主管,冷熱飲調製人員
復興店,夏慕尼中壢復興店-大廳計時人員,餐飲服務人員,,,,,飯店／旅館服務人員,侍酒師,調酒師／吧台人員,冷熱飲調製人員,餐飲主管
復興店,好樂迪-復興店 大夜班月薪服務人員【留任獎金18000元】,餐飲服務人員,餐廚助手,,,,飯店／旅館服務人員,調酒師／吧台人員,冷熱飲調製人員,門市／店員／專櫃人員,侍酒師
復興店,復興店-驗光師(生),驗光師,,,,,調酒師／吧台人員,冷熱飲調製人員,品管人員,門市／店員／專櫃人員,智慧製程工程師
復興店,復興店行政安全人員,門市／店員／專櫃人員,保全人員／警衛,,,,行政人員,電腦操作／資料輸入,秘書,財務／會計助理,排版人員
復興店,斯朵利復興店髮型,髮型設計師,美髮助理,,,,調酒師／吧台人員,門市／店員／專櫃人員,冷熱飲調製人員,侍酒師,飯店／旅館服務人員
復興店,新莊復興店[月休10天]展店招聘-夜班,餐廚助手,其他料理廚師,,,,冷熱飲調製人員,調酒師／吧台人員,門市／店員／專櫃人員,侍酒師,售票／收銀人員
復興店,新莊復興店[月休10天]展店招聘-日班,餐廚助手,其他料理廚師,,,,調酒師／吧台人員,冷熱飲調製人員,門市／店員／專櫃人員,侍酒師,西式廚師
復興店,新莊復興店[月休12天]展店招聘-夜班,餐廚助手,其他料理廚師,,,,冷熱飲調製人員,調酒師／吧台人員,門市／店員／專櫃人員,侍酒師,售票／收銀人員
復興店,新莊復興店[月休12天]展店招聘-日班,餐廚助手,其他料理廚師,,,,調酒師／吧台人員,冷熱飲調製人員,門市／店員／專櫃人員,侍酒師,店長／門市管理人員
復興店,新莊復興店[月休6天]展店招聘-夜班,餐廚助手,其他料理廚師,,,,冷熱飲調製人員,調酒師／吧台人員,門市／店員／專櫃人員,侍酒師,售票／收銀人員
復興店,新莊復興店[月休6天]展店招聘-日班,餐廚助手,其他料理廚師,,,,調酒師／吧台人員,冷熱飲調製人員,門市／店員／專櫃人員,侍酒師,西式廚師
復興店,樹太老日本定食(台中復興店)-服務假日工時人員,餐飲服務人員,,,,,飯店／旅館服務人員,調酒師／吧台人員,門市／店員／專櫃人員,侍酒師,冷熱飲調製人員
復興店,樹太老日本定食(台中復興店)-服務早班工時人員,餐飲服務人員,,,,,飯店／旅館服務人員,調酒師／吧台人員,門市／店員／專櫃人員,冷熱飲調製人員,侍酒師
復興店,清潔人員(World Gym桃園復興店),清潔／資源回收人員,工讀生,,,,房務人員,洗碗人員,冷熱飲調製人員,調酒師／吧台人員,門市／店員／專櫃人員
復興店,美髮助理(永久保障底薪或高抽成)-復興店,美髮助理,,,,,資訊助理人員,室內設計助理,媒體公關人員,執行製作／助理,影片製作技術人員
復興店,美髮準師(永久保障底薪或高抽成)-復興店,美髮助理,髮型設計師,,,,儲備幹部,ISO品保人員,調酒師／吧台人員,客戶成功經理,智慧製程工程師
復興店,西點裝飾師傅-85度C台中復興店,餐廚助手,西點蛋糕師,,,,木工,智慧製程工程師,水電工,電機技師／工程師,電機設備裝配員
復興店,設計師(35000_40000 或7抽)-復興店,髮型設計師,整體造型師,,,,工業設計,PLC／自動控制工程師,平面設計,建築繪圖／設計,機構工程師
微笑單車股份,微笑單車股份有限公司  維調計時人員,其他車輛維修人員,,,,,冷熱飲調製人員,調酒師／吧台人員,門市／店員／專櫃人員,外送人員,侍酒師
微風,$230/H 長期❗️微風廣場🛍️顧客服務台工讀生＃工作簡單＃百貨公司-JC,工讀生,行政人員,門市／店員／專櫃人員,,,文字客服,神秘客,國貿人員,生管／助理,資材人員
微風,434 台北車站微風餐廳 早班服務員(兼職),餐飲服務人員,餐廚助手,,,,飯店／旅館服務人員,調酒師／吧台人員,侍酒師,冷熱飲調製人員,門市／店員／專櫃人員
微風,434 台北車站微風餐廳 服務員(兼職),餐飲服務人員,餐廚助手,,,,飯店／旅館服務人員,調酒師／吧台人員,侍酒師,冷熱飲調製人員,門市／店員／專櫃人員
微風,ABC-MART微風信義[晚班工讀生],門市／店員／專櫃人員,,,,,冷熱飲調製人員,工讀生,遊樂景點工作人員,飯店／旅館服務人員,飯店／旅館櫃檯人員
微風,【兼職】摩斯微風店(117mos)-門市工讀、外賣人員,餐飲服務人員,,,,,飯店／旅館服務人員,門市／店員／專櫃人員,冷熱飲調製人員,調酒師／吧台人員,外送人員
微風,台北市松山區（敦化北路微風南京對面）商辦大樓夜班 薪：44085-52000,管理員,保全人員／警衛,隨扈／安全人員,,,樓面管理人員,門市／店員／專櫃人員,售票／收銀人員,店長／門市管理人員,廣告設計
微風,外場收銀員-計時人員(微風店),餐飲服務人員,,,,,冷熱飲調製人員,調酒師／吧台人員,門市／店員／專櫃人員,售票／收銀人員,飯店／旅館服務人員
微風,微風代理精品-約聘電商助理(歡迎夜校生或是實習生加入),行銷企劃人員,網站企劃人員,電商行銷,,,生管／助理,採購助理,資訊助理人員,媒體公關人員,行銷企劃助理
微風,微風信義🛍️顧客服務台工讀生🛍️ #長期 #工作簡單 #百貨公司,工讀生,飯店／旅館服務人員,門市／店員／專櫃人員,,,文字客服,國貿人員,生管／助理,電腦操作／資料輸入,國貿助理
微風,微風台大 樓面服務台人員(兼職),工讀生,總機／接待／櫃檯人員,,,,飯店／旅館服務人員,專任管理員,管理員,飯店／旅館櫃檯人員,神秘客
微風,微風精品線上-約聘電商(供應商)助理 (歡迎夜校生或是實習生加入),行銷企劃人員,網站企劃人員,電商行銷,,,生管／助理,採購助理,國貿助理,文字客服,行銷企劃助理
微風,微風精品線上_電商營業主管,經營管理主管,廣告／行銷企劃主管,,,,資材主管,運輸物流類主管,國外業務主管,國內業務主管,儲備幹部
微風,微風集團-VIP Lounge禮賓服務人員(兼職/時薪$220~$250),總機／接待／櫃檯人員,客服人員,飯店／旅館服務人員,,,外送人員,資材人員,遊樂景點工作人員,生管／助理,房務人員
微風,微風集團-營業店主管/儲備店主管(歡迎同業轉職，薪優另議),經營管理主管,,,,,儲備幹部,店長／門市管理人員,餐飲主管,門市／店員／專櫃人員,品管／品保主管
微風,微風集團-百貨精品招商,店長／門市管理人員,店長／門市管理人員,經營管理主管,,,加盟／招商人員,人力／外勞仲介,專業顧問,資材人員,人事／人力資源主管
微風,微風集團_ 丸壽司展店徵才 : 板前料理廚師 (經常性薪資4萬元以上),日式廚師,,,,,門市／店員／專櫃人員,調酒師／吧台人員,冷熱飲調製人員,西式廚師,餐廚助手
微風,微風集團丸壽司 (時薪：$200)-早、晚班外場工讀生(微風台北車站/微風廣場),餐飲服務人員,工讀生,,,,飯店／旅館服務人員,門市／店員／專櫃人員,調酒師／吧台人員,冷熱飲調製人員,侍酒師
微風,微風高級鐵板燒/外場服務人員/薪41K~44K起/完整培訓/保障三節年終/A,餐飲服務人員,,,,,智慧製程工程師,PLC／自動控制工程師,營建雜工／粗工,調酒師／吧台人員,水電工
微風,餐飲服務人員-管理幹部(復興微風店),餐飲服務人員,餐廚助手,,,,調酒師／吧台人員,店長／門市管理人員,餐飲主管,品管／品保主管,冷熱飲調製人員
微風A3門市,時薪$210起早/晚班工讀-日本橋海鮮丼 辻半Tsujihan【微風A3門市】,工讀生,,,,,冷熱飲調製人員,調酒師／吧台人員,洗碗人員,餐廚助手,門市／店員／專櫃人員
微風北車店,"藥妝銷售管理藥師【微風北車店】年薪挑戰上看 NT$1,000,000（底薪＋津貼＋績效獎金）/日韓系藥妝/用藥諮詢/透明升遷制度",藥師,,,,,儲備幹部,產品經理,ISO品保人員,客服主管,產品企劃主管
微風南京店,【兼職】微風南京店_顧客服務專員 Customer Advisor-R00000004166229,門市／店員／專櫃人員,,,,,國貿人員,國貿助理,文字客服,業務助理,採購助理
微風南京店,【正職】微風南京店_顧客服務專員 Customer Advisor-R00000004166156,門市／店員／專櫃人員,,,,,國貿人員,文字客服,國貿助理,業務助理,採購助理
微風南山,$230/H 長期❗️微風南山🛍️顧客服務台PT＃工作簡單＃百貨公司＃信義區-JC,工讀生,行政人員,門市／店員／專櫃人員,,,文字客服,生管／助理,國貿人員,資材人員,神秘客
微風南山,"到職獎金最高2.5萬★微風南山★外場 實習領班★起薪45,000+高額獎金★薄多義 義式餐廳★",經營管理主管,店長／門市管理人員,餐飲領班,,,調酒師／吧台人員,侍酒師,飯店／旅館服務人員,冷熱飲調製人員,工讀生
微風南山店,微風南山店.台北.寵物友善餐廳.計時好福利.夜校生長期兼職.溫馨環境上班好心情.可預支薪水.轉職潮美式餐廳首選Be,工讀生,餐飲服務人員,餐廚助手,,,飯店／旅館服務人員,調酒師／吧台人員,侍酒師,冷熱飲調製人員,門市／店員／專櫃人員
微風廣場店,【正職】微風廣場店_顧客服務專員 Customer Advisor-R00000004166167,門市／店員／專櫃人員,,,,,國貿人員,文字客服,國貿助理,業務助理,採購助理
德威國際牙醫口腔醫院,特殊需求者服務人員(長期兼職)-德威國際牙醫口腔醫院,總機／接待／櫃檯人員,牙醫助理,其他醫療從業人員,,,飯店／旅館櫃檯人員,神秘客,專任管理員,醫院行政管理人員,資料庫管理人員
德威國際牙醫口腔醫院,病歷管理師-德威國際牙醫口腔醫院,教育訓練人員,其他醫療從業人員,醫院行政管理人員,,,牙醫師,獸醫／獸醫佐,診所助理,軟體相關管理師,動物飼育專業人員
德民,早班工作人員（德民店）,餐飲服務人員,餐廚助手,,,,門市／店員／專櫃人員,售票／收銀人員,冷熱飲調製人員,遊樂景點工作人員,調酒師／吧台人員
德民,早班計時人員（德民店）,餐飲服務人員,餐廚助手,,,,冷熱飲調製人員,調酒師／吧台人員,門市／店員／專櫃人員,外送人員,侍酒師
德民,晚班工作人員（德民店）,餐飲服務人員,餐廚助手,,,,售票／收銀人員,門市／店員／專櫃人員,遊樂景點工作人員,冷熱飲調製人員,調酒師／吧台人員
德民,晚班計時人員（德民店）,餐飲服務人員,餐廚助手,,,,冷熱飲調製人員,調酒師／吧台人員,門市／店員／專櫃人員,售票／收銀人員,飯店／旅館服務人員
德民廠,【德民廠】廚師-月/時薪-日/宵班,中式廚師,其他料理廚師,,,,生鮮處理人員,包裝員／作業員,智慧製程工程師,倉管／物料管理員,品管人員
忠孝旗艦店,【忠孝旗艦店】兼職服務員-歡迎親洽,餐飲服務人員,餐廚助手,,,,飯店／旅館服務人員,冷熱飲調製人員,調酒師／吧台人員,門市／店員／專櫃人員,外送人員
快樂57團隊-嘉科店、好市多店、南院店,換環境，不換專業；重新定義你的價值！【快樂57團隊-嘉科店、好市多店、南院店】超級業務  ☏05-2377057 歡迎來電預約面試（二度就業）,不動產經紀人／營業員,,,,,業務助理,國貿助理,國外業務人員,採購助理,電話客服人員
快樂57團隊-太保故宮南院店,你有經驗，我有舞台，一起創下不一樣的成績！【快樂57團隊-太保故宮南院店】超級業務員 ☏05-3627557 歡迎來電預約面試,不動產經紀人／營業員,,,,,業務助理,國貿助理,活動企劃人員,採購助理,秘書
快樂57團隊-太保故宮南院店,台積電&嘉科園區【快樂57團隊-太保故宮南院店】住商 高級營業員（按件計酬5000~500000）☏05-3627557歡迎來電預約面試,不動產經紀人／營業員,國內業務人員,,,,調酒師／吧台人員,門市／店員／專櫃人員,侍酒師,售票／收銀人員,房務人員
快樂57團隊-太保故宮南院店,跨行首選【快樂57團隊-太保故宮南院店】不動產業務（按件計酬5000~500000）☏05-3627557歡迎來電預約面試,不動產經紀人／營業員,國內業務人員,,,,業務助理,國貿助理,採購助理,秘書,國貿人員
快樂57團隊-好市多店,【快樂57團隊-好市多店】房產營業員（按件計酬5000~500000）☏05-2778788歡迎來電預約面試（歡迎無經驗想跨行的你）,不動產經紀人／營業員,國內業務人員,,,,調酒師／吧台人員,門市／店員／專櫃人員,侍酒師,冷熱飲調製人員,飯店／旅館服務人員
快樂57團隊-好市多店,【快樂57團隊-好市多店】超級業務（歡迎有經驗、想成為千萬經紀營業員的你）☏05-2778788歡迎來電預約面試,不動產經紀人／營業員,,,,,業務助理,國貿助理,國外業務人員,採購助理,國貿人員
快樂五七團隊-故宮南院店,努力有回報，不靠運氣靠制度！不動產經紀人員 ☏05-3627557【快樂五七團隊-故宮南院店】二度就業可,不動產經紀人／營業員,,,,,門市／店員／專櫃人員,售票／收銀人員,金融營業人員,儲備幹部,飯店／旅館服務人員
快樂芝麻語幼兒園,【快樂芝麻語幼兒園】幼兒助理教保員(無經驗可)電洽藍園長0963-355-721,教保員／保育員,幼教老師,,,,資訊助理人員,生管／助理,電腦操作／資料輸入,執行製作／助理,醫院行政管理人員
怡佳公寓大廈管理維護,怡佳公寓大廈管理維護有限公司 醫院輸送人員,管理員,其他醫療從業人員,,,,外送人員,外務／快遞／送貨,小客車／小貨車司機,保全人員／警衛,獸醫／獸醫佐
怡德綜合,【怡德綜合】 社工 (日間照顧),社會工作人員／督導,,,,,資材人員,導遊／領隊／導覽,電話客服人員,影片製作技術人員,客服人員
怡德綜合,【怡德綜合】A級個管師(桃園區),個案管理師,,,,,ISO品保人員,品管／品保主管,資材主管,木工,調酒師／吧台人員
怡德綜合,【怡德綜合】A級個管師(蘆竹區),個案管理師,,,,,ISO品保人員,資材主管,品管／品保主管,木工,ESG永續管理師
恆安照護,[恆安照護集團(中和院區)] 急徵【廚助】，40K以上,中式廚師,西式廚師,,,,藥師助理,藥師,生管／助理,遊樂景點工作人員,餐廚助手
恆安照護,[恆安照護集團] 照顧服務員3萬8起 (另有三節獎金、績效獎金、忠勤津貼、留任津貼、主管津貼等福利甚多),照顧服務／指導員,,,,,專任管理員,客服主管,資材主管,儲備幹部,飯店／旅館主管
恆安照護,[恆安照護集團]《急徵-保障年薪》文山老人服務中心 社工師（員）/督導 另有年資、證照加給高潛獎金等福利優渥,社會工作人員／督導,,,,,休閒娛樂事業從業人員,居家服務督導員,電訪人員,房務人員,宗教／神職人員
恆安照護,[恆安照護集團]中和院區照顧服務員3萬8起 (另有三節獎金、績效獎金、忠勤津貼、留任津貼、主管津貼等福利甚多),照顧服務／指導員,,,,,專任管理員,客服主管,資材主管,專案經理,飯店／旅館主管
恆安照護,[恆安照護集團]中和院區護理師  (另有三節獎金、績效獎金/供餐/外縣市供宿等),護理師,,,,,藥師助理,飯店／旅館服務人員,冷熱飲調製人員,調酒師／吧台人員,藥師
恆安照護,[恆安照護集團]儲備護理長(工作地點中和、汐止、龍潭) ( 另有三節/供宿/供餐/員工汽機車免費停車位),護理長,,,,,遊樂景點工作人員,藥師助理,售票／收銀人員,資材人員,休閒娛樂事業從業人員
恆安照護,"[恆安照護集團]天下為公基金會/南丁格爾住宿長照機構誠徵【照顧服務員】起薪36,453元",照顧服務／指導員,,,,,售票／收銀人員,行政助理,資材人員,房務人員,水電及其他工程繪圖人員
恆安照護,[恆安照護集團]天下為公基金會/居家照顧服務員(北北基地區)時薪200元~230元【聯絡電話:台北/2888-1086新北/8648-8388,照顧服務／指導員,照顧實務指導員,,,,社會工作人員／督導,房務人員,水電及其他工程繪圖人員,居家服務督導員,資材人員
恆安照護,[恆安照護集團]天下為公基金會/誠徵各部門[主任],護理師,社會工作人員／督導,,,,售票／收銀人員,品管／品保主管,資材主管,行政主管,財務／會計主管
恆安照護,[恆安照護集團]社工/臺北市陽明老人公寓 五星認證環境佳 待遇優 速洽 陳小姐2861-9296#102,社會工作人員／督導,,,,,調酒師／吧台人員,飯店／旅館服務人員,冷熱飲調製人員,房務人員,遊樂景點工作人員
恆安照護,[恆安照護集團]臺北市文山老人服務暨日間照顧中心(興岩),照顧服務／指導員,,,,,休閒娛樂事業從業人員,飯店／旅館服務人員,遊樂景點工作人員,售票／收銀人員,門市／店員／專櫃人員
恆安照護,[恆安照護集團]＜誠徵＞長照A單位個案管理師(臺北市、新北市),其他醫療從業人員,社會工作人員／督導,護理師,,,軟體相關管理師,資料庫管理人員,個案管理師,職業安全衛生管理人員,專任管理員
惠中校,【惠中校】ESL導師 (年年調薪),語文補習班老師,,,,,高中職教師,國中教師,國小教師,教保員／保育員,安親課輔老師
想想咖哩-台中車站店,【想想咖哩-台中車站店】  平假日工讀,餐飲服務人員,,,,,調酒師／吧台人員,侍酒師,冷熱飲調製人員,飯店／旅館服務人員,咖啡師
想想咖哩-台中麗寶,【想想咖哩-台中麗寶】假日工讀,餐飲服務人員,,,,,調酒師／吧台人員,侍酒師,飯店／旅館服務人員,冷熱飲調製人員,咖啡師
想想咖哩-台南三井店,【想想咖哩-台南三井店】 長期假日工讀,餐飲服務人員,餐廚助手,,,,調酒師／吧台人員,侍酒師,冷熱飲調製人員,飯店／旅館服務人員,咖啡師
想想咖哩-新光三越A11館,【想想咖哩-新光三越A11館】平日晚班工讀,其他料理廚師,日式廚師,,,,調酒師／吧台人員,冷熱飲調製人員,侍酒師,飯店／旅館服務人員,咖啡師
想想咖哩-樹林家樂福,【想想咖哩-樹林家樂福】 假日工讀,餐飲服務人員,,,,,調酒師／吧台人員,飯店／旅館服務人員,侍酒師,冷熱飲調製人員,咖啡師
惹鍋the guo pot太平店,【惹鍋the guo pot太平店】-早班外場人員,餐飲服務人員,,,,,調酒師／吧台人員,侍酒師,飯店／旅館服務人員,冷熱飲調製人員,門市／店員／專櫃人員
惹鍋the guo pot太平店,【惹鍋the guo pot太平店】-晚班外場人員,餐飲服務人員,,,,,調酒師／吧台人員,侍酒師,飯店／旅館服務人員,冷熱飲調製人員,門市／店員／專櫃人員
愛維養護中心,【愛維養護中心】社工,社會工作人員／督導,,,,,護理長,休閒娛樂事業從業人員,動物飼育專業人員,中醫師,獸醫／獸醫佐
愛美語 - 北屯仁美/ 松強分校,【愛美語 - 北屯仁美/ 松強分校】English Teacher (Native),語文補習班老師,,,,,調酒師／吧台人員,冷熱飲調製人員,工讀生,資材人員,幼教老師
愛美語 - 北屯仁美/ 松強分校,【愛美語 - 北屯仁美/ 松強分校】兒童美語ESL 中師,語文補習班老師,英語教師,,,,冷熱飲調製人員,調酒師／吧台人員,生鮮處理人員,高中職教師,中式廚師
愛美語 - 北屯仁美/ 松強分校,【愛美語 - 北屯仁美/ 松強分校】兒童美語教師 (兼職),語文補習班老師,,,,,冷熱飲調製人員,調酒師／吧台人員,飯店／旅館服務人員,外送人員,電腦操作／資料輸入
愛美語 - 北屯仁美/ 松強分校,【愛美語 - 北屯仁美/ 松強分校】劍橋-全民英檢教師,語文補習班老師,英語教師,,,,調酒師／吧台人員,冷熱飲調製人員,資材人員,門市／店員／專櫃人員,飯店／旅館服務人員
愛美語 - 北屯仁美/ 松強分校,【愛美語 - 北屯仁美/ 松強分校】劍橋-全民英檢教師 (兼職),語文補習班老師,英語教師,,,,調酒師／吧台人員,飯店／旅館服務人員,冷熱飲調製人員,外送人員,資材人員
愛美語 - 南屯惠文分校,【愛美語 - 南屯惠文分校】English Teacher (Native),語文補習班老師,,,,,調酒師／吧台人員,冷熱飲調製人員,工讀生,資材人員,外送人員
愛美語 - 南屯惠文分校,【愛美語 - 南屯惠文分校】兒童美語ESL 中師,語文補習班老師,英語教師,,,,冷熱飲調製人員,調酒師／吧台人員,高中職教師,工讀生,國中教師
愛美語 - 南屯惠文分校,【愛美語 - 南屯惠文分校】兒童美語教師 (兼職),語文補習班老師,,,,,冷熱飲調製人員,調酒師／吧台人員,工讀生,電腦操作／資料輸入,外送人員
愛美語 - 南屯惠文分校,【愛美語 - 南屯惠文分校】劍橋-全民英檢教師,語文補習班老師,英語教師,,,,調酒師／吧台人員,資材人員,冷熱飲調製人員,品管人員,智慧製程工程師
愛美語 - 南屯惠文分校,【愛美語 - 南屯惠文分校】劍橋-全民英檢教師 (兼職),語文補習班老師,,,,,資材人員,飯店／旅館服務人員,調酒師／吧台人員,工讀生,外送人員
愛美語 - 南屯文山分校,【愛美語 - 南屯文山分校】English Teacher (Native),語文補習班老師,,,,,調酒師／吧台人員,冷熱飲調製人員,工讀生,資材人員,外送人員
愛美語 - 南屯文山分校,【愛美語 - 南屯文山分校】兒童美語ESL 中師,語文補習班老師,英語教師,,,,冷熱飲調製人員,調酒師／吧台人員,高中職教師,國中教師,工讀生
愛美語 - 南屯文山分校,【愛美語 - 南屯文山分校】兒童美語教師 (兼職),語文補習班老師,,,,,冷熱飲調製人員,調酒師／吧台人員,電腦操作／資料輸入,工讀生,外送人員
愛美語 - 南屯文山分校,【愛美語 - 南屯文山分校】劍橋-全民英檢教師,語文補習班老師,英語教師,,,,調酒師／吧台人員,資材人員,冷熱飲調製人員,品管人員,智慧製程工程師
愛美語 - 南屯文山分校,【愛美語 - 南屯文山分校】劍橋-全民英檢教師 (兼職),語文補習班老師,英語教師,,,,資材人員,飯店／旅館服務人員,調酒師／吧台人員,資料庫管理人員,外送人員
愛美語明正分校,【愛美語明正分校】兒童美語老師,語文補習班老師,升學補習班老師,其他教育類老師,,,冷熱飲調製人員,調酒師／吧台人員,幼教老師,資材人員,門市／店員／專櫃人員
愛美語明正分校,【愛美語明正分校】美語老師,其他教育類老師,語文補習班老師,,,,調酒師／吧台人員,冷熱飲調製人員,工讀生,資材人員,品管／品保主管
慧智檢驗所,禾馨醫療【慧智檢驗所】醫檢師,醫事檢驗師,,,,,獸醫／獸醫佐,智慧製程工程師,神秘客,PLC／自動控制工程師,水電工
慶城店,台北慶城店｜32K｜平日中班外場人員,餐飲服務人員,餐廚助手,儲備幹部,,,調酒師／吧台人員,冷熱飲調製人員,門市／店員／專櫃人員,侍酒師,外送人員
承諾企業管理顧問,承諾企業管理顧問有限公司-專案助理(代招),行政助理,,,,,行銷企劃助理,採購助理,秘書,國貿助理,行政人員
拉亞漢堡-北市行天宮,【拉亞漢堡-北市行天宮】麵包台全職人員,餐飲服務人員,餐廚助手,生鮮處理人員,,,調酒師／吧台人員,冷熱飲調製人員,飯店／旅館服務人員,門市／店員／專櫃人員,售票／收銀人員
振宇五金,【振宇五金】企業總部-工務展店專員,工務助理,估算人員,工務工管人員,,,客服主管,活動企劃人員,行政主管,資材人員,國內業務人員
捷創,【捷創】生產管理部-肉品加工廠｜ 物控管理員(桃園新屋),行政助理,倉管／物料管理員,行政人員,,,生管主管,資材人員,智慧製程工程師,生產技術／製程工程師,包裝員／作業員
捷創,【捷創】生產管理部-肉品加工廠｜ 生產組長(桃園新屋),生管／助理,,,,,生管主管,智慧製程工程師,電機技師／工程師,電機設備裝配員,技術人員
捷創,【捷創】生產管理部｜品質管理工程師 (台中霧峰),ISO品保人員,品管／品保主管,品保工程師,,,生管主管,電機工程主管,智慧製程工程師,PLC／自動控制工程師,電機技師／工程師
捷創,【捷創】生產管理部｜品質管理工程師 (彰化秀水),ISO品保人員,品管／品保主管,品保工程師,,,生管主管,電機工程主管,智慧製程工程師,電機技師／工程師,PLC／自動控制工程師
捷創,【捷創】生產管理部｜食品技師 (彰化秀水),ISO品保人員,品管／品保主管,品保工程師,,,生管主管,電機技師／工程師,智慧製程工程師,電機設備裝配員,技術人員
揚堡,【揚堡】人資專員,人事／人力資源專員,人事助理,,,,資材人員,金融營業人員,資材主管,調酒師／吧台人員,門市／店員／專櫃人員
揚運,【台北】集團內部-揚運機電-採購主管-TCM-P,採購人員,採購主管,,,,生管主管,塑膠射出技術人員,拋光／研磨技術人員,製程主管,電機工程主管
揚運,【台南】揚運集團-機電部門-品管工程師,品管人員,品保工程師,,,,電機工程主管,PLC／自動控制工程師,結構技師／工程師,電機技師／工程師,電機設備裝配員
揚運,【台南】揚運集團-繪圖工程師-R,建築繪圖／設計,水電及其他工程繪圖人員,消防繪圖人員,,,IC佈局工程師,RF通訊工程師,嵌入式工程師,冷凍空調繪圖／設計,BIOS工程師
揚運,【台南】集團內部-揚運機電-繪圖工程師-TCM-P,工程配管繪圖,水電及其他工程繪圖人員,CAD／CAM工程師,,,拋光／研磨技術人員,結構技師／工程師,電機工程主管,工業工程師,PLC／自動控制工程師
政大公企中心,【政大公企中心】駐點晚班清潔人員,建築物清潔人員,清潔／資源回收人員,公共衛生人員,,,房務人員,遊樂景點工作人員,休閒娛樂事業從業人員,倉儲物流人員,加油服務
政大公企中心,【政大公企中心】駐點清潔維護組長,建築物清潔人員,清潔／資源回收人員,公共衛生人員,,,護理長,花藝／園藝人員,休閒娛樂事業從業人員,空服人員,機械工程師
教保產業發展中心,【教保產業發展中心-台中市第四區居家托育服務中心】專案人員(訪視輔導人員),行政人員,行政助理,,,,電訪人員,櫥窗／會場設計人員,室內設計師,駐校代表,商化人員
教保產業發展中心,【教保產業發展中心】專案人員(沙鹿親子館)-專職工作人員,教保員／保育員,保母／托育人員,,,,電訪人員,檔案資料管理人員,室內設計師,活動企劃人員,神秘客
教父牛排系列,【教父牛排系列】西餐外場副理,餐飲主管,飯店／旅館主管,,,,調酒師／吧台人員,門市／店員／專櫃人員,冷熱飲調製人員,餐廚助手,西式廚師
敦北店,【兼職】摩斯敦北店(069mos),餐飲服務人員,,,,,外送人員,調酒師／吧台人員,冷熱飲調製人員,門市／店員／專櫃人員,侍酒師
敦南店,【兼職】摩斯敦南店(126mos),餐飲服務人員,,,,,外送人員,調酒師／吧台人員,冷熱飲調製人員,門市／店員／專櫃人員,飯店／旅館服務人員
敦南店,銀杏中餐廳(敦南店)外場兼職夥伴招募,餐飲服務人員,工讀生,,,,侍酒師,調酒師／吧台人員,飯店／旅館服務人員,餐飲主管,冷熱飲調製人員
敦南店,銀杏中餐廳(敦南店)正職廚助招募中,中式廚師,餐廚助手,,,,侍酒師,調酒師／吧台人員,門市／店員／專櫃人員,餐飲主管,冷熱飲調製人員
敦南店,銀杏中餐廳（敦南店）內場廚師招募中！,中式廚師,,,,,調酒師／吧台人員,餐飲服務人員,侍酒師,餐飲主管,餐廚助手
敦南店,銀杏中餐廳（敦南店）廚房副主廚,中式廚師,,,,,餐飲主管,調酒師／吧台人員,侍酒師,門市／店員／專櫃人員,店長／門市管理人員
斗南分院,儲備幹部【斗南分院】,照顧服務／指導員,護理師,社會工作人員／督導,,,儲備幹部,資材主管,品管／品保主管,電機工程主管,店長／門市管理人員
斗南分院,晚班照顧服務員【斗南分院】,照顧服務／指導員,教保員／保育員,保母／托育人員,,,休閒娛樂事業從業人員,專任管理員,售票／收銀人員,遊樂景點工作人員,飯店／旅館服務人員
斗南分院,行政助理【斗南分院】,醫院行政管理人員,診所助理,照顧服務／指導員,,,行政人員,電腦操作／資料輸入,秘書,財務／會計助理,業務助理
斯朵利美妍SPA沙鹿店,肌膚管理美容師［斯朵利美妍SPA沙鹿店］,美容助理,美容師,美療師／芳療師,,,休閒娛樂事業從業人員,專任管理員,售票／收銀人員,店長／門市管理人員,門市／店員／專櫃人員
斯朵利美甲,(台中中清/潭子勝利)斯朵利美甲美學概念館-美甲師-美甲助理-儲備主管,美甲彩繪師,店長／門市管理人員,,,,售票／收銀人員,藥師助理,資訊助理人員,特別助理,電腦操作／資料輸入
斯朵利美甲,(台中北屯區東山店)斯朵利美甲美學概念館-美甲師-美-儲備主管,美甲彩繪師,,,,,店長／門市管理人員,餐飲主管,品管／品保主管,調酒師／吧台人員,儲備幹部
斯朵利美甲,(台中東榮店)斯朵利美甲美學概念館-美甲師-美-儲備主管,美甲彩繪師,,,,,店長／門市管理人員,品管／品保主管,調酒師／吧台人員,餐飲主管,儲備幹部
斯朵利美甲,[斯朵利美甲]桃園中壢中原中山店(儲備主管/美甲師/美甲助理),美甲彩繪師,,,,,售票／收銀人員,藥師助理,特別助理,門市／店員／專櫃人員,資訊助理人員
斯朵利美甲,✨中清店✨斯朵利美甲部 徵美甲師/美甲師助理/儲備幹部』,美甲彩繪師,,,,,售票／收銀人員,藥師助理,美甲助理,門市／店員／專櫃人員,資材人員
斯朵利美甲,✨台中西屯 西區 北區✨斯朵利美甲美學概念館-美甲師-助理-儲備主管,美甲彩繪師,,,,,售票／收銀人員,UI/UX設計師,特別助理,資訊助理人員,電腦操作／資料輸入
斯朵利美甲,✨斯朵利美甲概念館-中壢忠孝店✨擴大徵才~誠徵美甲師/美甲助理/店主管,美甲彩繪師,,,,,售票／收銀人員,藥師助理,門市／店員／專櫃人員,電腦操作／資料輸入,美甲助理
斯朵利美甲,✨斯朵利美甲概念館-桃園南祥店✨擴大徵才~誠徵美甲師/美甲助理/店主管,美甲彩繪師,,,,,售票／收銀人員,美甲助理,特別助理,門市／店員／專櫃人員,電腦操作／資料輸入
斯朵利美甲,✨新竹東區/斯朵利美甲民生店✨擴大徵才~誠徵美甲師/美甲助理/店主管/無經驗可,美甲彩繪師,,,,,售票／收銀人員,資材人員,門市／店員／專櫃人員,電腦操作／資料輸入,秘書
斯朵利美甲,【佳里市區 】斯朵利美甲美學概念館（佳里店） 誠徵 美甲師/美甲助理/店主管,美甲彩繪師,,,,,售票／收銀人員,美甲助理,門市／店員／專櫃人員,特別助理,電腦操作／資料輸入
斯朵利美甲,【台中南區】斯朵利美甲美學*美南店*(免學費.材料費.經驗可) ‼️徵美甲師‼️儲備幹部,美甲彩繪師,,,,,智慧製程工程師,資材主管,電機工程主管,電機技師／工程師,生管主管
斯朵利美甲,【台中西屯區】斯朵利美甲美學*大墩店*(免學費.材料費.經驗可) ‼️徵美甲師‼️,美睫師,美甲彩繪師,,,,品管人員,智慧製程工程師,資材人員,檢驗人員,電機技師／工程師
斯朵利美甲,【台中西屯區】斯朵利美甲美學*大墩店*(免學費.材料費.經驗可) ‼️徵美甲師‼️儲備幹部,美甲彩繪師,美睫師,,,,智慧製程工程師,資材主管,電機工程主管,電機技師／工程師,生管主管
斯朵利美甲,【無經驗可】全科班內容培訓！徵美甲師/助理  台南佳里店＜斯朵利美甲＞強力徵人中!!!,美甲彩繪師,,,,,餐廚助手,藥師助理,藥師,餐飲服務人員,動物醫事助理
斯朵利美甲,全新裝潢!!!斯朵利美甲三民天祥店//無經驗可,美甲彩繪師,,,,,智慧製程工程師,電機技師／工程師,品管人員,檢驗人員,包裝員／作業員
斯朵利美甲,全新裝潢!!!斯朵利美甲忠孝店//無經驗可,美甲彩繪師,,,,,智慧製程工程師,電機技師／工程師,品管人員,水電工,電機設備裝配員
斯朵利美甲,全新裝潢!!!斯朵利美甲楠梓建楠店//無經驗可,美甲彩繪師,,,,,智慧製程工程師,電機技師／工程師,品管人員,水電工,電機設備裝配員
斯朵利美甲,全新開幕美甲 〈台南東區東寧店〉超人氣強勢登場//斯朵利美甲美學概念館.誠徵美甲師/美甲助理/店主管,美甲彩繪師,,,,,售票／收銀人員,美甲助理,門市／店員／專櫃人員,藥師助理,資材人員
斯朵利美甲,台南崇學店無經驗可//客量超充足//不怕沒客人//斯朵利美甲徵美甲師、美甲助理，無經驗可(台南市東區),美甲彩繪師,,,,,採購助理,國貿助理,生管／助理,業務助理,秘書
斯朵利美甲,台南斯朵利美甲美學概念館(中山南) 儲備店長/美甲師/美甲助理,美甲彩繪師,整體造型師,美療師／芳療師,,,美甲助理,藥師助理,售票／收銀人員,門市／店員／專櫃人員,遊樂景點工作人員
斯朵利美甲,台南麻豆 斯朵利美甲概念館強力徵人,美甲彩繪師,,,,,調酒師／吧台人員,門市／店員／專櫃人員,冷熱飲調製人員,飯店／旅館服務人員,售票／收銀人員
斯朵利美甲,大力招募斯朵利美甲-德賢店-美甲師/美甲助理,美甲彩繪師,,,,,美甲助理,藥師助理,資訊助理人員,攝影助理,售票／收銀人員
斯朵利美甲,大力招募斯朵利美甲-鼎山店-美甲師/美甲助理,美甲彩繪師,,,,,美甲助理,藥師助理,資訊助理人員,攝影助理,售票／收銀人員
斯朵利美甲,"大力招募斯朵利美甲美學自由二概念館,美甲師/美甲助理",美甲彩繪師,,,,,美甲助理,藥師助理,攝影助理,售票／收銀人員,資訊助理人員
斯朵利美甲,客量超充足//不怕沒客人//斯朵利美甲漢口店徵美甲師、美甲助理，無經驗可,美甲彩繪師,美甲助理,,,,採購助理,國貿助理,生管／助理,秘書,業務助理
斯朵利美甲,客量超充足//斯朵利美甲高雄裕誠二店徵美甲師,美甲彩繪師,,,,,資材人員,神秘客,門市／店員／專櫃人員,售票／收銀人員,調酒師／吧台人員
斯朵利美甲,斯朵利美甲(近巨蛋)徵美甲師、美甲助理,美甲彩繪師,,,,,美甲助理,攝影助理,資訊助理人員,藥師助理,美容助理
斯朵利美甲,"斯朵利美甲-✅✅新莊幸福一店熱情招募美甲師,儲備幹部✅✅",美甲彩繪師,,,,,品管／品保主管,店長／門市管理人員,儲備幹部,補習班主任／主管,調酒師／吧台人員
斯朵利美甲,斯朵利美甲台中【松竹店】招募美甲師 美睫師 儲備幹部,美甲彩繪師,,,,,品管／品保主管,店長／門市管理人員,儲備幹部,餐飲主管,調酒師／吧台人員
斯朵利美甲,斯朵利美甲台南文賢店徵美甲師、美甲助理,美甲彩繪師,,,,,美甲助理,藥師助理,攝影助理,資訊助理人員,售票／收銀人員
斯朵利美甲,斯朵利美甲台南麻豆店無經驗可//客量超充足//不怕沒客人//徵美甲師、美甲助理，無經驗可(台南市麻豆區),美甲彩繪師,,,,,採購助理,生管／助理,國貿助理,業務助理,秘書
斯朵利美甲,斯朵利美甲概念館 高雄武廟店 招募美甲師 儲備主管 美甲助理,美甲彩繪師,,,,,特別助理,行政人員,秘書,電腦操作／資料輸入,資訊助理人員
斯朵利美甲,斯朵利美甲美學 台中黎明店,美甲彩繪師,,,,,調酒師／吧台人員,門市／店員／專櫃人員,冷熱飲調製人員,侍酒師,飯店／旅館服務人員
斯朵利美甲,斯朵利美甲裕誠二店//無經驗可,美甲彩繪師,,,,,門市／店員／專櫃人員,調酒師／吧台人員,冷熱飲調製人員,售票／收銀人員,侍酒師
斯朵利美甲,楠梓德賢二店 斯朵利美甲美學 美甲師&amp;美甲助理,美甲彩繪師,,,,,美甲助理,藥師助理,攝影助理,資訊助理人員,藥師
斯朵利美甲,無經驗可//客量超充足//不怕沒客人//斯朵利美甲台中逢甲熱門地區徵美甲師、美甲助理，無經驗可（台中市南屯區西屯區,美甲彩繪師,,,,,採購助理,國貿助理,業務助理,秘書,電腦操作／資料輸入
斯朵利美甲,無經驗可//客量超充足//不怕沒客人//斯朵利美甲台南善化店徵美甲師、美甲助理，無經驗可（台南市善化區）,美甲彩繪師,,,,,採購助理,生管／助理,國貿助理,業務助理,秘書
斯朵利美甲,無經驗可//客量超充足//不怕沒客人//斯朵利美甲台南崇學店徵美甲師、美甲助理，無經驗可(台南市東區),美甲彩繪師,,,,,採購助理,生管／助理,國貿助理,業務助理,秘書
斯朵利美甲,無經驗可/斯朵利美甲天祥店徵美甲師、美甲助理(高雄三民區),美甲彩繪師,,,,,美甲助理,生管／助理,資訊助理人員,攝影助理,藥師助理
斯朵利美甲,無經驗可/斯朵利美甲黎明店徵美甲師、美甲助理(台中南屯區),美甲彩繪師,,,,,美甲助理,藥師助理,資訊助理人員,生管／助理,電腦操作／資料輸入
斯朵利美甲,無經驗可✨✨竹北中正店美甲 徵人 斯朵利美甲-美甲師/美甲助理,美甲彩繪師,,,,,美甲助理,藥師助理,資訊助理人員,攝影助理,售票／收銀人員
斯朵利美甲,高雄斯朵利美甲美學概念館『自由二店』美甲師★0經驗可培訓★強力招收美甲師&美甲助理,美甲彩繪師,,,,,美甲助理,藥師助理,售票／收銀人員,資訊助理人員,攝影助理
新光店,◤住宅の専門家◢ 社宅包租代管服務專員｜無經驗可 (新光店✦住宅的專門家),國內業務人員,不動產經紀人／營業員,業務助理,,,房務人員,客服主管,儲備幹部,資材主管,ISO品保人員
新光店,早晚班廚房工讀【新光店】,工讀生,洗碗人員,餐廚助手,,,調酒師／吧台人員,冷熱飲調製人員,門市／店員／專櫃人員,飯店／旅館服務人員,售票／收銀人員
新光店,阿鍋家(台北新光店)【早晚班工讀生】時薪200元起,工讀生,餐飲服務人員,,,,飯店／旅館服務人員,門市／店員／專櫃人員,調酒師／吧台人員,侍酒師,冷熱飲調製人員
新光校,兼職英文老師【新光校】,語文補習班老師,英文翻譯／口譯人員,,,,電腦補習班老師,工讀生,電腦操作／資料輸入,排版人員,資材人員
新北捷運,【新北捷運】淡海輕軌捷運車站清潔人員,清潔／資源回收人員,,,,,加油服務,房務人員,遊樂景點工作人員,休閒娛樂事業從業人員,售票／收銀人員
新北捷運,新北捷運-行控中心-助理（無經驗可）十四張站旁,資訊助理人員,客服人員,,,,秘書,行政人員,財務／會計助理,電腦操作／資料輸入,檔案資料管理人員
新北板橋店,【新北板橋店】汽車包膜師傅/半技/學徒(無經驗可！),汽車美容,,,,,CNC車床人員,壓鑄模具技術人員,汽車檢驗員,機車維修人員,學徒
新北板橋店,【驗光師/生：實領6萬/月休9天/上班9小時（保障薪資/無業績壓力）】大倉酷眼鏡-新北板橋店＜請檢附照片＞,驗光師,門市／店員／專櫃人員,,,,倉管／物料管理員,技術人員,檢驗人員,資材人員,包裝員／作業員
新北板橋店,新北板橋店誠徵美甲師/美甲師助理(無經驗可),美甲彩繪師,,,,,美甲助理,藥師助理,攝影助理,資訊助理人員,生管／助理
新店中興店,新店中興店_保養廠半技師,汽車維修人員,汽車引擎技術人員,其他車輛維修人員,,,智慧製程工程師,塑膠押出技術人員,放電加工技術人員,CNC車床人員,電機技師／工程師
新店中興店,新店中興店_保養廠技師,汽車維修人員,汽車引擎技術人員,其他車輛維修人員,,,智慧製程工程師,塑膠押出技術人員,電機技師／工程師,技術人員,汽車檢驗員
新店中興店,門市-新店中興店(新北市新店區)Apple服務專員,國內業務人員,店長／門市管理人員,,,,飯店／旅館服務人員,門市／店員／專櫃人員,調酒師／吧台人員,冷熱飲調製人員,售票／收銀人員
新店美河店,饞鬥鍋物〖新店美河店〗外場工讀生,餐飲服務人員,,,,,飯店／旅館服務人員,調酒師／吧台人員,門市／店員／專櫃人員,侍酒師,冷熱飲調製人員
新店美河店,饞鬥鍋物〖新店美河店〗早班外場全職人員,餐飲服務人員,,,,,飯店／旅館服務人員,調酒師／吧台人員,門市／店員／專櫃人員,侍酒師,餐飲主管
新店美河店,饞鬥鍋物〖新店美河店〗晚班外場全職人員,餐飲服務人員,,,,,飯店／旅館服務人員,調酒師／吧台人員,門市／店員／專櫃人員,侍酒師,餐飲主管
新店耕莘,【新店耕莘】企劃室-管理師(滿1年/年薪約55.7萬元起),醫院行政管理人員,,,,,資料庫管理人員,資材人員,行政人員,活動企劃人員,文字客服
新店耕莘,【新店耕莘】住院組~書記,行政人員,,,,,獸醫／獸醫佐,空服人員,資材人員,飯店／旅館櫃檯人員,診所助理
新店耕莘,【新店耕莘】保險組-管理師(滿1年/年薪約51.2萬起),醫院行政管理人員,,,,,ISO品保人員,品管／品保主管,資材主管,調酒師／吧台人員,儲備幹部
新店耕莘,【新店耕莘】個案管理中心~個管師(滿1年/年薪約$51.2萬起),護理師,社會工作人員／督導,,,,其他專案管理師,MIS／網管主管,軟體相關管理師,心理學研究人員,資材主管
新店耕莘,【新店耕莘】國際醫療中心-管理師(滿1年/年薪約55.7萬元起),醫院行政管理人員,行政人員,,,,獸醫／獸醫佐,休閒娛樂事業從業人員,心理學研究人員,客服主管,MIS／網管主管
新店耕莘,【新店耕莘】工維組-工務技術員(滿1年/年薪約54.9萬元起),技術人員,,,,,PLC／自動控制工程師,軟體助理工程師,機械加工技術人員,客服工程師,電子設備維修人員
新店耕莘,【新店耕莘】心臟內科-個案管理師(滿1年/年薪約63.3萬起),護理師,,,,,其他專案管理師,稽核人員,醫師,餐廚助手,客服人員
新店耕莘,【新店耕莘】批價掛號組~事務員(滿1年/年薪約$50.1萬起),行政人員,總機／接待／櫃檯人員,,,,股務人員,資材人員,國貿人員,空服人員,銀行辦事人員
新店耕莘,【新店耕莘】批掛組-兼任工讀生,工讀生,,,,,飯店／旅館櫃檯人員,飯店／旅館服務人員,遊樂景點工作人員,專任管理員,休閒娛樂事業從業人員
新店耕莘,【新店耕莘】教學研究部/管理師(滿1年/年薪約55.7萬元起),醫院行政管理人員,,,,,工業工程師,機械工程主管,特用化學工程師,專案管理主管,食品衛生管理師
新店耕莘,【新店耕莘】營養組-營養師(滿1年/年薪約58.7萬元起),營養師,,,,,調酒師／吧台人員,獸醫／獸醫佐,門市／店員／專櫃人員,品管／品保主管,營建雜工／粗工
新店耕莘,【新店耕莘】營養組-營養師(職代-兼任月薪),營養師,,,,,門市／店員／專櫃人員,調酒師／吧台人員,侍酒師,外送人員,冷熱飲調製人員
新店耕莘,【新店耕莘】牙科部~口腔衛教專員(滿1年/年薪約$51.2萬起),其他醫療從業人員,,,,,牙醫師,補習班主任／主管,獸醫／獸醫佐,品管／品保主管,醫師
新店耕莘,【新店耕莘】癌症防治中心-個案管理師(滿1年/年薪約60.2萬元起),護理師,,,,,復健技術師,心理學研究人員,MIS／網管主管,軟體相關管理師,臨床／諮商心理師
新店耕莘,【新店耕莘】癌症防治中心-個案管理師(滿1年/年薪約60.9萬元起),護理師,,,,,復健技術師,心理學研究人員,MIS／網管主管,軟體相關管理師,臨床／諮商心理師
新店耕莘,【新店耕莘】眼科-醫療技術員(滿1年/年薪約58.7萬元起),護理師,,,,,電子設備維修人員,電器產品維修人員,雷射技術操作員,技術人員,機械加工技術人員
新店耕莘,【新店耕莘】社區健康中心-管理師,其他醫療從業人員,護理師,醫院行政管理人員,,,休閒娛樂事業從業人員,獸醫／獸醫佐,護理長,中醫師,營養師
新店耕莘,【新店耕莘】社區醫學中心-個案管理師(滿1年/年薪約58.7萬元起),護理師,,,,,心理學研究人員,獸醫／獸醫佐,藥師,臨床／諮商心理師,休閒娛樂事業從業人員
新店耕莘,【新店耕莘】神經生理檢查室~醫療技術員(年薪約58.1萬元起),醫事放射師,護理師,其他醫療從業人員,,,臨床／實驗室研究人員,微生物分析師,機械加工技術人員,電機設備裝配員,電機技師／工程師
新店耕莘,【新店耕莘】精神科-個案管理師(滿1年/年薪約55.7萬起),醫院行政管理人員,,,,,軟體相關管理師,資料庫管理人員,神秘客,其他專案管理師,資材人員
新店耕莘,【新店耕莘】精神科/個案管理師(滿1年/年薪約55.7萬元起),醫院行政管理人員,,,,,軟體相關管理師,資料庫管理人員,神秘客,資材人員,PLC／自動控制工程師
新店耕莘,【新店耕莘】精神科~個管師(精神醫療緊急處置協調中心),其他醫療從業人員,護理師,社會工作人員／督導,,,休閒娛樂事業從業人員,MIS／網管主管,神秘客,藥師,資材人員
新店耕莘,【新店耕莘】組織病理科/病理科醫師,醫師,,,,,獸醫／獸醫佐,病理藥理研究人員,驗光師,臨床／實驗室研究人員,醫事檢驗師
新店耕莘,【新店耕莘】總務室-駕駛(滿1年/年薪約51.5萬元起),大客車司機,小客車／小貨車司機,,,,總務人員,行政人員,電腦操作／資料輸入,禮賓接待人員,排版人員
新店耕莘,【新店耕莘】職業醫學科-兼任/助理,臨床／諮商心理師,職能治療師,物理治療師,,,資訊助理人員,電腦操作／資料輸入,人事助理,行銷企劃助理,財務／會計助理
新店耕莘,【新店耕莘】護理部-門診助診員(滿1年/年薪約$50.1萬起),其他醫療從業人員,,,,,專科護理師,護理助理(護佐),診所助理,獸醫助理,售票／收銀人員
新店耕莘,【新店耕莘】護理部~照顧服務員(正職)(滿1年/年薪約$50.1萬起),其他醫療從業人員,照顧服務／指導員,,,,護理長,專科護理師,客服主管,資材主管,售票／收銀人員
新店耕莘,【新店耕莘】護理部供應中心/佐理員(滿1年/年薪約50.1萬元起),其他醫療從業人員,,,,,資材人員,資材主管,實驗／化驗人員,客服主管,生管主管
新店耕莘,【新店耕莘】資訊室-管理師(滿1年/年薪約51.2萬元起),行政人員,醫院行政管理人員,,,,調酒師／吧台人員,冷熱飲調製人員,品管／品保主管,資材主管,ISO品保人員
新店耕莘,"【新店耕莘】資訊室-系統工程師(無經驗大學畢考核通過$50,508/月，年薪約$77.8萬起)",系統工程師,,,,,嵌入式工程師,軟體工程師,PLC／自動控制工程師,IC佈局工程師,BIOS工程師
新店耕莘,【新店耕莘】醫務部-個案管理師(滿1年/年薪約61.7萬元起),護理師,,,,,獸醫／獸醫佐,資材主管,專案管理主管,客服主管,電機工程主管
新店耕莘,【新店耕莘】醫品中心~管理師(滿1年/年薪約$55.7萬起),醫院行政管理人員,其他醫療從業人員,護理師,,,休閒娛樂事業從業人員,ISO品保人員,產品經理,資材主管,獸醫／獸醫佐
新店耕莘,【新店耕莘】院長室-專任(半日)-專案辨公室-管理師(滿1年/年薪約27.8萬元起),行政人員,,,,,資料庫管理人員,軟體相關管理師,專案管理主管,平面設計,專任管理員
新店耕莘,【新店耕莘】高壓氧醫學科~醫療技術員(滿1年/年薪約$64.5萬起),護理師,呼吸治療師,,,,技術人員,水產養殖人員,電機設備裝配員,雷射技術操作員,電機技師／工程師
新店耕莘,【誠徵】【新店耕莘】保險組-疾病分類管理師(滿1年/年薪約54.2萬起),醫院行政管理人員,,,,,獸醫／獸醫佐,ISO品保人員,資材主管,水電工,PLC／自動控制工程師
新店裕隆城店,"Miacucina新店裕隆城店/外場服務人員正職/月薪40,000-45,000元/月達標業績獎金及半年度績效考核獎金另計!!",餐飲服務人員,,,,,調酒師／吧台人員,票務人員／旅行社人員,門市／店員／專櫃人員,資材人員,客服人員
新店馬公日照中心,"【新店馬公日照中心】司機/總務 (通過考核34,000-36,000元)",小客車／小貨車司機,總務人員,消防類相關人員,,,報關人員,資材人員,檔案資料管理人員,文字客服,國貿人員
新店馬公日照中心,"【新店馬公日照中心】照顧服務員 (薪資34,000元~37,000元)",照顧服務／指導員,,,,,調酒師／吧台人員,休閒娛樂事業從業人員,冷熱飲調製人員,房務人員,門市／店員／專櫃人員
新捷食品股份,儲備幹部(新捷食品股份有限公司),包裝員／作業員,,,,,儲備幹部,品管／品保主管,店長／門市管理人員,資材主管,調酒師／吧台人員
新竹中央店,斯朵利新竹中央店 中壢中山店強力徵才,髮型設計師,美髮助理,,,,調酒師／吧台人員,門市／店員／專櫃人員,冷熱飲調製人員,餐飲主管,侍酒師
新竹台灣美日,【新竹台灣美日】-潔淨室環境維護人員,清潔／資源回收人員,管理員,,,,房務人員,機械工程師,PLC／自動控制工程師,冷凍空調技術人員／安裝員,維修技術人員
新竹大遠百,CONI美容顧問【新竹大遠百】專櫃 保障薪資29500~36000,門市／店員／專櫃人員,,,,,水電工程師,消防專業人員,客服主管,神秘客,ISO品保人員
新竹大遠百,Visual Merchandising Team 視覺陳列專員 (FEDS新竹大遠百),櫥窗／會場設計人員,門市／店員／專櫃人員,,,,神秘客,資材人員,PLC／自動控制工程師,工業設計,資料庫管理人員
新竹寶山-台積電廠區,營造業-現場工程師【新竹寶山-台積電廠區】,內業工程人員,營造工程師,工務工管人員,,,營建工程人員,營建雜工／粗工,工業設計,PLC／自動控制工程師,土木技師
新竹寶山-台積電廠區,營造業-甲種職業安全衛生業務主管【新竹寶山-台積電廠區】,職業安全衛生管理師,,,,,客服主管,儲備幹部,國外業務主管,國內業務主管,客戶成功經理
新竹巨城,2.兼職百貨專櫃檔期門市銷售人員 ★獎金另計★(新竹巨城 sogo),工讀生,國內業務人員,,,,門市／店員／專櫃人員,調酒師／吧台人員,冷熱飲調製人員,侍酒師,售票／收銀人員
新竹巨城,2.工讀生百貨專櫃檔期門市銷售人員 ★獎金另計★(新竹巨城 sogo),國內業務人員,工讀生,,,,門市／店員／專櫃人員,冷熱飲調製人員,調酒師／吧台人員,售票／收銀人員,飯店／旅館服務人員
新竹巨城,"5/27-6/9新竹巨城sogo百貨,韓國展-營業銷售人員",門市／店員／專櫃人員,餐飲服務人員,,,,汽車銷售人員,國內業務人員,廣告AE,國外業務人員,國外業務主管
新竹巨城,COFFEE LOVER‘s PLANET (新竹巨城SOGO店)兼職工讀,餐飲服務人員,工讀生,,,,咖啡師,調酒師／吧台人員,冷熱飲調製人員,飯店／旅館服務人員,侍酒師
新竹巨城,丹寧服飾外商公司｜新竹巨城｜【Levi＇s】服裝搭配師｜歡迎新鮮人,門市／店員／專櫃人員,,,,,服裝設計,電機技師／工程師,電機設備裝配員,工業設計,智慧製程工程師
新竹巨城,二度就業兼差族 (新竹巨城；時薪$210起),餐飲服務人員,,,,,房務人員,資材人員,神秘客,倉管／物料管理員,營建雜工／粗工
新竹巨城,新竹巨城百貨（清潔幹部）全穎公寓大廈所聘,領班／管理幹部,,,,,資材主管,房務人員,儲備幹部,品管／品保主管,店長／門市管理人員
新竹巨城店,【優渥設計】業務設計師/助理設計師 (系統櫃、室內設計)-新竹巨城店,國內業務人員,室內設計師,門市／店員／專櫃人員,,,國貿助理,秘書,採購助理,業務助理,電腦操作／資料輸入
新竹巨城店,【優渥設計】設計師助理 (系統櫃、室內設計)-新竹巨城店,國內業務人員,室內設計師,門市／店員／專櫃人員,,,室內設計助理,設計助理,冷凍空調繪圖／設計,軟體助理工程師,UI/UX設計師
新竹巨城店,接待專員(新竹巨城店),總機／接待／櫃檯人員,,,,,飯店／旅館服務人員,冷熱飲調製人員,調酒師／吧台人員,門市／店員／專櫃人員,飯店／旅館櫃檯人員
新竹巨城店,新竹巨城店/美甲客量大/高抽成/徵美甲師/美甲助理/,美甲彩繪師,,,,,美甲助理,資訊助理人員,攝影助理,生管／助理,媒體公關人員
新竹巨城店,"藥妝銷售管理藥師【新竹巨城店】獎金另計/櫃檯服務/日韓系藥妝/用藥諮詢/透明升遷制度/年薪挑戰上看 NT$1,000,000（底薪＋津貼＋績效獎金）",藥師,,,,,客服主管,產品企劃主管,神秘客,專案經理,產品經理
新竹巨城店,遠東SOGO百貨-05新竹巨城店-貴賓廳服務專員,總機／接待／櫃檯人員,客服人員,,,,飯店／旅館服務人員,調酒師／吧台人員,侍酒師,門市／店員／專櫃人員,冷熱飲調製人員
新竹巨城店,韓國八色烤肉★新竹巨城店★-外場店副理【薪資48000起】!!,餐飲服務人員,餐飲主管,飯店／旅館主管,,,調酒師／吧台人員,門市／店員／專櫃人員,冷熱飲調製人員,售票／收銀人員,侍酒師
新竹廠,(新竹廠) 課級儲備主管(中階),特別助理,儲備幹部,經營管理主管,,,領班／管理幹部,生管主管,電機工程主管,智慧製程工程師,生產線工程師
新竹廠,(新竹廠)人力資源儲備幹部,人事／人力資源主管,人事／人力資源專員,人事助理,,,生管主管,領班／管理幹部,電機工程主管,智慧製程工程師,電機技師／工程師
新竹廠,(新竹廠)工務技師,電機技師／工程師,電機維修人員,產品設備維修人員,,,電子設備維修人員,機電技師／工程師,水電工程師,電信／配線繪圖,機械加工技術人員
新竹廠,(新竹廠)生產技術儲備幹部,生產技術／製程工程師,,,,,電機技師／工程師,電機設備裝配員,生管主管,塑膠模具技術人員,模具技術人員
新竹廠,(新竹廠)生產技術工程師,材料研發人員,化學相關研究人員,特用化學工程師,,,電機技師／工程師,電機設備裝配員,模具技術人員,技術人員,塑膠模具技術人員
新竹廠,(新竹廠)經理級儲備主管(高階),特別助理,儲備幹部,經營管理主管,,,工廠高階主管,領班／管理幹部,生管主管,資材主管,電機工程主管
新竹廠,(新竹廠)製造製程工程師,生產技術／製程工程師,,,,,智慧製程工程師,鑄造／鍛造模具技術人員,塑膠模具技術人員,電機技師／工程師,金屬模具技術人員
新竹廠,[新竹廠] 守衛人員(需輪日班、中班、晚班)(有意者再投),保全人員／警衛,,,,,水電工,CNC車床人員,智慧製程工程師,倉管／物料管理員,房務人員
新竹廠,[新竹廠]庶務兼涉外,總務人員,行政人員,,,,工業設計,生管／助理,報關人員,PLC／自動控制工程師,CAD／CAM工程師
新竹廠,引擎技師(新竹廠),汽車引擎技術人員,,,,,汽車檢驗員,電機技師／工程師,電機設備裝配員,CNC車床人員,模具技術人員
新竹廠,引擎技師（新竹廠）,汽車引擎技術人員,汽車維修人員,,,,汽車檢驗員,電機技師／工程師,電機設備裝配員,塑膠押出技術人員,模具技術人員
新竹廠,技術部工程師(新竹廠)Engineer in the Technology Department (Hsinchu Plant),生產技術／製程工程師,,,,,模具技術人員,電機技師／工程師,電機設備裝配員,生管主管,塑膠模具技術人員
新竹廠,折床工程師(新竹廠),機械加工技術人員,,,,,電機技師／工程師,電機設備裝配員,智慧製程工程師,CNC車床人員,PLC／自動控制工程師
新竹廠,"新竹廠-(日班)廠務公共設備維修員【新進員工最高享獎金48,000元!!】",產品設備維修人員,維修技術人員,,,,機械加工技術人員,電機設備裝配員,技術人員,電機技師／工程師,CNC車床人員
新竹廠,"新竹廠-熔解作業員【新進員工最高享獎金48,000元!!】",技術人員,,,,,包裝員／作業員,生鮮處理人員,倉管／物料管理員,重機械操作人員,原料檢驗人員
新竹廠,"新竹廠-熔解培訓人員【新進員工最高享獎金48,000元!!】",化學／化工工程師,儲備幹部,技術人員,,,包裝員／作業員,汽車檢驗員,CNC車床人員,原料檢驗人員,檢驗人員
新竹廠,服務專員(新竹廠),總機／接待／櫃檯人員,客服人員,,,,房務人員,水電工,智慧製程工程師,電機技師／工程師,PLC／自動控制工程師
新竹廠,服務廠主管(新竹廠),經營管理主管,技術支援主管,基層管理幹部,,,領班／管理幹部,工廠高階主管,生管主管,電機工程主管,維修技術主管
新竹廠,清潔人員(新竹廠身心障礙求職者職缺),清潔／資源回收人員,建築物清潔人員,,,,房務人員,水電工,CNC車床人員,電機技師／工程師,PLC／自動控制工程師
新竹廠,維修服務事業群-引擎技師(新竹廠)-高薪高獎金!,汽車引擎技術人員,汽車維修人員,其他車輛維修人員,,,機械加工技術人員,技術人員,電機設備裝配員,電機技師／工程師,電子設備維修人員
新竹廠,美工人員-新竹廠,印刷技術人員,平面設計,美編人員,,,包裝員／作業員,CNC車床人員,倉管／物料管理員,智慧製程工程師,理貨人員
新竹廠,銲接工程師(新竹廠),焊接技術人員,機械加工技術人員,,,,BIOS工程師,水電工程師,PLC／自動控制工程師,電機設備裝配員,冷凍空調繪圖／設計
新竹廠,雷射切割工程師(新竹廠),機械加工技術人員,,,,,雷射技術操作員,線切割技術人員,電機技師／工程師,電機設備裝配員,模具技術人員
新竹遠百,ABC-MART新竹遠百 [晚班工讀生],門市／店員／專櫃人員,,,,,遊樂景點工作人員,冷熱飲調製人員,工讀生,飯店／旅館服務人員,休閒娛樂事業從業人員
新美齊,【新美齊】PARK259 酒店式公寓 工務人員,水電工,水電工程師,工務工管人員,,,飯店／旅館服務人員,調酒師／吧台人員,門市／店員／專櫃人員,冷熱飲調製人員,房務人員
新美齊,【新美齊】PARK259 酒店式公寓 營運專員,飯店／旅館櫃檯人員,,,,,調酒師／吧台人員,門市／店員／專櫃人員,冷熱飲調製人員,侍酒師,店長／門市管理人員
新美齊,【新美齊】PARK259 酒店式公寓 行政專員,飯店／旅館服務人員,,,,,行政人員,電腦操作／資料輸入,秘書,財務／會計助理,業務助理
新莊典華,【新莊典華】宴會服務(服務員),餐飲服務人員,,,,,飯店／旅館服務人員,門市／店員／專櫃人員,調酒師／吧台人員,冷熱飲調製人員,售票／收銀人員
新莊典華,【新莊典華】宴會服務(經理/副理),餐飲主管,餐飲領班,,,,售票／收銀人員,門市／店員／專櫃人員,行政主管,電腦操作／資料輸入,業務助理
新莊典華,【新莊典華】宴會服務員(兼職),餐飲服務人員,,,,,飯店／旅館服務人員,門市／店員／專櫃人員,調酒師／吧台人員,冷熱飲調製人員,侍酒師
新莊典華,新莊典華-影音工程師,音響／音控技術人員,燈光技術人員,執行製作／助理,,,RF通訊工程師,IC佈局工程師,嵌入式工程師,數位IC設計工程師,韌體工程師
新莊宏匯,ABC-MRAT新莊宏匯 [早班工讀生],門市／店員／專櫃人員,,,,,工讀生,外送人員,冷熱飲調製人員,遊樂景點工作人員,飯店／旅館櫃檯人員
新莊宏匯,ABC-MRAT新莊宏匯 [晚班工讀生],門市／店員／專櫃人員,,,,,遊樂景點工作人員,冷熱飲調製人員,外送人員,工讀生,飯店／旅館櫃檯人員
新莊宏匯店,韓國八色烤肉★新莊宏匯店★-外場店副理【薪資48000起】!!,餐飲服務人員,餐飲主管,飯店／旅館主管,,,調酒師／吧台人員,門市／店員／專櫃人員,冷熱飲調製人員,售票／收銀人員,業務助理
新莊宏匯廣場,舞紅花鐵板燒-  [廚房助理]  新莊宏匯廣場,餐廚助手,其他料理廚師,生鮮處理人員,,,電腦操作／資料輸入,財務／會計助理,秘書,業務助理,國貿助理
新莊宏匯廣場,舞紅花鐵板燒- [外場全職服務人員]  新莊宏匯廣場,餐飲服務人員,,,,,飯店／旅館服務人員,調酒師／吧台人員,門市／店員／專櫃人員,侍酒師,冷熱飲調製人員
新莊宏匯廣場,舞紅花鐵板燒- [外場計時工讀/PT小隊長] 新莊宏匯廣場,工讀生,,,,,調酒師／吧台人員,侍酒師,冷熱飲調製人員,飯店／旅館服務人員,門市／店員／專櫃人員
新莊新泰店,【兼職】摩斯新莊新泰店(322mos),餐飲服務人員,,,,,調酒師／吧台人員,外送人員,門市／店員／專櫃人員,冷熱飲調製人員,侍酒師
新莊新泰店,西堤新莊新泰店-廚藝助理,餐廚助手,西式廚師,洗碗人員,,,電腦操作／資料輸入,業務助理,財務／會計助理,秘書,國貿助理
新莊榮富新校籌備中,【新莊榮富新校籌備中】 ◆◇ 專業幼兒教師  歡迎加入◇◆,幼教老師,教保員／保育員,,,,資材人員,門市／店員／專櫃人員,電話客服人員,客服人員,神秘客
新莊榮富新校籌備中,【新莊榮富新校籌備中】 ◆◇ 幼兒園廚工 歡迎加入◇◆,中式廚師,餐廚助手,,,,調酒師／吧台人員,冷熱飲調製人員,門市／店員／專櫃人員,生鮮處理人員,售票／收銀人員
新莊雅聚,【新莊雅聚】專業外場服務人員,餐飲服務人員,飯店／旅館服務人員,,,,神秘客,客服主管,房務人員,工業設計,PLC／自動控制工程師
新莊雅聚,【新莊雅聚】專業外場服務人員 兼職,餐飲服務人員,,,,,神秘客,房務人員,客服主管,室內設計助理,資料庫管理人員
新莊雅聚,【新莊雅聚】專業外場服務經/副理,餐飲主管,飯店／旅館主管,,,,客服主管,保險業務員／經紀人,產品企劃主管,文字客服,國內業務主管
新莊雅聚,【新莊雅聚】訂席領檯,飯店／旅館服務人員,餐飲服務人員,,,,飯店／旅館櫃檯人員,服裝設計,導遊／領隊／導覽,資材人員,木工
新邦城租售,【新邦城租售】-不動產租賃仲介業務｜高獎金抽成 ｜完善制度與教育訓練,不動產／商場開發人員,不動產經紀人／營業員,,,,客戶成功經理,國外業務人員,國內業務人員,廣告AE,國貿人員
施華蔻,【施華蔻】業務代表(Davines 特芬莉 專業美髮產品_高雄區),國內業務人員,產品企劃人員,,,,國貿助理,業務助理,國貿人員,國外業務人員,秘書
旗山店,億品鍋 旗山店 徵晚班兼職人員,餐飲服務人員,,,,,飯店／旅館服務人員,侍酒師,調酒師／吧台人員,門市／店員／專櫃人員,冷熱飲調製人員
日月光K18,【日月光K18】外場服務人員-月/時薪-午/晚/宵班,餐飲服務人員,餐廚助手,洗碗人員,,,門市／店員／專櫃人員,飯店／旅館服務人員,售票／收銀人員,調酒師／吧台人員,遊樂景點工作人員
日月光路科廠,【日月光路科廠】外場服務人員-月/時薪-午/晚/宵班,餐廚助手,洗碗人員,餐飲服務人員,,,調酒師／吧台人員,房務人員,門市／店員／專櫃人員,冷熱飲調製人員,飯店／旅館服務人員
日本信義,【日本信義】人資人員(工作地點:日本東京),人事／人力資源專員,人事助理,,,,倉儲物流人員,資材人員,倉管／物料管理員,金融營業人員,遊樂景點工作人員
日本國際品牌庵SPA,【日本國際品牌庵SPA】徵芳療主管五萬元起（底薪+管理津貼+抽成+交通津貼.月休8~10天),美容講師／技導,美療師／芳療師,美容師,,,品管／品保主管,店長／門市管理人員,儲備幹部,資材主管,客服主管
日本部,團控OP【日本部】,票務人員／旅行社人員,,,,,資材主管,品管／品保主管,資材人員,儲備幹部,電機工程主管
日本部,手配產品企劃【日本部】,票務人員／旅行社人員,,,,,產品企劃主管,產品經理,資材人員,客服主管,公關企劃人員
日系小臉沙龍 Facia,【日系小臉沙龍 Facia】台北店 櫃檯行政／Guest Experience Staff,總機／接待／櫃檯人員,行政助理,日文翻譯／口譯人員,,,行政人員,電腦操作／資料輸入,秘書,檔案資料管理人員,財務／會計助理
日系小臉沙龍 Facia,【日系小臉沙龍 Facia】小顏美容師／SPA美容師,美容助理,美容師,美療師／芳療師,,,遊樂景點工作人員,售票／收銀人員,休閒娛樂事業從業人員,門市／店員／專櫃人員,加油服務
日美廠,助理工程師 【桃園市觀音區】【日美廠】,包裝員／作業員,,,,,工程助理,室內設計助理,光電／半導體工程助理,冷凍空調繪圖／設計,CNC程式設計師
日美廠,研發人員【桃園市觀音區】【日美廠】,化學／化工工程師,醫藥研發人員,,,,材料分析員,特用化學工程師,生物科技研發人員,汽車研發人員,原料檢驗人員
日補校,美髮 [日補校 ] 助理,美髮助理,,,,,攝影助理,資訊助理人員,設計助理,執行製作／助理,助教
旭集,【旭集】★服務專員★ 起薪36K起＿歡迎無經驗者加入【桃園區】,餐飲服務人員,,,,,房務人員,遊樂景點工作人員,資材人員,神秘客,電話客服人員
旭集,【旭集】★服務專員★ 起薪36K起＿歡迎無經驗者加入【竹北市】,餐飲服務人員,,,,,房務人員,門市／店員／專櫃人員,調酒師／吧台人員,遊樂景點工作人員,冷熱飲調製人員
旭集,【旭集】★服務專員★ 起薪36K起＿歡迎無經驗者加入【鼓山區】,餐飲服務人員,,,,,房務人員,遊樂景點工作人員,資材人員,門市／店員／專櫃人員,神秘客
旭集,【旭集】★西點專員/師傅★ 起薪36K起＿歡迎相關經驗者來詳談【桃園區】,西點蛋糕師,餐飲服務人員,餐廚助手,,,木工,倉儲物流人員,品管人員,CNC車床人員,生鮮處理人員
旭集,【旭集】★西點專員/師傅★ 起薪36K起＿歡迎相關經驗者來詳談【鼓山區】,西點蛋糕師,餐飲服務人員,餐廚助手,,,木工,倉儲物流人員,品管人員,CNC車床人員,檢驗人員
明基佳世達,明基佳世達集團體系－正光藥局物流儲備幹部,倉儲物流人員,倉管／物料管理員,,,,資材主管,店長／門市管理人員,品管／品保主管,調酒師／吧台人員,儲備幹部
明水然 ‧ 樂 鐵板燒 宜蘭礁溪店,"【 明水然 ‧ 樂 鐵板燒 宜蘭礁溪店】店主管 薪資60,000~80,000元 含加班費及全勤，年薪挑戰100萬以上 - 米其林指標/有熱情、挑戰米其林等級夥伴",餐飲服務人員,儲備幹部,,,,品管／品保主管,調酒師／吧台人員,店長／門市管理人員,餐飲主管,營建雜工／粗工
明水然 ‧ 樂 鐵板燒 新竹大遠百店,"【 明水然 ‧ 樂 鐵板燒 新竹大遠百店】店主管 薪資60,000~80,000元 含加班費及全勤，年薪挑戰100萬以上- 米其林指標/有熱情、挑戰米其林等級夥伴",餐飲服務人員,儲備幹部,,,,品管／品保主管,調酒師／吧台人員,店長／門市管理人員,餐飲主管,營建雜工／粗工
明水然 ‧ 樂 鐵板燒 新竹遠百店,"【 明水然 ‧ 樂 鐵板燒 新竹遠百店】店主管 薪資60,000~80,000元 含加班費及全勤，年薪挑戰100萬以上- 米其林指標/有熱情、挑戰米其林等級夥伴",餐飲服務人員,儲備幹部,,,,品管／品保主管,調酒師／吧台人員,店長／門市管理人員,餐飲主管,營建雜工／粗工
明水然 鐵板燒 新門店籌備中,"【明水然 鐵板燒 新門店籌備中】外場正職人員/儲備幹部 薪資 40,000元以上 含加班費及全勤 - 米其林指標/有熱情、挑戰米其林等級夥伴",餐飲服務人員,,,,,調酒師／吧台人員,品管／品保主管,西式廚師,餐飲主管,其他料理廚師
明水然 鐵板燒 新門店籌備中,"【明水然 鐵板燒 新門店籌備中】鐵板師傅 薪資 40,000元 ~50,000元 - 米其林指標/有熱情、挑戰米其林等級夥伴",餐飲主管,,,,,中式廚師,其他料理廚師,西式廚師,餐廚助手,烹飪老師
明水然 鐵板燒 新門店籌備中,"【明水然 鐵板燒 新門店籌備中】鐵板燒(品牌)師傅 薪資 50,000元 ~ 70,000元 含加班費及全勤(通過考核，最高1年可加薪3,000元~8,000元)- 米其林指標/有熱情、挑戰米其林等級夥伴",餐飲主管,,,,,中式廚師,其他料理廚師,調酒師／吧台人員,西式廚師,餐廚助手
明水然 鐵板燒 新門店籌備中,"【明水然 鐵板燒 新門店籌備中】鐵板燒料理二廚 薪資34,500元~39,000元 含加班費及全勤 - 米其林指標/有熱情、挑戰米其林等級夥伴",餐飲主管,,,,,西式廚師,餐廚助手,洗碗人員,其他料理廚師,調酒師／吧台人員
明水然 鐵板燒 高雄大立店,"【明水然 鐵板燒 高雄大立店】儲備幹部 薪資 40,000元以上 含加班費及全勤 - 米其林指標/有熱情、挑戰米其林等級夥伴",儲備幹部,餐飲服務人員,,,,品管／品保主管,調酒師／吧台人員,智慧製程工程師,麵包師,西式廚師
明水然 鐵板燒 高雄大立店,"【明水然 鐵板燒 高雄大立店】店主管 薪資60,000~80,000元 含加班費及全勤 - 米其林指標/有熱情、挑戰米其林等級夥伴",餐飲服務人員,儲備幹部,,,,品管／品保主管,調酒師／吧台人員,西式廚師,其他料理廚師,營建雜工／粗工
明水然・樂 鐵板燒 台中大遠百店,"【明水然・樂 鐵板燒 台中大遠百店】鐵板燒(品牌)師傅 薪資 50,000元 ~ 70,000元 含加班費及全勤 (通過考核，最高1年可加薪3,000元~8,000元)",西式廚師,,,,,調酒師／吧台人員,侍酒師,冷熱飲調製人員,品管／品保主管,門市／店員／專櫃人員
明水然・樂 鐵板燒 台中大魯閣店,"【明水然・樂 鐵板燒 台中大魯閣店】鐵板燒(品牌)師傅 薪資 50,000元 ~ 70,000元 含加班費及全勤 (通過考核，最高1年可加薪3,000元~8,000元)",西式廚師,,,,,調酒師／吧台人員,侍酒師,冷熱飲調製人員,門市／店員／專櫃人員,品管／品保主管
明水然・樂 鐵板燒 台北中山北店-籌備中,"【明水然・樂 鐵板燒 台北中山北店-籌備中】店主管 薪資60,000~80,000元 含加班費及全勤 -米其林指標/有熱情、挑戰米其林等級夥伴",餐飲服務人員,儲備幹部,,,,調酒師／吧台人員,品管／品保主管,餐飲主管,店長／門市管理人員,侍酒師
明水然・樂 鐵板燒 台南市區新開店,"【明水然・樂 鐵板燒 台南市區新開店】店主管 薪資60,000~80,000元 含加班費及全勤，年薪挑戰100萬以上- 米其林指標/有熱情、挑戰米其林等級夥伴",餐飲服務人員,儲備幹部,,,,品管／品保主管,調酒師／吧台人員,店長／門市管理人員,餐飲主管,侍酒師
明水然・樂 鐵板燒 新竹遠百店,"【明水然・樂 鐵板燒 新竹遠百店】外場儲備幹部 薪資40,000~55,000元 含加班費及全勤 - 米其林指標/有熱情、挑戰米其林等級夥伴",儲備幹部,餐飲服務人員,,,,品管／品保主管,調酒師／吧台人員,餐飲主管,西式廚師,店長／門市管理人員
明水然・樂 鐵板燒 林口昕境店,"【明水然・樂 鐵板燒 林口昕境店】鐵板料理二廚 薪資34,500元~39,000元 含加班費及全勤 - 米其林指標/有熱情、挑戰米其林等級夥伴",餐飲主管,,,,,西式廚師,調酒師／吧台人員,洗碗人員,餐廚助手,其他料理廚師
明水然．樂 鐵板燒 信義松菸店,"【明水然．樂 鐵板燒 信義松菸店】鐵板師傅 薪資 40,000元 ~ 50,000元 含加班費及全勤 - 米其林指標/有熱情、挑戰米其林等級夥伴",餐飲主管,,,,,調酒師／吧台人員,其他料理廚師,中式廚師,西式廚師,餐廚助手
明水然．樂 鐵板燒 全台分店,"【明水然．樂 鐵板燒 全台分店】店主管 薪資60,000~80,000元 含加班費及全勤，年薪挑戰100萬以上- 米其林指標/有熱情、挑戰米其林等級夥伴",餐飲服務人員,儲備幹部,,,,品管／品保主管,調酒師／吧台人員,餐飲主管,店長／門市管理人員,侍酒師
明水然．樂 鐵板燒 台北西門店,"【明水然．樂 鐵板燒 台北西門店】店主管 薪資60,000~80,000元 含加班費及全勤 - 米其林指標/有熱情、挑戰米其林等級夥伴",餐飲服務人員,儲備幹部,,,,品管／品保主管,調酒師／吧台人員,餐飲主管,店長／門市管理人員,西式廚師
明水然．樂 鐵板燒 彰化地區,"【明水然．樂 鐵板燒 彰化地區】鐵板師傅 薪資 40,000元 ~ 50,000元 含加班費及全勤 - 米其林指標/有熱情、挑戰米其林等級夥伴",餐飲主管,,,,,營建雜工／粗工,木工,中式廚師,智慧製程工程師,麵包師
明水然．樂 鐵板燒 林口昕境店,"【明水然．樂 鐵板燒 林口昕境店】鐵板師傅 薪資 40,000元 ~ 50,000元 含加班費及全勤 - 米其林指標/有熱情、挑戰米其林等級夥伴",餐飲主管,,,,,調酒師／吧台人員,其他料理廚師,中式廚師,西式廚師,餐廚助手
明水然．樂 鐵板燒 淡水中山店,"【明水然．樂 鐵板燒 淡水中山店】鐵板燒(品牌)師傅 薪資 50,000元 ~ 70,000元 含加班費及全勤 (通過考核，最高1年可加薪3,000元~8",餐飲主管,,,,,調酒師／吧台人員,中式廚師,日式廚師,冷熱飲調製人員,品管／品保主管
明水然．樂 鐵板燒 遠百信義店,"【明水然．樂 鐵板燒 遠百信義店】鐵板師傅 薪資 40,000元 ~ 50,000元 含加班費及全勤 - 米其林指標/有熱情、挑戰米其林等級夥伴",餐飲主管,,,,,調酒師／吧台人員,中式廚師,其他料理廚師,西式廚師,餐廚助手
明水然．樂 鐵板燒 遠百信義店,"【明水然．樂 鐵板燒 遠百信義店】鐵板燒(品牌)師傅 薪資 50,000元 ~ 70,000元 含加班費及全勤(通過考核，最高1年可加薪3,000元~8,000元)",餐飲主管,,,,,調酒師／吧台人員,品管／品保主管,日式廚師,鐵板燒廚師,冷熱飲調製人員
明華店,內場正職人員【明華店】,日式廚師,,,,,餐廚助手,西式廚師,餐飲服務人員,其他料理廚師,洗碗人員
明華店,大帑殿明華店-早班領櫃台專員,總機／接待／櫃檯人員,客服人員,休閒娛樂事業從業人員,,,調酒師／吧台人員,冷熱飲調製人員,飯店／旅館服務人員,侍酒師,門市／店員／專櫃人員
明誠店,(明誠店）假日兼職人員,餐飲服務人員,工讀生,,,,調酒師／吧台人員,冷熱飲調製人員,門市／店員／專櫃人員,外送人員,飯店／旅館服務人員
明誠店,41K-45K 外場儲備幹部正職徵才｜野村燒肉高雄明誠店,餐飲服務人員,,,,,調酒師／吧台人員,品管／品保主管,西式廚師,餐飲主管,店長／門市管理人員
明誠店,【高雄明誠店】點心房正職人員,西點蛋糕師,麵包師,,,,調酒師／吧台人員,冷熱飲調製人員,門市／店員／專櫃人員,侍酒師,西式廚師
明誠店,外場晚班PT人員(明誠店),餐飲服務人員,餐廚助手,,,,冷熱飲調製人員,調酒師／吧台人員,門市／店員／專櫃人員,售票／收銀人員,飯店／旅館服務人員
明誠店,廚房晚班時薪人員200－明誠店,餐廚助手,,,,,冷熱飲調製人員,調酒師／吧台人員,門市／店員／專櫃人員,房務人員,售票／收銀人員
明誠店,牛老總明誠店 外場時薪人員,餐飲服務人員,,,,,冷熱飲調製人員,調酒師／吧台人員,飯店／旅館服務人員,門市／店員／專櫃人員,侍酒師
明誠店,稻香台灣小吃 (明誠店)– 大夜班人員,餐飲服務人員,餐廚助手,,,,冷熱飲調製人員,調酒師／吧台人員,門市／店員／專櫃人員,售票／收銀人員,飯店／旅館服務人員
明誠店,野村燒肉廚房儲備幹部 41000-45000 －高雄明誠店,餐廚助手,其他料理廚師,,,,品管／品保主管,調酒師／吧台人員,餐飲主管,店長／門市管理人員,儲備幹部
明誠店,野村燒肉廚房組長薪五萬起+獎金另計-月領5萬以上-明誠店,其他料理廚師,中式廚師,西式廚師,,,調酒師／吧台人員,智慧製程工程師,冷熱飲調製人員,門市／店員／專櫃人員,侍酒師
易鼎活蝦-台中店,【易鼎活蝦-台中店】店副理 『月薪42000起』｜報到獎金2萬元!,儲備幹部,經營管理主管,,,,調酒師／吧台人員,門市／店員／專櫃人員,售票／收銀人員,電腦操作／資料輸入,冷熱飲調製人員
易鼎活蝦-大里店,【易鼎活蝦-大里店】店副理 『月薪42000起』｜報到獎金2萬元!,飯店／旅館主管,餐飲主管,經營管理主管,,,調酒師／吧台人員,門市／店員／專櫃人員,冷熱飲調製人員,售票／收銀人員,電腦操作／資料輸入
星享道,星享道雅樂軒酒店–大夜櫃檯組長/副主任,飯店／旅館櫃檯人員,,,,,售票／收銀人員,行政主管,客服主管,資材人員,儲備幹部
星享道,星享道雅樂軒酒店–珍鑽宴會廳–外場服務員,餐飲服務人員,,,,,調酒師／吧台人員,飯店／旅館服務人員,侍酒師,冷熱飲調製人員,門市／店員／專櫃人員
星鴻包租代管/社會住宅,【星鴻包租代管/社會住宅】業務主任 高專制 (高抽成獎金+每月被動收入+財力補助+證照補助),電話行銷人員,不動產經紀人／營業員,國內業務人員,,,國貿助理,業務助理,秘書,活動企劃人員,採購助理
春上布丁蛋糕-竹北總店,【春上布丁蛋糕-竹北總店】學徒,餐廚助手,學徒,,,,調酒師／吧台人員,冷熱飲調製人員,侍酒師,木工,麵包師
春水堂,【春水堂】工務人員 (南投國姓),室內設計師,建築繪圖／設計,工務工管人員,,,電腦操作／資料輸入,房務人員,售票／收銀人員,業務助理,秘書
春水堂,【春水堂】正職人員-市政店,餐飲服務人員,餐廚助手,門市／店員／專櫃人員,,,電腦操作／資料輸入,業務助理,秘書,冷熱飲調製人員,行政人員
春水堂,【春水堂】計時人員-市政店,餐飲服務人員,餐廚助手,門市／店員／專櫃人員,,,電腦操作／資料輸入,行政人員,秘書,財務／會計助理,業務助理
春水堂,【春水堂】餐飲服務人員-台南南紡店(歡迎二度就業),紡織工務,,,,,冷熱飲調製人員,調酒師／吧台人員,侍酒師,飯店／旅館服務人員,門市／店員／專櫃人員
春發號（河南店）,【春發號（河南店）】外場兼職人員,餐飲服務人員,,,,,冷熱飲調製人員,調酒師／吧台人員,門市／店員／專櫃人員,侍酒師,飯店／旅館服務人員
時尚假期-台中中港店,【時尚假期-台中中港店】醫美師-高操作獎金,美容師,美容講師／技導,基層管理幹部,,,資材人員,調酒師／吧台人員,售票／收銀人員,門市／店員／專櫃人員,智慧製程工程師
時尚假期-台中中港店,［時尚假期-台中中港店］行政櫃台,總機／接待／櫃檯人員,客服人員,,,,行政人員,電腦操作／資料輸入,檔案資料管理人員,秘書,財務／會計助理
時尚假期-台北南京店,【時尚假期-台北南京店】醫美師-高操作獎金,美容師,美容講師／技導,基層管理幹部,,,倉管／物料管理員,包裝員／作業員,資材人員,智慧製程工程師,生鮮處理人員
時尚假期-台北南京店,【時尚假期-台北南京店】醫美諮詢顧問,美容講師／技導,美容師,醫學美容／整型,,,門市／店員／專櫃人員,神秘客,冷熱飲調製人員,藥師助理,售票／收銀人員
時尚假期-台北南京店,【時尚假期-台北南京店】醫美護理師,護理師,專科護理師,醫學美容／整型,,,藥師助理,冷熱飲調製人員,調酒師／吧台人員,門市／店員／專櫃人員,護理助理(護佐)
時尚假期-台北南京店,［時尚假期-台北南京店］行政櫃台,總機／接待／櫃檯人員,客服人員,,,,行政人員,電腦操作／資料輸入,秘書,財務／會計助理,檔案資料管理人員
時尚假期-台北復興店,【時尚假期-台北復興店】醫美師-高操作獎金,美容師,美容講師／技導,醫學美容／整型,,,倉管／物料管理員,資材人員,包裝員／作業員,智慧製程工程師,木工
時尚假期-台北復興店,【時尚假期-台北復興店】醫美診所店長,經營管理主管,美容講師／技導,醫學美容／整型,美容師,,冷熱飲調製人員,調酒師／吧台人員,侍酒師,門市／店員／專櫃人員,店長／門市管理人員
時尚假期-台北復興店,【時尚假期-台北復興店】醫美護理師,護理師,專科護理師,醫學美容／整型,,,藥師助理,冷熱飲調製人員,調酒師／吧台人員,護理助理(護佐),門市／店員／專櫃人員
時尚假期-台北復興店,［時尚假期-台北復興店］行政櫃台,總機／接待／櫃檯人員,客服人員,,,,行政人員,電腦操作／資料輸入,秘書,財務／會計助理,檔案資料管理人員
時尚假期-高雄中正店,【時尚假期-高雄中正店】醫美師-高操作獎金,美容師,美容講師／技導,基層管理幹部,,,包裝員／作業員,智慧製程工程師,資材人員,倉管／物料管理員,生鮮處理人員
時尚假期-高雄中正店,［時尚假期-高雄中正店］行政櫃台,總機／接待／櫃檯人員,,,,,行政人員,電腦操作／資料輸入,秘書,檔案資料管理人員,財務／會計助理
時尚假期-高雄巨蛋店,【時尚假期-高雄巨蛋店】醫美師-高操作獎金,美容師,美容講師／技導,基層管理幹部,,,包裝員／作業員,倉管／物料管理員,智慧製程工程師,資材人員,CNC車床人員
時尚假期-高雄巨蛋店,［時尚假期-高雄巨蛋店］行政櫃台,總機／接待／櫃檯人員,門市／店員／專櫃人員,,,,行政人員,電腦操作／資料輸入,秘書,財務／會計助理,檔案資料管理人員
晨間廚房,晨間廚房早午餐正職人員(五股自強）,儲備幹部,,,,,調酒師／吧台人員,餐廚助手,洗碗人員,其他料理廚師,門市／店員／專櫃人員
晨間廚房,晨間廚房早午餐正職人員(板橋致理）,儲備幹部,,,,,調酒師／吧台人員,門市／店員／專櫃人員,餐廚助手,餐飲服務人員,其他料理廚師
曾子校,【曾子校】國小部助教,補習班導師,,,,,補習班主任／主管,教保員／保育員,品管／品保主管,資材主管,安親課輔老師
曾子校國小部,【曾子校國小部】高年級補習班老師,國小教師,補習班導師,,,,補習班主任／主管,品管／品保主管,課業輔導老師,資材主管,升學補習班老師
期貨,[115年下半年實習] 計量交易部期貨自營科實習生(實習僅能選擇一項投遞),數據分析師／資料分析師,工讀生,,,,資材人員,生管／助理,券商後線人員,倉管／物料管理員,倉儲物流人員
期貨,【期貨自營】夜盤交易員,金融研究人員,理財專員,,,,倉管／物料管理員,倉儲物流人員,理貨人員,生鮮處理人員,包裝員／作業員
期貨,台股分析師 / 研究員 (康和期貨顧問事業部),金融專業主管,金融研究人員,,,,工業工程師,材料分析員,化學／化工工程師,生物科技研發人員,環境分析研究員
期貨,客服人員(期貨),電話客服人員,券商後線人員,,,,資材人員,生管／助理,倉管／物料管理員,倉儲物流人員,國貿人員
期貨,康和期貨營業員(台中分公司),金融營業人員,,,,,生鮮處理人員,倉管／物料管理員,資材人員,倉儲物流人員,資材主管
期貨,康和期貨營業員(法人二部),金融營業人員,理財專員,金融研究人員,,,資材主管,資材人員,倉管／物料管理員,倉儲物流人員,外務／快遞／送貨
期貨,康和期貨營業員(營業一部),國內業務人員,金融營業人員,,,,資材主管,資材人員,倉管／物料管理員,智慧製程工程師,儲備幹部
期貨,康和期貨營業員(營業二部),金融營業人員,,,,,資材主管,資材人員,倉管／物料管理員,儲備幹部,智慧製程工程師
期貨,康和期貨營業員(高雄分公司),金融營業人員,理財專員,金融研究人員,,,倉管／物料管理員,倉儲物流人員,理貨人員,資材人員,外務／快遞／送貨
期貨,期貨顧問部,財務分析／財務人員,金融研究人員,理財專員,,,倉管／物料管理員,資材人員,資材主管,理貨人員,倉儲物流人員
期貨,期貨－業務員,金融營業人員,,,,,國外業務人員,國貿人員,報關人員,廣告AE,資材人員
期貨,期貨－業務員(台中),金融營業人員,,,,,國外業務人員,國貿人員,資材人員,文字客服,報關人員
期貨,期貨－稽核人員,稽核人員,券商後線人員,,,,資材人員,倉儲物流人員,倉管／物料管理員,理貨人員,生管／助理
期貨,知名期貨業 國外法人部經理,金融營業人員,國外業務人員,,,,資材主管,運輸物流類主管,券商後線人員,資材人員,倉管／物料管理員
期貨,知名證券期貨業 交易結算部主管,金融專業主管,,,,,券商後線人員,理財專員,資材主管,運輸物流類主管,資材人員
期貨,知名證券期貨業 顧問事業部主管,金融專業主管,,,,,事務部船員,船上作業人員,專案管理主管,輪機部船員,商業分析師
期貨,顧問事業部主管(康和期貨顧問事業部),金融研究人員,金融專業主管,,,,事務部船員,專案管理主管,船上作業人員,企管顧問,輪機部船員
木川泵浦 高雄服務處,【木川泵浦 高雄服務處】物流技術員(送貨),小客車／小貨車司機,外務／快遞／送貨,,,,塑膠押出技術人員,技術人員,電機技師／工程師,電機設備裝配員,水電工
本土人壽,【本土人壽】保單發單人員,會計／出納／記帳人員,財務／會計助理,行政人員,,,倉管／物料管理員,資材人員,倉儲物流人員,報關人員,理貨人員
本土人壽,📌內湖《本土人壽》電話接聽人員_無業績壓力,行政人員,,,,,電話客服人員,客服人員,國外業務人員,國貿人員,國貿助理
朱崙老人公寓,【朱崙老人公寓】兼職廚師,中式廚師,其他料理廚師,,,,調酒師／吧台人員,冷熱飲調製人員,外送人員,洗碗人員,餐廚助手
朵頤牛排,【朵頤牛排】★服務專員★ 起薪38000起＿歡迎無經驗者加入【新莊區】,餐飲服務人員,,,,,門市／店員／專櫃人員,調酒師／吧台人員,房務人員,飯店／旅館服務人員,冷熱飲調製人員
李西餐廳,【李西餐廳 外場正職】36000起 ；業績獎金+1000~ 3000,餐飲服務人員,,,,,門市／店員／專櫃人員,客服主管,業務助理,資材人員,售票／收銀人員
杏子豬排-內湖Citylink店,幹部/組長【杏子豬排-內湖Citylink店】月薪40000-49000#另有門市達標獎金!,日式廚師,餐飲服務人員,餐廚助手,,,品管／品保主管,調酒師／吧台人員,店長／門市管理人員,餐飲主管,儲備幹部
杏子豬排-南港Citylink店,幹部/組長【杏子豬排-南港Citylink店】月薪40000-49000#另有門市達標獎金!,餐飲服務人員,餐廚助手,日式廚師,,,品管／品保主管,調酒師／吧台人員,店長／門市管理人員,儲備幹部,餐飲主管
杏子豬排-微風南京店,幹部/組長【杏子豬排-微風南京店】月薪40000-49000#另有門市達標獎金!,中式廚師,其他料理廚師,日式廚師,,,品管／品保主管,調酒師／吧台人員,店長／門市管理人員,餐飲主管,儲備幹部
杏子豬排-新莊幸福店,幹部/組長【杏子豬排-新莊幸福店】月薪40000-49000#另有門市達標獎金!,日式廚師,餐飲服務人員,餐廚助手,,,品管／品保主管,調酒師／吧台人員,店長／門市管理人員,餐飲主管,儲備幹部
杰莉時尚國際,杰莉時尚國際有限公司 ｜ 品牌主管全方位助理 （PT),工讀生,攝影助理,美編人員,,,行銷企劃助理,秘書,行政人員,特別助理,電腦操作／資料輸入
東元,【東元關係企業】(外勤)設備助理工程師 #無經驗可#提供培訓,系統工程師,產品設備維修人員,,,,冷凍空調繪圖／設計,室內設計助理,機械設計／繪圖人員,工程助理,軟體助理工程師
東元,日班計時布服作業員(東元綜合醫院),工讀生,其他醫療從業人員,,,,倉管／物料管理員,資材人員,倉儲物流人員,售票／收銀人員,房務人員
東元,資深人資專員【內部正職】東慧國際新竹分公司 #東元集團關係企業,人事／人力資源主管,,,,,餐廚助手,稽核人員,客服人員,稽核主管,電話客服人員
東區日亞美牙醫,【東區日亞美牙醫】數位矯正設計師,牙體技術人員,其他醫療從業人員,,,,數位IC設計工程師,工業設計,平面設計,PLC／自動控制工程師,建築繪圖／設計
東方翡翠台中店,助理小幫手【東方翡翠台中店】30000~68000元起，薪資和福利優於行情，全省實體門市。,國內業務人員,客服人員,門市／店員／專櫃人員,,,電腦操作／資料輸入,財務／會計助理,秘書,業務助理,行政人員
東方翡翠新竹店,助理小幫手【東方翡翠新竹店】30000~68000元起，薪資和福利優於行情，全省實體門市。,國內業務人員,客服人員,門市／店員／專櫃人員,,,電腦操作／資料輸入,財務／會計助理,秘書,行政人員,業務助理
東森,【中區】東森REGAL SPA夜班資深美容師/芳療師,美容師,美療師／芳療師,,,,休閒娛樂事業從業人員,售票／收銀人員,調酒師／吧台人員,冷熱飲調製人員,門市／店員／專櫃人員
東森,【中區】東森REGAL SPA美容師/芳療師,美容師,美療師／芳療師,,,,調酒師／吧台人員,冷熱飲調製人員,飯店／旅館服務人員,休閒娛樂事業從業人員,售票／收銀人員
東森,【北區】東森REGAL SPA副店長(台北市)-挑戰高薪，視店業績另有績效獎金,美容師,美療師／芳療師,店長／門市管理人員,,,儲備幹部,國內業務人員,客服主管,國外業務主管,神秘客
東森,【北區】東森REGAL SPA副店長(新北市)-挑戰高薪，視店業績另有績效獎金,美容師,美療師／芳療師,店長／門市管理人員,,,儲備幹部,國內業務人員,客服主管,國外業務主管,神秘客
東森,【北區】東森REGAL SPA夜班資深美容師/芳療師(台北市),美容師,美療師／芳療師,,,,調酒師／吧台人員,冷熱飲調製人員,售票／收銀人員,門市／店員／專櫃人員,飯店／旅館服務人員
東森,【北區】東森REGAL SPA店長(台北市)-挑戰高薪，視店業績另有績效獎金,美容師,美療師／芳療師,店長／門市管理人員,,,儲備幹部,國內業務人員,客服主管,神秘客,國外業務主管
東森,【北區】東森REGAL SPA店長(新北市)-挑戰高薪，視店業績另有績效獎金,美容師,美療師／芳療師,店長／門市管理人員,,,儲備幹部,國內業務人員,客服主管,神秘客,國外業務主管
東森,【北區】東森REGAL SPA櫃檯人員(台北市),美療師／芳療師,,,,,飯店／旅館櫃檯人員,禮賓接待人員,飯店／旅館服務人員,總機／接待／櫃檯人員,銀行辦事人員
東森,【北區】東森REGAL SPA美容師/芳療師(台北市),美容師,美療師／芳療師,,,,調酒師／吧台人員,冷熱飲調製人員,飯店／旅館服務人員,售票／收銀人員,門市／店員／專櫃人員
東森,【北區】東森REGAL SPA美容師/芳療師(新北市),美容師,美療師／芳療師,,,,調酒師／吧台人員,冷熱飲調製人員,飯店／旅館服務人員,售票／收銀人員,門市／店員／專櫃人員
東森,【南區】東森REGAL SPA夜班資深美容師/芳療師,美容師,美療師／芳療師,,,,售票／收銀人員,調酒師／吧台人員,冷熱飲調製人員,休閒娛樂事業從業人員,遊樂景點工作人員
東森,【南區】東森REGAL SPA美容師/芳療師,美容師,美療師／芳療師,,,,調酒師／吧台人員,冷熱飲調製人員,售票／收銀人員,飯店／旅館服務人員,門市／店員／專櫃人員
東森,【年薪 300 萬+ 尋找事業合夥人】東森 Regal SPA 業務營運長,經營管理主管,國內業務主管,,,,國貿人員,國外業務人員,報關人員,廣告AE,國貿助理
東森,【強力徵才】東森房屋★華江一路團隊★房仲帶組夥伴/業務菁英$高獎金制度。歡迎您來了解!!,不動產經紀人／營業員,,,,,國貿人員,國外業務人員,國貿助理,業務助理,採購助理
東森,不動產經紀人/營業員／業務（東森房屋　八里中華加盟店）,不動產經紀人／營業員,,,,,國內業務主管,國外業務主管,國外業務人員,國內業務人員,保險業務員／經紀人
東森,東森REGAL SPA4夜班資深美容師/芳療師,美容師,美療師／芳療師,,,,售票／收銀人員,休閒娛樂事業從業人員,遊樂景點工作人員,加油服務,調酒師／吧台人員
東森,東森REGAL SPA櫃檯人員,美療師／芳療師,,,,,飯店／旅館櫃檯人員,禮賓接待人員,銀行辦事人員,總機／接待／櫃檯人員,診所助理
東森,東森REGAL SPA美容師/芳療師,美容師,美療師／芳療師,,,,調酒師／吧台人員,售票／收銀人員,飯店／旅館服務人員,冷熱飲調製人員,休閒娛樂事業從業人員
東森,東森房屋彰化二林店/徵不動產營業員、無經驗、二度就業可,不動產經紀人／營業員,,,,,門市／店員／專櫃人員,房務人員,儲備幹部,客服主管,營建雜工／粗工
東興店,健身教練(World Gym台中東興店),運動教練,才藝類老師,,,,調酒師／吧台人員,冷熱飲調製人員,侍酒師,門市／店員／專櫃人員,品管／品保主管
東興店,健身諮詢專員(World Gym台中東興店),國內業務人員,產品企劃人員,電話行銷人員,,,門市／店員／專櫃人員,神秘客,調酒師／吧台人員,售票／收銀人員,客服主管
東興店,客服工讀生(World Gym台中東興店),客服人員,門市／店員／專櫃人員,總機／接待／櫃檯人員,,,業務助理,資材人員,電腦操作／資料輸入,文字客服,秘書
東興店,斯朵利東興店 招募儲備主管 設計師 助理 無經驗可,美髮助理,髮型設計師,,,,室內設計助理,資訊助理人員,軟體助理工程師,設計助理,執行製作／助理
東興店,斯朵利髮型(東興店）誠徵助理師、準設計師、設計師~~,髮型設計師,美髮助理,,,,室內設計助理,設計助理,冷凍空調繪圖／設計,軟體助理工程師,UI/UX設計師
東興店,東興店-驗光師(生),驗光師,,,,,調酒師／吧台人員,冷熱飲調製人員,品管人員,門市／店員／專櫃人員,智慧製程工程師
東興店,活動促銷工讀生(World Gym台中東興店),工讀生,,,,,門市／店員／專櫃人員,活動企劃人員,行銷企劃人員,售票／收銀人員,廣告設計
東興店,清潔人員(World Gym台中東興店),清潔／資源回收人員,,,,,房務人員,調酒師／吧台人員,冷熱飲調製人員,門市／店員／專櫃人員,洗碗人員
東興店,藍盤子(東興店)早餐店兼職人員,餐廚助手,餐飲服務人員,,,,冷熱飲調製人員,調酒師／吧台人員,飯店／旅館服務人員,門市／店員／專櫃人員,侍酒師
杷記韓式料理,【杷記韓式料理】 外場全職服務人員,餐飲服務人員,餐飲領班,,,,門市／店員／專櫃人員,飯店／旅館服務人員,調酒師／吧台人員,冷熱飲調製人員,售票／收銀人員
杷記韓式料理,【杷記韓式料理】 外場兼職服務人員,餐飲服務人員,,,,,調酒師／吧台人員,飯店／旅館服務人員,門市／店員／專櫃人員,冷熱飲調製人員,侍酒師
松山店,【兼職】摩斯松山店(mos102),餐飲服務人員,,,,,調酒師／吧台人員,外送人員,門市／店員／專櫃人員,冷熱飲調製人員,飯店／旅館服務人員
松山店,【正職】CITYLINK松山店_顧客服務專員 Customer Advisor-R00000004166163,門市／店員／專櫃人員,,,,,國貿人員,國貿助理,文字客服,業務助理,採購助理
松山店,外場服務人員(松山店),餐飲服務人員,,,,,調酒師／吧台人員,門市／店員／專櫃人員,飯店／旅館服務人員,冷熱飲調製人員,侍酒師
松山店,工作夥伴(松山店),餐廚助手,餐飲服務人員,,,,門市／店員／專櫃人員,資材人員,售票／收銀人員,調酒師／吧台人員,遊樂景點工作人員
松山店,皮膚管理師-露琺意LuVaii台北松山店,美容助理,美容師,美療師／芳療師,,,資材主管,獸醫／獸醫佐,店長／門市管理人員,品管／品保主管,智慧製程工程師
松山店,髮型設計師(松山店),髮型設計師,美髮講師／技導,整體造型師,,,工業設計,平面設計,建築繪圖／設計,服裝設計,水電工程師
松竹,557 台中松竹餐廳 服務員(兼職),餐飲服務人員,餐廚助手,,,,調酒師／吧台人員,飯店／旅館服務人員,侍酒師,門市／店員／專櫃人員,冷熱飲調製人員
松竹,◆北屯區◆半日社區經理【松竹五路二段附近】,總幹事,管理員,保全人員／警衛,,,資材主管,儲備幹部,產品經理,店長／門市管理人員,金融營業人員
松竹,【固定白班．上市公司穩定保障】日照照服員｜台中北屯｜松竹日照｜青松長照,照顧服務／指導員,,,,,調酒師／吧台人員,門市／店員／專櫃人員,侍酒師,售票／收銀人員,飯店／旅館服務人員
松竹,北區松竹二店 斯朵利美甲美學概念館 誠徵 美甲助理無經驗可／美甲師／美甲儲備幹部,美甲彩繪師,,,,,售票／收銀人員,美甲助理,資材人員,生管／助理,資訊助理人員
松竹,台中市-北屯區-松竹路三段-社區經理-日班,總幹事,,,,,餐飲主管,門市／店員／專櫃人員,資材主管,調酒師／吧台人員,店長／門市管理人員
松竹,國小輔導導師(徐薇松竹分校),課業輔導老師,,,,,教保員／保育員,安親課輔老師,升學補習班老師,國小教師,幼教老師
松竹,松竹校-兼職國小中文作業對答案人員,安親課輔老師,課業輔導老師,其他教育類老師,,,電腦補習班老師,校對人員,飯店／旅館櫃檯人員,電話客服人員,電腦操作／資料輸入
松誼企管,【松誼企管】專案經理 Project Manager #238,企管顧問,專業顧問,教育訓練人員,,,軟體專案主管,保險業務員／經紀人,軟體相關管理師,專案業務主管,文字客服
板橋中山店,健身諮詢專員(World Gym板橋中山店),國內業務人員,產品企劃人員,電話行銷人員,,,門市／店員／專櫃人員,神秘客,產品經理,客服主管,電話客服人員
板橋中山店,西堤板橋中山店-廚藝助理,餐廚助手,其他料理廚師,西式廚師,,,藥師助理,門市／店員／專櫃人員,電腦操作／資料輸入,售票／收銀人員,業務助理
板橋中山店,這一小鍋板橋中山店【平假日PT招募】鍋物饗宴，共創美味,餐飲服務人員,,,,,侍酒師,調酒師／吧台人員,餐飲主管,飯店／旅館服務人員,門市／店員／專櫃人員
板橋四川店,汽修技師/半技師/學徒-板橋四川店,汽車引擎技術人員,汽車維修人員,,,,CNC車床人員,壓鑄模具技術人員,放電加工技術人員,電機技師／工程師,汽車檢驗員
板橋大遠百,CONI美容顧問【板橋大遠百】專櫃保障薪資32000~36000,門市／店員／專櫃人員,,,,,水電工程師,消防專業人員,客服主管,神秘客,ISO品保人員
板橋大遠百店,【兼職】板橋大遠百店_顧客服務專員 Customer Advisor-R00000004166221,門市／店員／專櫃人員,,,,,文字客服,國貿人員,國貿助理,業務助理,採購助理
板橋大遠百店,【正職】板橋大遠百店_顧客服務專員 Customer Advisor-R00000004166148,門市／店員／專櫃人員,,,,,國貿人員,文字客服,國貿助理,業務助理,採購助理
板橋廠,[板橋廠] 機械維修員,機械操作人員,,,,,電機設備裝配員,電機技師／工程師,技術人員,模具技術人員,機械加工技術人員
板橋廠,[板橋廠] 貨車司機助手,大貨車司機,運輸調度管理人員,,,,車縫人員,廠務助理,工程助理,組裝組立技術人員,理貨人員
板橋廠,[板橋廠]備料,倉儲物流人員,倉管／物料管理員,,,,智慧製程工程師,電機技師／工程師,水電工,電機設備裝配員,CNC車床人員
板橋廠,[板橋廠]印前繪圖人員,平面設計,美編人員,,,,印前製作人員,大圖輸出後製人員,工業設計,冷凍空調繪圖／設計,CAD／CAM工程師
板橋廠,[板橋廠]紙器生產技術員(需輪日班、晚班)(一個禮拜輪一次)(有意者再投),包裝員／作業員,機械操作人員,,,,技術人員,CNC車床人員,電機設備裝配員,電機技師／工程師,汽車檢驗員
板橋愛買店,門市業務人員-(板橋愛買店),門市／店員／專櫃人員,門市／店員／專櫃人員,,,,業務助理,國貿助理,活動企劃人員,國外業務人員,秘書
板橋門市,板橋門市服務技師,水電工程師,技術人員,產品設備維修人員,,,門市／店員／專櫃人員,智慧製程工程師,調酒師／吧台人員,飯店／旅館服務人員,售票／收銀人員
林口員升廠,急徵 - 【林口員升廠】廠務助理 (無經驗可),倉管／物料管理員,理貨人員,,,,生管／助理,採購助理,保稅人員,資訊助理人員,軟體助理工程師
林口好好,［林口好好］兼職托育人員(歡迎護理系日間部),教保員／保育員,保母／托育人員,,,,專科護理師,護理師,護理長,聽力師,照顧服務／指導員
林口店,假日班工讀人員(林口店),餐飲服務人員,餐廚助手,,,,冷熱飲調製人員,門市／店員／專櫃人員,調酒師／吧台人員,飯店／旅館服務人員,售票／收銀人員
林口店,千葉火鍋林口店-熟食廚師,中式廚師,,,,,調酒師／吧台人員,冷熱飲調製人員,侍酒師,飯店／旅館服務人員,門市／店員／專櫃人員
林口店,千葉餐飲集團【林口店 熟食廚師】完整培訓・挑戰高薪！(林口店) (林口店),中式廚師,,,,,西式廚師,調酒師／吧台人員,洗碗人員,餐廚助手,其他料理廚師
林口店,夜班清潔人員-林口店,清潔／資源回收人員,家事服務／洗衣,,,,房務人員,冷熱飲調製人員,門市／店員／專櫃人員,售票／收銀人員,調酒師／吧台人員
林口店,托育人員(林口店),保母／托育人員,,,,,教保員／保育員,幼教老師,安親課輔老師,冷熱飲調製人員,升學補習班老師
林口店,早班工讀人員(林口店),餐飲服務人員,餐廚助手,,,,冷熱飲調製人員,門市／店員／專櫃人員,調酒師／吧台人員,飯店／旅館服務人員,售票／收銀人員
林口店,晚班工讀人員(林口店),餐飲服務人員,餐廚助手,,,,冷熱飲調製人員,門市／店員／專櫃人員,飯店／旅館服務人員,調酒師／吧台人員,售票／收銀人員
林口店,林口店-正職服務人員【高規格環境】,餐飲服務人員,,,,,調酒師／吧台人員,門市／店員／專櫃人員,冷熱飲調製人員,飯店／旅館服務人員,售票／收銀人員
林口店,林口店_保養廠技師,汽車維修人員,汽車引擎技術人員,其他車輛維修人員,,,智慧製程工程師,塑膠押出技術人員,電機技師／工程師,技術人員,模具技術人員
林口店,林口店_保養廠資深技師,汽車維修人員,汽車引擎技術人員,其他車輛維修人員,,,智慧製程工程師,塑膠押出技術人員,電機技師／工程師,技術人員,模具技術人員
林口店,業務設計師/助理設計師-林口店(室內設計、系統櫃),室內設計師,國內業務人員,景觀設計人員,,,國貿助理,秘書,業務助理,採購助理,活動企劃人員
林口店,汽車烤漆/學徒 龜山林口店/桃園八德店自行排假,噴漆技術人員,塗裝技術人員,技術人員,,,調酒師／吧台人員,木工,CNC車床人員,智慧製程工程師,汽車檢驗員
林口店,清潔人員(World Gym桃園林口店),清潔／資源回收人員,工讀生,,,,洗碗人員,房務人員,調酒師／吧台人員,冷熱飲調製人員,門市／店員／專櫃人員
林口店,白天清潔人員-林口店,清潔／資源回收人員,家事服務／洗衣,,,,冷熱飲調製人員,房務人員,門市／店員／專櫃人員,調酒師／吧台人員,洗碗人員
林口店,金仙魯肉飯林口店 -【儲備幹部】,中式廚師,日式廚師,西式廚師,,,調酒師／吧台人員,餐飲主管,店長／門市管理人員,品管／品保主管,侍酒師
林口店,金仙魯肉飯林口店-外場服務人員,餐飲服務人員,,,,,調酒師／吧台人員,飯店／旅館服務人員,侍酒師,冷熱飲調製人員,門市／店員／專櫃人員
林口店,餐飲服務林口店計時人員(中晚夜),工讀生,總機／接待／櫃檯人員,休閒娛樂事業從業人員,餐飲服務人員,,冷熱飲調製人員,調酒師／吧台人員,門市／店員／專櫃人員,飯店／旅館服務人員,餐飲主管
林口店,髮型設計師(環球林口店),髮型設計師,美髮講師／技導,整體造型師,,,工業設計,平面設計,建築繪圖／設計,水電工程師,服裝設計
林口店,龜山林口店 (中班) 美容師｜芳療師-有7高抽成,美療師／芳療師,美容師,推拿／按摩師,,,休閒娛樂事業從業人員,調酒師／吧台人員,門市／店員／專櫃人員,售票／收銀人員,冷熱飲調製人員
林口店,龜山林口店 (夜班) 美容師｜芳療師-有7高抽成,美療師／芳療師,美容師,推拿／按摩師,,,調酒師／吧台人員,門市／店員／專櫃人員,售票／收銀人員,冷熱飲調製人員,休閒娛樂事業從業人員
林口店,龜山林口店 (早班) 美容師｜芳療師-有7高抽成,美療師／芳療師,美容師,推拿／按摩師,,,調酒師／吧台人員,門市／店員／專櫃人員,售票／收銀人員,冷熱飲調製人員,休閒娛樂事業從業人員
林口店,龜山林口店 (晚班) 美容師｜芳療師-有7高抽成,美療師／芳療師,美容師,推拿／按摩師,,,調酒師／吧台人員,門市／店員／專櫃人員,售票／收銀人員,冷熱飲調製人員,休閒娛樂事業從業人員
林口康橋中學部,【林口康橋中學部】學務處舍務組 舍務課輔代理專員,學校行政人員,安親課輔老師,,,,領班／管理幹部,空服人員,資材人員,事務部船員,禮儀師
林口康橋總務處,【林口康橋總務處】交通組 隨車導護,工讀生,教保員／保育員,,,,護理助理(護佐),照顧服務／指導員,診所助理,隨車人員,聽力師
林口康橋總務處,【林口康橋總務處】團膳組 團膳專員,行政人員,,,,,調酒師／吧台人員,冷熱飲調製人員,飯店／旅館服務人員,門市／店員／專櫃人員,侍酒師
林口康橋行政處,【林口康橋行政處】人資組 人資組長,人事／人力資源專員,人事／人力資源主管,,,,行政人員,電腦操作／資料輸入,秘書,財務／會計助理,總務人員
林口廠,**食品廠(林口廠近醒吾)** 品管助理 (計時人員) 夜校生可 ★時薪210元★,包裝員／作業員,工讀生,,,,生管／助理,資訊助理人員,採購助理,影片製作技術人員,執行製作／助理
林口廠,HR24022-廠務值班工程師｜林口廠｜,廠務,廠務助理,,,,BIOS工程師,機械加工技術人員,組裝組立技術人員,IC佈局工程師,工程助理
林口廠,HR24022-廠務工程師｜林口廠/五股廠｜,廠務,廠務助理,,,,BIOS工程師,組裝組立技術人員,電機設備裝配員,CNC車床人員,機械加工技術人員
林口廠,M23005-生產組長/儲備幹部｜應屆可｜日班｜林口廠,領班／管理幹部,工廠高階主管,,,,生管主管,塑膠押出技術人員,塑膠模具技術人員,模具技術人員,智慧製程工程師
林口廠,P類-3D錫膏印刷自動光學檢測機 (SPI)製造工程師(林口廠),生產技術／製程工程師,生產設備工程師,,,,塑膠模具技術人員,模具技術人員,金屬模具技術人員,鑄造／鍛造模具技術人員,智慧製程工程師
林口廠,Q22007-CQA客戶品質工程師 CQA Customer Quality Engineer｜林口廠/五股廠｜,品保工程師,產品設備維修人員,客服人員,,,BIOS工程師,工業設計,IC佈局工程師,PLC／自動控制工程師,PCB-Layout佈局工程師
林口廠,Q24001-品質系統工程師Quality Systems Engineer｜林口廠/五股廠｜,品管人員,品保工程師,,,,BIOS工程師,IC佈局工程師,PLC／自動控制工程師,工業設計,PCB-Layout佈局工程師
林口廠,SHE25087-職安高級管理師｜林口廠/五股廠｜,職業安全衛生管理人員,職業安全衛生管理師,工廠安全衛生人員,,,領班／管理幹部,水電工,CNC車床人員,汽車檢驗員,塑膠押出技術人員
林口廠,【B-L】Helpdesk 工程師 / Helpdesk 助理工程師(林口廠),系統工程師,資安工程師,,,,工程助理,光電／半導體工程助理,冷凍空調繪圖／設計,機械設計／繪圖人員,室內設計助理
林口廠,【B-L】資安工程師/資深資安工程師(林口廠),資安工程師,,,,,BIOS工程師,EMC／安規工程人員,可靠度工程師,IC佈局工程師,電子工程師
林口廠,【M-L】光學薄膜PLC電控工程師(林口廠),生產技術／製程工程師,生產設備工程師,,,,機構工程師,電機設備裝配員,BIOS工程師,PLC／自動控制工程師,電機技師／工程師
林口廠,【M-L】光學薄膜機構工程師(林口廠),生產技術／製程工程師,生產設備工程師,,,,機構工程師,BIOS工程師,零組件工程師,電機設備裝配員,半導體製程工程師
林口廠,【M-L】光學薄膜理級主管(林口廠),生產技術／製程工程師,生產設備工程師,,,,壓鑄模具技術人員,生管主管,領班／管理幹部,生產線工程師,電機工程主管
林口廠,【M-L】光學薄膜製程整合工程師(林口廠),生產技術／製程工程師,生產設備工程師,,,,太陽能技術工程師,鉗工,MES工程師,CNC車床人員,機械設備組裝測試人員
林口廠,【M-L】光學薄膜製程整合資深工程師(林口廠),生產技術／製程工程師,生產設備工程師,,,,太陽能技術工程師,鉗工,CNC車床人員,汽車檢驗員,MES工程師
林口廠,【M-L】光學薄膜設備工程師(林口廠),生產技術／製程工程師,生產設備工程師,,,,BIOS工程師,機構工程師,IC佈局工程師,零組件工程師,光電工程師
林口廠,【M-L】塗佈製程工程師-日/夜班(林口廠),生產技術／製程工程師,,,,,塑膠押出技術人員,模具技術人員,電機技師／工程師,智慧製程工程師,CNC車床人員
林口廠,【M-L】廠務工程師(林口廠),廠務,廠務助理,,,,BIOS工程師,IC佈局工程師,工程助理,測量／儀校人員,組裝組立技術人員
林口廠,【M-L】熔煉研拋助理工程師/工程師(林口廠),生產技術／製程工程師,生產設備工程師,,,,工程助理,助理研究人員,光電／半導體工程助理,冷凍空調繪圖／設計,CNC程式設計師
林口廠,【M-L】熔煉製程改善工程師(林口廠),生產技術／製程工程師,生產設備工程師,,,,鑄造／鍛造模具技術人員,智慧製程工程師,汽車檢驗員,金屬模具技術人員,模具技術人員
林口廠,【M-L】薄膜及塗佈部門-協理級主管(林口廠),經營管理主管,,,,,生管主管,生產技術／製程工程師,領班／管理幹部,電機工程主管,資材主管
林口廠,【Q-L】品質系統課長  (林口廠),品保工程師,品管／品保主管,,,,PLC／自動控制工程師,工業設計,PCB-Layout佈局工程師,水電工程師,產品管理師
林口廠,【T-L】法規/技資工程師(林口廠),實驗／化驗人員,品保工程師,,,,電機設備裝配員,電機技師／工程師,模具技術人員,機械加工技術人員,技術人員
林口廠,【T-L】製程與材料驗證、異常分析 助理工程師(林口廠),實驗／化驗人員,品保工程師,,,,工程助理,材料分析員,機械操作人員,生產技術／製程工程師,CNC程式設計師
林口廠,【日商山崎｜林口廠】 工務人員｜正職｜久任獎金｜供宿舍,水電工,電機設備裝配員,,,,資材人員,房務人員,生管／助理,門市／店員／專櫃人員,神秘客
林口廠,【林口廠】生產設備主任,廠務,生產設備工程師,,,,生管主管,智慧製程工程師,電機技師／工程師,電機設備裝配員,電機工程主管
林口廠,工務專員(大夜班)(林口廠區),產品設備維修人員,電子設備維修人員,電機設備裝配員,,,客服工程師,嵌入式工程師,冷凍空調繪圖／設計,FAE工程師,軟體工程師
林口廠,工務專員(林口廠區),產品設備維修人員,電子設備維修人員,電機設備裝配員,,,嵌入式工程師,客服工程師,軟體工程師,IC設計工程師,現場規劃工程師
林口廠,引擎技師(林口廠),汽車引擎技術人員,,,,,汽車檢驗員,電機技師／工程師,電機設備裝配員,塑膠押出技術人員,CNC車床人員
林口廠,服務廠服務專員（林口廠）,行政人員,,,,,領班／管理幹部,機械加工技術人員,空服人員,水電工,電子設備維修人員
林口廠,總裁專職司機暨總務管理師｜林口廠/五股廠｜,總務人員,行政人員,,,,領班／管理幹部,總務主管,水電工,運輸調度管理人員,技術支援主管
林口廠,配貨課儲備幹部(林口廠區),倉儲物流人員,,,,,塑膠押出技術人員,電機技師／工程師,壓鑄模具技術人員,電機設備裝配員,生管主管
林口廠,電商林口廠-維修助理,電器產品維修人員,,,,,生管／助理,影片製作技術人員,車縫人員,組裝組立技術人員,工程助理
林口廠,電商行政人員～林口廠,電腦操作／資料輸入,客服人員,倉管／物料管理員,行政人員,業務助理,生管／助理,國貿人員,報關人員,資材人員,保稅人員
林口所,【林口所】午班裝卸員,堆高機操作人員,機械操作人員,吊車／起重機相關操作人員,,,包裝員／作業員,倉管／物料管理員,理貨人員,倉儲物流人員,CNC車床人員
林口所,【林口所】夜班裝卸員,堆高機操作人員,機械操作人員,吊車／起重機相關操作人員,,,包裝員／作業員,倉管／物料管理員,理貨人員,倉儲物流人員,生鮮處理人員
林口美光,林口美光駐廠設備助理工程師,技術人員,機械操作人員,產品設備維修人員,,,光電／半導體工程助理,冷凍空調繪圖／設計,工程助理,機械設計／繪圖人員,棚內技術工程人員
林口華亞,📩 // 龜山林口華亞  「周領３０００」  ✨作業員-RT,檢驗人員,組裝組立技術人員,,,,倉管／物料管理員,包裝員／作業員,生鮮處理人員,倉儲物流人員,資材人員
林口長庚店,倉管助理計時人員(林口長庚店),門市／店員／專櫃人員,工讀生,,,,生管／助理,採購助理,電腦操作／資料輸入,國貿助理,倉儲物流人員
林口長庚店,🔥外場正職｜享享鍋物 林口長庚店🔥,餐飲服務人員,總機／接待／櫃檯人員,餐廚助手,洗碗人員,生鮮處理人員,調酒師／吧台人員,侍酒師,飯店／旅館服務人員,冷熱飲調製人員,門市／店員／專櫃人員
柏滋企業股份,生管人員／／柏滋企業股份有限公司,生管／助理,採購人員,廠務,,,智慧製程工程師,資材主管,資材人員,生管主管,電機技師／工程師
桃園八德區 漢來物管,【桃園八德區 漢來物管】假日班社區餐飲秘書,餐飲服務人員,調酒師／吧台人員,餐廚助手,,,電腦操作／資料輸入,秘書,業務助理,財務／會計助理,採購助理
桃園台茂,ZARA_Senior Sales Assistant資深門市銷售-桃園台茂門市,店長／門市管理人員,門市／店員／專櫃人員,,,,行銷企劃助理,秘書,國貿助理,媒體公關人員,業務助理
桃園台茂,【桃園台茂】外場領班/副理｜完整培訓、晉升透明 - 瓦城集團,餐飲主管,餐飲服務人員,飯店／旅館主管,,,資材人員,生管／助理,電腦操作／資料輸入,售票／收銀人員,秘書
桃園台茂,【正職】桃園台茂購物中心店_顧客服務專員 Customer Advisor-R00000004166169,門市／店員／專櫃人員,,,,,文字客服,國貿助理,國貿人員,業務助理,採購助理
桃園台茂,兼職清潔人員(World Gym桃園台茂店),清潔／資源回收人員,,,,,調酒師／吧台人員,冷熱飲調製人員,洗碗人員,房務人員,外送人員
桃園台茂,客服工讀生(World Gym桃園台茂店),工讀生,,,,,資材人員,業務助理,電話客服人員,文字客服,電腦操作／資料輸入
桃園台茂,尖牙義式廚房 正職儲備幹部-桃園台茂店【薪優38000~40000】(含入職金),餐飲服務人員,餐廚助手,餐飲領班,,,調酒師／吧台人員,品管／品保主管,西式廚師,儲備幹部,店長／門市管理人員
桃園台茂,桃園台茂-島語自助餐廳 服務員 PT,餐飲服務人員,工讀生,,,,調酒師／吧台人員,飯店／旅館服務人員,侍酒師,門市／店員／專櫃人員,冷熱飲調製人員
桃園台茂,桃園台茂-島語自助餐廳廚房(點心) A廚師/B廚師,其他料理廚師,西點蛋糕師,,,,調酒師／吧台人員,侍酒師,冷熱飲調製人員,門市／店員／專櫃人員,飯店／旅館服務人員
桃園台茂,桃園台茂-島語自助餐廳廚房(點心) PT,西點蛋糕師,其他料理廚師,,,,調酒師／吧台人員,侍酒師,門市／店員／專櫃人員,飯店／旅館服務人員,冷熱飲調製人員
桃園台茂,桃園台茂-漢來上海湯包 副主任,餐飲服務人員,,,,,調酒師／吧台人員,品管／品保主管,資材主管,資材人員,智慧製程工程師
桃園台茂,桃園台茂-漢來上海湯包 工讀生 PT,餐飲服務人員,,,,,飯店／旅館服務人員,冷熱飲調製人員,調酒師／吧台人員,門市／店員／專櫃人員,工讀生
桃園台茂,桃園台茂-漢來上海湯包 服務員,餐飲服務人員,,,,,調酒師／吧台人員,飯店／旅館服務人員,冷熱飲調製人員,門市／店員／專櫃人員,房務人員
桃園台茂,桃園台茂-漢來上海湯包 領班,餐飲服務人員,餐飲主管,飯店／旅館主管,,,木工,智慧製程工程師,領班／管理幹部,水電工,調酒師／吧台人員
桃園台茂,桃園台茂-漢來上海湯包廚房 工讀生 PT,中式廚師,餐廚助手,,,,調酒師／吧台人員,房務人員,飯店／旅館服務人員,冷熱飲調製人員,門市／店員／專櫃人員
桃園台茂,桃園台茂店｜早班員工餐廚師,中式廚師,其他料理廚師,,,,調酒師／吧台人員,冷熱飲調製人員,西式廚師,洗碗人員,侍酒師
桃園台茂,桃園台茂店｜時薪250元｜兼職午班/晚班外場,工讀生,,,,,調酒師／吧台人員,冷熱飲調製人員,門市／店員／專櫃人員,外送人員,侍酒師
桃園台茂,活動促銷工讀生(World Gym桃園台茂店),工讀生,,,,,門市／店員／專櫃人員,活動企劃人員,行銷企劃人員,廣告設計,售票／收銀人員
桃園台茂,清潔人員(World Gym桃園台茂店),清潔／資源回收人員,,,,,洗碗人員,房務人員,調酒師／吧台人員,冷熱飲調製人員,門市／店員／專櫃人員
桃園大江,ZARA_ Senior Sales Assistant資深門市銷售_桃園大江門市,店長／門市管理人員,,,,,行銷企劃助理,媒體公關人員,秘書,國貿助理,活動企劃人員
桃園大江,【桃園大江】快時尚國際服飾品牌Assistant Store Manager｜喜歡時尚與管理的你別錯過！_OCS302,店長／門市管理人員,店長／門市管理人員,,,,電腦操作／資料輸入,售票／收銀人員,秘書,國貿助理,業務助理
桃園大遠百門市,全職廚房人員【桃園大遠百門市】,餐廚助手,,,,,調酒師／吧台人員,門市／店員／專櫃人員,冷熱飲調製人員,飯店／旅館服務人員,房務人員
桃園大遠百門市,外場服務人員【桃園大遠百門市】,餐飲服務人員,餐飲領班,,,,調酒師／吧台人員,冷熱飲調製人員,門市／店員／專櫃人員,飯店／旅館服務人員,侍酒師
桃園市_蝦皮店到店,【桃園市_蝦皮店到店】物流理貨員早/晚班PT/月薪全職🔥依地區提供津貼🔥,門市／店員／專櫃人員,,,,,倉管／物料管理員,生鮮處理人員,倉儲物流人員,理貨人員,包裝員／作業員
桃園市_蝦皮智取店,【桃園市_蝦皮智取店】物流理貨員早/晚班PT🔥依地區提供津貼🔥_HH415,門市／店員／專櫃人員,,,,,倉管／物料管理員,生鮮處理人員,倉儲物流人員,理貨人員,包裝員／作業員
桃園新光影城店,【桃園新光影城店】兼職服務員-歡迎親洽,餐飲服務人員,,,,,飯店／旅館服務人員,冷熱飲調製人員,調酒師／吧台人員,門市／店員／專櫃人員,侍酒師
桃園春日店,【桃園春日店】銷售業務兼翻譯工作人員（日文工作人員）※店長 / 副店長候補,門市／店員／專櫃人員,日文翻譯／口譯人員,,,,國內業務人員,越南翻譯／口譯人員,國外業務人員,國貿助理,業務助理
桃園春日店,桃園春日店 (中班) 美容師｜芳療師-有7高抽成,美療師／芳療師,美容師,推拿／按摩師,,,調酒師／吧台人員,冷熱飲調製人員,門市／店員／專櫃人員,售票／收銀人員,休閒娛樂事業從業人員
桃園春日店,桃園春日店 (夜班) 美容師｜芳療師-有7高抽成,美療師／芳療師,美容師,推拿／按摩師,,,調酒師／吧台人員,冷熱飲調製人員,門市／店員／專櫃人員,侍酒師,售票／收銀人員
桃園春日店,桃園春日店 (早班) 美容師｜芳療師-有7高抽成,美療師／芳療師,美容師,推拿／按摩師,,,調酒師／吧台人員,冷熱飲調製人員,門市／店員／專櫃人員,侍酒師,售票／收銀人員
桃園春日店,桃園春日店 (晚班) 美容師｜芳療師-有7高抽成,美療師／芳療師,美容師,推拿／按摩師,,,調酒師／吧台人員,冷熱飲調製人員,門市／店員／專櫃人員,侍酒師,售票／收銀人員
桃園門市,桃園門市服務技師,水電工程師,技術人員,產品設備維修人員,,,智慧製程工程師,門市／店員／專櫃人員,PLC／自動控制工程師,電機技師／工程師,水電工
桃園龍潭店,【兼職】摩斯桃園龍潭店(178mos),餐飲服務人員,,,,,調酒師／吧台人員,外送人員,冷熱飲調製人員,門市／店員／專櫃人員,侍酒師
桃園龍潭店,【驗光師/生：實領6萬/月休9天/上班9小時（保障薪資/無業績壓力）】大倉酷眼鏡-桃園龍潭店＜請檢附照片＞,驗光師,門市／店員／專櫃人員,,,,倉管／物料管理員,資材人員,技術人員,PLC／自動控制工程師,檢驗人員
桃園龍潭店,業務新手-專人輔導(桃園龍潭店),不動產經紀人／營業員,國內業務主管,國內業務人員,,,國貿人員,國貿助理,國外業務人員,業務助理,秘書
梁社漢龜山文興店,【梁社漢龜山文興店】 兼職人員,餐廚助手,,,,,調酒師／吧台人員,冷熱飲調製人員,飯店／旅館服務人員,門市／店員／專櫃人員,侍酒師
梅園餐廳,【梅園餐廳】助理廚師,餐廚助手,中式廚師,,,,門市／店員／專櫃人員,藥師助理,調酒師／吧台人員,電腦操作／資料輸入,售票／收銀人員
梅子鰻魚屋,【梅子鰻魚屋】助理廚師,日式廚師,其他料理廚師,,,,藥師助理,餐廚助手,電腦操作／資料輸入,門市／店員／專櫃人員,冷熱飲調製人員
楊梅店,【兼職】摩斯桃園楊梅店(188mos),餐飲服務人員,,,,,調酒師／吧台人員,外送人員,冷熱飲調製人員,門市／店員／專櫃人員,侍酒師
楊梅店,【擴大徵才~保障年薪150萬】藥師儲備主管培訓計畫｜核心管理團隊~楊梅店,藥師,,,,,儲備幹部,品管／品保主管,電機工程主管,客服主管,店長／門市管理人員
楊梅店,【驗光師/生：實領6萬/月休9天/上班9小時（保障薪資/無業績壓力）】大倉酷眼鏡-桃園楊梅店＜請檢附照片＞,驗光師,門市／店員／專櫃人員,,,,倉管／物料管理員,資材人員,技術人員,PLC／自動控制工程師,倉儲物流人員
楊梅店,桃竹 汽車銷售營業員-楊梅店,國內業務人員,汽車銷售人員,,,,門市／店員／專櫃人員,店長／門市管理人員,儲備幹部,產品經理,售票／收銀人員
楊梅店,楊梅店-驗光師,驗光師,,,,,調酒師／吧台人員,冷熱飲調製人員,品管人員,智慧製程工程師,門市／店員／專櫃人員
楊梅店,楊梅店_保養廠技師,汽車維修人員,汽車引擎技術人員,其他車輛維修人員,,,智慧製程工程師,塑膠押出技術人員,電機技師／工程師,汽車檢驗員,技術人員
楊梅店,活動促銷工讀生(World Gym桃園楊梅店),工讀生,,,,,活動企劃人員,門市／店員／專櫃人員,行銷企劃人員,廣告設計,行銷企劃助理
楊梅店,涮你識貨★涮金鍋楊梅店★ 晚班兼職夥伴,餐飲服務人員,餐廚助手,,,,飯店／旅館服務人員,門市／店員／專櫃人員,侍酒師,調酒師／吧台人員,售票／收銀人員
楊梅店,清潔人員(World Gym桃園楊梅店),清潔／資源回收人員,工讀生,,,,房務人員,洗碗人員,冷熱飲調製人員,調酒師／吧台人員,門市／店員／專櫃人員
楊梅廠,CNC銑床-冷氣房作業(楊梅廠),CNC銑床人員,傳統銑床人員,,,,CNC車床人員,包裝員／作業員,電機技師／工程師,水電工,智慧製程工程師
楊梅廠,FAE (楊梅廠),FAE工程師,RF通訊工程師,國內業務人員,,,CNC車床人員,智慧製程工程師,水電工,電機技師／工程師,PLC／自動控制工程師
楊梅廠,【勞安室】工安工程師 (楊梅廠區)☆到職滿6個月，留任獎金最高20400元☆,職業安全衛生管理人員,,,,,工業設計,營建雜工／粗工,熱傳工程師,PLC／自動控制工程師,工地品管員／工程師
楊梅廠,【廠務】機電系統工程師(楊梅廠),廠務,機電技師／工程師,,,,PLC／自動控制工程師,電子設備維修人員,電機設備裝配員,機械加工技術人員,工業設計
楊梅廠,"【欣興電子 楊梅廠區】研發、製程/整合、製造、設備/自動化 工程職缺 ☆到職滿6個月,留任獎金最高20400元☆《歡迎應屆畢業》",生產技術／製程工程師,化學／化工工程師,材料研發人員,,,電機設備裝配員,電機技師／工程師,機械加工技術人員,PLC／自動控制工程師,模具技術人員
楊梅廠,【環安廠務類】廠務技術師/助理技術工程師 (楊梅廠區)☆到職滿6個月，留任獎金最高17800元☆,環保／環境工程師／技師,廠務,,,,工程助理,組裝組立技術人員,生產技術／製程工程師,機械操作人員,冷凍空調繪圖／設計
楊梅廠,【產能規劃類】生管工程師（楊梅廠區）☆到職滿6個月，留任獎金最高20400元☆,生管／助理,,,,,電機技師／工程師,PLC／自動控制工程師,電機設備裝配員,機構工程師,生管主管
楊梅廠,乙級職安管理人員(技術士)(楊梅廠),職業安全衛生管理人員,,,,,電器產品維修人員,電機設備裝配員,技術人員,機械加工技術人員,電機技師／工程師
楊梅廠,人資管理師(楊梅廠),行政人員,人事／人力資源專員,人事助理,,,領班／管理幹部,水電工,生管主管,電機技師／工程師,CNC車床人員
楊梅廠,午餐幫廚人員(欣興電子-楊梅廠),餐飲服務人員,餐廚助手,,,,生管／助理,門市／店員／專櫃人員,藥師助理,生鮮處理人員,資材人員
楊梅廠,夜班廠務工程師(楊梅廠),廠務助理,廠務,,,,BIOS工程師,電子設備維修人員,IC佈局工程師,冷凍空調繪圖／設計,冷凍空調技術人員／安裝員
楊梅廠,廠務工程師 (桃園南崁廠/楊梅廠),廠務助理,廠務,,,,BIOS工程師,機械加工技術人員,電機設備裝配員,IC佈局工程師,電子設備維修人員
楊梅廠,樣品管理師 (楊梅廠),電腦操作／資料輸入,業務助理,行政人員,,,檢驗人員,品管人員,水電工,領班／管理幹部,原料檢驗人員
楊梅廠,生產工程師(楊梅廠),生產技術／製程工程師,生產線工程師,,,,智慧製程工程師,電機技師／工程師,電機設備裝配員,模具技術人員,塑膠押出技術人員
楊梅廠,精密設備搬運人員(無經驗)-(楊梅廠),搬運人員,,,,,CNC車床人員,塑膠押出技術人員,機械加工技術人員,電機設備裝配員,電機技師／工程師
楊梅廠,製程工程師(楊梅廠),化學／化工工程師,生產技術／製程工程師,生產線工程師,,,智慧製程工程師,電機技師／工程師,電機設備裝配員,塑膠押出技術人員,CNC車床人員
楊梅廠,製程整合工程師 (楊梅廠),生產技術／製程工程師,生產線工程師,品保工程師,,,鉗工,太陽能技術工程師,智慧製程工程師,電機技師／工程師,電機設備裝配員
楊梅廠,計劃排程工程師(楊梅廠),生管／助理,工業工程師,倉儲物流人員,,,水電工程師,工業設計,IC佈局工程師,BIOS工程師,結構技師／工程師
楊梅廠,設備工程師(楊梅廠),生產設備工程師,,,,,水電工程師,工業設計,PLC／自動控制工程師,BIOS工程師,機構工程師
楊梅廠,隨車人員(楊梅廠）,隨車人員,,,,,CNC車床人員,汽車檢驗員,汽車維修人員,機車維修人員,吊車／起重機相關操作人員
楊梅電研,儲備幹部-楊梅電研【月薪3萬6起】冷鏈物流/無經驗可,倉儲物流人員,儲備幹部,,,,工業工程師,電機技師／工程師,電機設備裝配員,智慧製程工程師,電子工程師
楊梅電研,楊梅社區日班櫃檯保全、（楊梅電研路）,管理員,保全人員／警衛,,,,臨床／實驗室研究人員,法務人員,生物安全管理人員,環境分析研究員,聲學／噪音工程師
楠梓-德祥店,【楠梓-德祥店】爐台學徒,中式廚師,鐵板燒廚師,餐飲服務人員,,,調酒師／吧台人員,冷熱飲調製人員,外務／快遞／送貨,外送人員,洗碗人員
樂多多,"【 樂多多集團 新品牌烤鴨】主廚 薪資 60,000元 ~ 80,000元 含加班費及全勤 - 米其林指標/有熱情、挑戰米其林等級夥伴",中式廚師,西式廚師,食品研發人員,,,調酒師／吧台人員,營建雜工／粗工,洗碗人員,冷熱飲調製人員,餐廚助手
樂多多,【樂多多集團 】中區展店開發專員/主任/課長- 米其林指標/有熱情、挑戰米其林等級夥伴,特別助理,不動產經紀人／營業員,,,,儲備幹部,客服主管,國內業務人員,店長／門市管理人員,水電工程師
樂多多,【樂多多集團 】北區展店開發專員/主任/課長- 米其林指標/有熱情、挑戰米其林等級夥伴,特別助理,不動產經紀人／營業員,,,,儲備幹部,客服主管,國內業務人員,店長／門市管理人員,水電工程師
樂多多,【樂多多集團 】南區展店開發專員/主任/課長- 米其林指標/有熱情、挑戰米其林等級夥伴,特別助理,不動產經紀人／營業員,,,,儲備幹部,客服主管,國內業務人員,店長／門市管理人員,水電工程師
樂多多,【樂多多集團 新品牌烤鴨】廚房中工，待遇優 - 米其林指標/有熱情、挑戰米其林等級夥伴,中式廚師,其他料理廚師,西式廚師,,,調酒師／吧台人員,飯店／旅館服務人員,餐飲主管,門市／店員／專櫃人員,侍酒師
樂多多,【樂多多集團 鳳梨酥專賣店】主廚 - 米其林指標/有熱情、挑戰米其林等級夥伴,麵包師,西點蛋糕師,,,,調酒師／吧台人員,侍酒師,冷熱飲調製人員,飯店／旅館服務人員,門市／店員／專櫃人員
樂多多,【樂多多集團】人資行政部 專員/主管 - 米其林指標/有熱情、挑戰米其林等級夥伴,人事／人力資源主管,人事／人力資源專員,,,,行政主管,資材人員,客服主管,電腦操作／資料輸入,售票／收銀人員
樂多多,【樂多多集團】印尼營運店主管 薪資7~15萬- 米其林指標/有熱情、挑戰米其林等級夥伴,經營管理主管,國內業務主管,,,,調酒師／吧台人員,餐飲主管,品管／品保主管,店長／門市管理人員,侍酒師
樂多多,【樂多多集團】國際營運部-主管(需外派)-鐵板燒- 米其林指標/有熱情、挑戰米其林等級夥伴,經營管理主管,國外業務主管,,,,品管／品保主管,飯店／旅館主管,店長／門市管理人員,調酒師／吧台人員,資材主管
樂多多,【樂多多集團】工程部 行政管理師 - 米其林指標/有熱情、挑戰米其林等級夥伴,行政人員,工務助理,,,,資料庫管理人員,CAD／CAM工程師,建築繪圖／設計,客服工程師,軟體專案主管
樂多多,【樂多多集團】工程部-室內設計助理- 米其林指標/有熱情、挑戰米其林等級夥伴,室內設計師,,,,,室內設計助理,冷凍空調繪圖／設計,CAD／CAM工程師,UI/UX設計師,設計助理
樂多多,【樂多多集團】工程部-室內設計師- 米其林指標/有熱情、挑戰米其林等級夥伴,室內設計師,,,,,水電工程師,平面設計,結構技師／工程師,CAD／CAM工程師,室內設計助理
樂多多,【樂多多集團】新加坡營運店主管 薪資7~15萬- 米其林指標/有熱情、挑戰米其林等級夥伴,經營管理主管,國內業務主管,,,,餐飲主管,調酒師／吧台人員,品管／品保主管,店長／門市管理人員,侍酒師
樂多多,【樂多多集團】新品牌海外主管- 米其林指標/有熱情、挑戰米其林等級夥伴,經營管理主管,國外業務主管,,,,調酒師／吧台人員,餐飲主管,店長／門市管理人員,侍酒師,品管／品保主管
樂多多,【樂多多集團】法務部主管(課長/副理/經理) - 具律師資格，米其林指標/有熱情、挑戰米其林等級夥伴,法務人員,律師,,,,飯店／旅館主管,儲備幹部,法務主管,經營管理主管,店長／門市管理人員
樂多多,【樂多多集團】法務部主管(課長/副理/經理) - 米其林指標/有熱情、挑戰米其林等級夥伴,法務人員,,,,,儲備幹部,飯店／旅館主管,法務主管,店長／門市管理人員,品管／品保主管
樂多多,【樂多多集團】營業訓練部 專員 - 米其林指標/有熱情、挑戰米其林等級夥伴,教育訓練人員,餐飲主管,,,,儲備幹部,營建雜工／粗工,資材主管,智慧製程工程師,品管／品保主管
樂多多,【樂多多集團】營業訓練部主管 - 米其林指標/有熱情、挑戰米其林等級夥伴,經營管理主管,人事／人力資源主管,,,,儲備幹部,品管／品保主管,店長／門市管理人員,飯店／旅館主管,資材主管
樂多多,【樂多多集團】營運主管-中區區經理 薪資7~10萬- 米其林指標/有熱情、挑戰米其林等級夥伴,經營管理主管,國內業務主管,,,,餐飲主管,店長／門市管理人員,飯店／旅館主管,旅遊休閒類主管,資材主管
樂多多,【樂多多集團】營運店主管 薪資5~7萬含加班費及全勤- 米其林指標/有熱情、挑戰米其林等級夥伴,餐飲主管,飯店／旅館服務人員,餐飲服務人員,,,智慧製程工程師,資材主管,營建雜工／粗工,電機工程主管,品管／品保主管
樂多多,【樂多多集團】研發行政助理,調酒師／吧台人員,西點蛋糕師,食品研發人員,,,採購助理,秘書,行政人員,財務／會計助理,國貿助理
樂多多,【樂多多集團】米其林一星餐廳主廚/副主廚 - 米其林指標/有熱情、挑戰米其林等級夥伴,日式廚師,西式廚師,食品研發人員,,,調酒師／吧台人員,侍酒師,餐飲主管,飯店／旅館服務人員,冷熱飲調製人員
樂多多,【樂多多集團】美國LA品牌主管-鐵板燒 - 米其林指標/有熱情、挑戰米其林等級夥伴,經營管理主管,國內業務主管,,,,調酒師／吧台人員,侍酒師,品管／品保主管,餐飲主管,店長／門市管理人員
樂多多,【樂多多集團】美國LA新品牌店主管-鐵板燒 - 米其林指標/有熱情、挑戰米其林等級夥伴,經營管理主管,廣告／行銷企劃主管,媒體公關主管,,,調酒師／吧台人員,餐飲主管,品管／品保主管,侍酒師,店長／門市管理人員
樂多多,【樂多多集團】美國各州營運店主管 薪資7~25萬- 米其林指標/有熱情、挑戰米其林等級夥伴,經營管理主管,國內業務主管,,,,餐飲主管,調酒師／吧台人員,品管／品保主管,店長／門市管理人員,侍酒師
樂多多,【樂多多集團】英國營運店主管 薪資7~30萬- 米其林指標/有熱情、挑戰米其林等級夥伴 12/29更新,經營管理主管,國內業務主管,,,,調酒師／吧台人員,品管／品保主管,餐飲主管,店長／門市管理人員,侍酒師
樂多多,【樂多多集團】行銷部 品牌社群經營 管理師/主任-米其林指標/有熱情、挑戰米其林等級夥伴,網站企劃人員,廣告文案企劃人員,行銷企劃助理,,,飯店／旅館主管,廣告／行銷企劃主管,儲備幹部,產品企劃主管,店長／門市管理人員
樂多多,【樂多多集團】行銷部 媒體小編-米其林指標/有熱情、挑戰米其林等級夥伴,網站企劃人員,廣告文案企劃人員,行銷企劃助理,,,儲備幹部,客服主管,飯店／旅館主管,國內業務人員,售票／收銀人員
樂多多,【樂多多集團】訓練部 行政專員 - 米其林指標/有熱情、挑戰米其林等級夥伴,教育訓練人員,行政助理,,,,資材人員,電腦操作／資料輸入,行政主管,客服主管,秘書
樂多多,【樂多多集團】財務特助- 米其林指標/有熱情、挑戰米其林等級夥伴,財務／會計主管,金融專業主管,經營管理主管,,,財務／會計助理,電腦操作／資料輸入,秘書,行政人員,業務助理
樂多多,【樂多多集團】香港營運店主管 薪資7~15萬- 米其林指標/有熱情、挑戰米其林等級夥伴,經營管理主管,國內業務主管,,,,餐飲主管,調酒師／吧台人員,品管／品保主管,店長／門市管理人員,侍酒師
樂天皇朝,★新展店★ 【樂天皇朝】∣桃園大江店 店副理 月薪50K(依能力給薪)+達標獎金,餐飲主管,店長／門市管理人員,,,,門市／店員／專櫃人員,調酒師／吧台人員,售票／收銀人員,電腦操作／資料輸入,業務助理
樂天皇朝,★新展店★ 【樂天皇朝】∣桃園大江店 服務專員/儲備主管 月薪40K-45K(依能力給薪)+達標獎金,餐飲服務人員,飯店／旅館服務人員,,,,品管／品保主管,調酒師／吧台人員,店長／門市管理人員,餐飲主管,儲備幹部
樂天皇朝,【樂天皇朝】∣信義店  中式廚師爐子助理/中工 月薪40K-45K(依能力給薪)+達標獎金,中式廚師,其他料理廚師,,,,藥師助理,餐廚助手,藥師,門市／店員／專櫃人員,遊樂景點工作人員
樂天皇朝,時薪210！樂天皇朝誠徵假日兼職,餐飲服務人員,餐飲領班,,,,飯店／旅館服務人員,調酒師／吧台人員,冷熱飲調製人員,門市／店員／專櫃人員,外送人員
樂活,【【樂活集團】社團法人(新營區）-大夜班護理人員,專科護理師,護理師,,,,休閒娛樂事業從業人員,遊樂景點工作人員,飯店／旅館服務人員,售票／收銀人員,護理助理(護佐)
樂活,"【日班護理人員】🩺月薪36,214元｜上班日供餐＋年終獎金＋康樂活動＋生日禮金＋員工旅遊",專科護理師,護理師,,,,外送人員,調酒師／吧台人員,冷熱飲調製人員,餐飲服務人員,門市／店員／專櫃人員
樂活,【樂活集團】七股義合日照-日照照服員,照顧服務／指導員,,,,,飯店／旅館服務人員,遊樂景點工作人員,門市／店員／專櫃人員,調酒師／吧台人員,售票／收銀人員
樂活,【樂活集團】七股義合日照-社工人員,社會工作人員／督導,,,,,飯店／旅館服務人員,調酒師／吧台人員,門市／店員／專櫃人員,冷熱飲調製人員,遊樂景點工作人員
樂活,【樂活集團】七股義合日照中心｜護理師｜固定日班｜免輪班｜高穩定職涯,護理師,專科護理師,,,,休閒娛樂事業從業人員,護理長,藥師助理,獸醫／獸醫佐,遊樂景點工作人員
樂活,【樂活集團】七股龍山日照-日照照服員,照顧服務／指導員,,,,,飯店／旅館服務人員,遊樂景點工作人員,門市／店員／專櫃人員,休閒娛樂事業從業人員,調酒師／吧台人員
樂活,【樂活集團】七股龍山日照-社工人員,社會工作人員／督導,,,,,飯店／旅館服務人員,調酒師／吧台人員,門市／店員／專櫃人員,遊樂景點工作人員,休閒娛樂事業從業人員
樂活,【樂活集團】七股龍山日照-護理師,專科護理師,護理師,,,,休閒娛樂事業從業人員,飯店／旅館服務人員,藥師助理,遊樂景點工作人員,門市／店員／專櫃人員
樂活,【樂活集團】七股龍山日照中心｜護理師｜固定日班｜免輪班｜高穩定職涯,護理師,專科護理師,,,,休閒娛樂事業從業人員,護理長,藥師助理,獸醫／獸醫佐,遊樂景點工作人員
樂活,【樂活集團】大和日照-照服員,照顧服務／指導員,,,,,飯店／旅館服務人員,遊樂景點工作人員,門市／店員／專櫃人員,調酒師／吧台人員,休閒娛樂事業從業人員
樂活,【樂活集團】大和日照-護理師,護理師,專科護理師,,,,休閒娛樂事業從業人員,飯店／旅館服務人員,藥師助理,調酒師／吧台人員,遊樂景點工作人員
樂活,【樂活集團】大和社區長照機構-專任社工,社會工作人員／督導,,,,,專任管理員,飯店／旅館服務人員,調酒師／吧台人員,門市／店員／專櫃人員,飯店／旅館櫃檯人員
樂活,【樂活集團】安南日照-專任社工,社會工作人員／督導,,,,,飯店／旅館服務人員,專任管理員,飯店／旅館櫃檯人員,門市／店員／專櫃人員,遊樂景點工作人員
樂活,【樂活集團】安南日照-護理師,護理師,專科護理師,,,,飯店／旅館服務人員,休閒娛樂事業從業人員,遊樂景點工作人員,藥師助理,護理助理(護佐)
樂活,【樂活集團】安南日照中心｜護理師｜固定日班｜免輪班｜高穩定職涯,護理師,專科護理師,,,,休閒娛樂事業從業人員,護理長,飯店／旅館服務人員,藥師助理,遊樂景點工作人員
樂活,【樂活集團】專業照護主管｜教育訓練｜臨床發展｜台南全區,護理師,專科護理師,護理長,,,客服主管,裝潢工程人員,硬體工程研發主管,產品企劃主管,獸醫／獸醫佐
樂活,【樂活集團】居家長照(溪北區)-｜-居家照顧服務員,照顧服務／指導員,,,,,居家服務督導員,房務人員,休閒娛樂事業從業人員,專任管理員,遊樂景點工作人員
樂活,【樂活集團】居家長照(溪南區)｜居服員,照顧服務／指導員,,,,,房務人員,遊樂景點工作人員,居家服務督導員,休閒娛樂事業從業人員,神秘客
樂活,【樂活集團】居家長照(溪南區)｜沐浴車護理師,護理師,,,,,休閒娛樂事業從業人員,照顧服務／指導員,居家服務督導員,護理助理(護佐),動物飼育專業人員
樂活,【樂活集團】居家長照機構(溪南區)-居服員,照顧服務／指導員,,,,,房務人員,空服人員,居家服務督導員,神秘客,遊樂景點工作人員
樂活,【樂活集團】康健/康泰老福機構｜護理師／護士【固定大夜班24:00-08:00｜免輪班｜週休二日｜高夜班津貼】,專科護理師,護理師,,,,休閒娛樂事業從業人員,獸醫／獸醫佐,售票／收銀人員,遊樂景點工作人員,藥師助理
樂活,【樂活集團】康健/康泰老福機構｜護理師／護士【固定小夜班16:00-24:00｜免輪班｜週休二日｜夜班津貼】,專科護理師,護理師,,,,休閒娛樂事業從業人員,獸醫／獸醫佐,遊樂景點工作人員,售票／收銀人員,藥師助理
樂活,【樂活集團】康健/康泰老福機構｜護理師／護士【固定白班08:00-17:00｜免輪班｜週休二日｜生活穩定】,專科護理師,護理師,,,,休閒娛樂事業從業人員,獸醫／獸醫佐,藥師助理,門市／店員／專櫃人員,售票／收銀人員
樂活,【樂活集團】新營日照-專任社工,社會工作人員／督導,,,,,飯店／旅館服務人員,專任管理員,飯店／旅館櫃檯人員,門市／店員／專櫃人員,調酒師／吧台人員
樂活,【樂活集團】新營日照-日照照服員,照顧服務／指導員,,,,,飯店／旅館服務人員,遊樂景點工作人員,門市／店員／專櫃人員,休閒娛樂事業從業人員,調酒師／吧台人員
樂活,【樂活集團】東園老福機構-大夜班護理人員,專科護理師,護理師,,,,休閒娛樂事業從業人員,遊樂景點工作人員,飯店／旅館服務人員,售票／收銀人員,冷熱飲調製人員
樂活,【樂活集團】東園老福機構-小夜班護理人員,專科護理師,護理師,,,,休閒娛樂事業從業人員,遊樂景點工作人員,飯店／旅館服務人員,售票／收銀人員,門市／店員／專櫃人員
樂活,【樂活集團】東園老福機構-日班護理人員,專科護理師,護理師,,,,休閒娛樂事業從業人員,遊樂景點工作人員,飯店／旅館服務人員,護理助理(護佐),售票／收銀人員
樂活,【樂活集團】樂活基金會(新營區）-日照照服員,照顧服務／指導員,,,,,飯店／旅館服務人員,門市／店員／專櫃人員,遊樂景點工作人員,售票／收銀人員,調酒師／吧台人員
樂活,【樂活集團】樂活屋老福機構-行政專員,醫院行政管理人員,護理師,照顧服務／指導員,,,電腦操作／資料輸入,行政人員,秘書,財務／會計助理,業務助理
樂活,【樂活集團】樂活屋老福機構｜日班／小夜班／大夜班護理師（南區）,護理師,專科護理師,,,,調酒師／吧台人員,飯店／旅館服務人員,休閒娛樂事業從業人員,門市／店員／專櫃人員,冷熱飲調製人員
樂活,【樂活集團】樂齡診所-護理師,護理師,專科護理師,,,,休閒娛樂事業從業人員,飯店／旅館服務人員,藥師助理,聽力師,遊樂景點工作人員
樂活,【樂活集團】樂齡診所-門診護理師,護理師,專科護理師,,,,飯店／旅館服務人員,休閒娛樂事業從業人員,冷熱飲調製人員,藥師助理,遊樂景點工作人員
樂活,【樂活集團】樂齡診所｜門診護理師,護理師,專科護理師,,,,休閒娛樂事業從業人員,飯店／旅館服務人員,冷熱飲調製人員,藥師助理,調酒師／吧台人員
樂活,【樂活集團】永夏居家長照機構｜業務負責人(具經驗者佳),護理師,,,,,業務助理,國貿助理,活動企劃人員,國貿人員,國外業務人員
樂活,【樂活集團】永春居家長照機構｜業務負責人(具經驗者佳),護理師,,,,,業務助理,國貿助理,活動企劃人員,國貿人員,秘書
樂活,【樂活集團】永春護家(A單位)-個案管理員,專科護理師,護理師,社會工作人員／督導,,,休閒娛樂事業從業人員,軟體相關管理師,個案管理師,專任管理員,診所助理
樂活,【樂活集團】永春護家-護理長（台南全區）,專科護理師,護理師,,,,休閒娛樂事業從業人員,護理長,護理助理(護佐),飯店／旅館服務人員,聽力師
樂活,【樂活集團】永春護家｜護理長（台南全區）,護理師,專科護理師,,,,休閒娛樂事業從業人員,護理長,聽力師,飯店／旅館服務人員,護理助理(護佐)
樂活,【樂活集團】看護中心(溪南區)-醫院附設看護中心排班督導,儲備幹部,,,,,休閒娛樂事業從業人員,護理長,照顧服務／指導員,動物飼育專業人員,獸醫／獸醫佐
樂活,【樂活集團】看護中心(溪南區)-｜-醫院附設看護中心排班督導,儲備幹部,,,,,休閒娛樂事業從業人員,護理長,照顧服務／指導員,動物飼育專業人員,獸醫／獸醫佐
樂活,【樂活集團】看護中心(高雄路竹秀傳)-醫院附設看護中心照服督導,儲備幹部,,,,,休閒娛樂事業從業人員,護理長,照顧服務／指導員,居家服務督導員,動物飼育專業人員
樂活,【樂活集團】看護中心(高雄路竹秀傳)-醫院附設看護中心財務督導,儲備幹部,,,,,檔案資料管理人員,查帳／審計人員,會計／出納／記帳人員,休閒娛樂事業從業人員,金融營業人員
樂活,【樂活集團】社團法人(新營區)-小夜班護理人員,專科護理師,護理師,,,,休閒娛樂事業從業人員,遊樂景點工作人員,飯店／旅館服務人員,售票／收銀人員,護理助理(護佐)
樂活,【樂活集團】社團法人(新營區）-日班護理人員,專科護理師,護理師,,,,休閒娛樂事業從業人員,護理助理(護佐),遊樂景點工作人員,售票／收銀人員,飯店／旅館服務人員
樂活,【樂活集團】總部(人資部)-招募專員,人事／人力資源專員,人事助理,,,,行政主管,售票／收銀人員,店長／門市管理人員,調酒師／吧台人員,飯店／旅館服務人員
樂活,【樂活集團】總部(人資部)-薪酬專員,人事／人力資源專員,人事助理,,,,售票／收銀人員,飯店／旅館服務人員,調酒師／吧台人員,門市／店員／專櫃人員,冷熱飲調製人員
樂活,【樂活集團】總部(人資部)｜人資／人事行政專員,人事／人力資源專員,人事助理,,,,行政主管,總務人員,行政人員,電腦操作／資料輸入,特別助理
樂活,【樂活集團】總部(人資部)｜招募專員,人事／人力資源專員,人事助理,,,,行政主管,店長／門市管理人員,售票／收銀人員,調酒師／吧台人員,人事／人力資源主管
樂活,【樂活集團】總部(法務部)-法務專員,律師,商標／專利人員,,,,平面設計,法務主管,飯店／旅館服務人員,售票／收銀人員,設計主管
樂活,【樂活集團】總部(溪南區)-營養師,營養師,,,,,餐飲主管,店長／門市管理人員,調酒師／吧台人員,門市／店員／專櫃人員,品管／品保主管
樂活,【樂活集團】總部-人資主管,人事／人力資源主管,人事／人力資源專員,,,,店長／門市管理人員,餐飲主管,飯店／旅館服務人員,調酒師／吧台人員,售票／收銀人員
樂活,【樂活集團】總部-團膳管理人員,食品衛生管理師,行政人員,,,,餐飲主管,調酒師／吧台人員,店長／門市管理人員,飯店／旅館服務人員,門市／店員／專櫃人員
樂活,【樂活集團】總部-廚師,中式廚師,餐廚助手,,,,調酒師／吧台人員,餐飲主管,飯店／旅館服務人員,冷熱飲調製人員,品管／品保主管
樂活,【樂活集團】總部-物理治療師,物理治療師,,,,,資材人員,資材主管,平面設計,獸醫／獸醫佐,設計主管
樂活,【樂活集團】總部-物理治療師助理,物理治療師,,,,,售票／收銀人員,資材人員,診所助理,資訊助理人員,室內設計助理
樂活,【樂活集團】總部｜採購專員,採購人員,,,,,客服主管,資材人員,產品企劃主管,行政主管,採購主管
樂活,【樂活集團】總部｜營養師（健康促進 × 長照專業發展）,營養師,,,,,儲備幹部,經營管理主管,店長／門市管理人員,客服主管,獸醫／獸醫佐
樂活,【樂活集團】總部｜總務主管(集團擴編),總務主管,,,,,行政主管,售票／收銀人員,客服主管,飯店／旅館主管,經營管理主管
樂活,【樂活集團】總部｜資訊專員,系統工程師,MIS工程師,後端工程師,,,飯店／旅館服務人員,售票／收銀人員,調酒師／吧台人員,門市／店員／專櫃人員,冷熱飲調製人員
樂活,【樂活集團】總部｜資訊技術主管(集團擴編),資料科學工程師,,,,,設計主管,電機工程主管,維修技術主管,技術支援主管,生管主管
樂活,【樂活集團】美麗園老福機構｜護理長(安南區),護理師,專科護理師,,,,飯店／旅館服務人員,休閒娛樂事業從業人員,遊樂景點工作人員,售票／收銀人員,護理助理(護佐)
樂活,"【樂活集團】聯合招募｜大醫院體系駐院照服員（保障底薪32,000 + 全透明加班費，月休比照紅字排休）",照顧服務／指導員,,,,,PLC／自動控制工程師,客服主管,水電工程師,專業顧問,消防專業人員
樂活,【樂活集團】蘭亭居護家｜專任社工,社會工作人員／督導,,,,,專任管理員,飯店／旅館服務人員,休閒娛樂事業從業人員,飯店／旅館櫃檯人員,門市／店員／專櫃人員
樂活,【樂活集團】身心障礙人才專區｜,照顧服務／指導員,,,,,休閒娛樂事業從業人員,飯店／旅館服務人員,門市／店員／專櫃人員,調酒師／吧台人員,冷熱飲調製人員
樂活,【樂活集團】醫院整合計畫照服員,照顧服務／指導員,,,,,ERP專案管理師,專任管理員,飯店／旅館櫃檯人員,飯店／旅館服務人員,醫院行政管理人員
樂活,【樂活集團】醫院附設看護中心｜財務督導(柳營奇美醫院),儲備幹部,,,,,檔案資料管理人員,會計／出納／記帳人員,查帳／審計人員,稅務人員,財務分析／財務人員
樂活,【歡迎眼鏡業有經驗人才】樂活眼鏡_門市驗光師/生(台中地區),驗光師,,,,,調酒師／吧台人員,門市／店員／專櫃人員,冷熱飲調製人員,售票／收銀人員,侍酒師
樂活,【歡迎眼鏡業有經驗人才】樂活眼鏡_門市驗光師/生(新北地區),驗光師,,,,,門市／店員／專櫃人員,調酒師／吧台人員,冷熱飲調製人員,售票／收銀人員,神秘客
樂活,【歡迎眼鏡業有經驗人才】樂活眼鏡_門市驗光師/生(新竹地區),驗光師,,,,,門市／店員／專櫃人員,調酒師／吧台人員,冷熱飲調製人員,神秘客,售票／收銀人員
樂活,【歡迎眼鏡業有經驗人才】樂活眼鏡_門市驗光師/生(高雄地區),驗光師,,,,,門市／店員／專櫃人員,調酒師／吧台人員,冷熱飲調製人員,神秘客,售票／收銀人員
樂活,"【護理人員（輪班制）】🩺月薪36,214～45,000元＋津貼｜上班日供餐＋年終獎金＋康樂活動＋生日禮金＋員工旅遊",專科護理師,護理師,,,,調酒師／吧台人員,冷熱飲調製人員,外送人員,餐飲服務人員,侍酒師
樂活,八五樂活德安居家-居服員,照顧服務／指導員,照顧實務指導員,,,,房務人員,神秘客,飯店／旅館服務人員,遊樂景點工作人員,空服人員
樂活,小松鼠樂活村護理師,護理師,專科護理師,其他醫療從業人員,,,休閒娛樂事業從業人員,動物飼育專業人員,聽力師,獸醫／獸醫佐,獸醫助理
樂活,樂活社區日照中心-照顧服務員,照顧服務／指導員,,,,,休閒娛樂事業從業人員,專任管理員,飯店／旅館服務人員,房務人員,遊樂景點工作人員
樂活,樂活管家,照顧服務／指導員,,,,,休閒娛樂事業從業人員,店長／門市管理人員,飯店／旅館服務人員,門市／店員／專櫃人員,專任管理員
樂活,樂活集團｜【兼職/彈性晚班】照顧服務員（歡迎在校生、建教生、夜校生兼職打工！）,照顧服務／指導員,居家服務督導員,,,,專任管理員,飯店／旅館服務人員,休閒娛樂事業從業人員,遊樂景點工作人員,房務人員
樂活,社工員 (聖文生樂活工坊),社會工作人員／督導,,,,,調酒師／吧台人員,飯店／旅館服務人員,冷熱飲調製人員,侍酒師,門市／店員／專櫃人員
樂田麵包 中央工廠,【樂田麵包 中央工廠】日班 西點二手,西點蛋糕師,麵包師,,,,遊樂景點工作人員,飯店／旅館服務人員,調酒師／吧台人員,休閒娛樂事業從業人員,門市／店員／專櫃人員
樂田麵包 中央工廠,【樂田麵包 中央工廠】日班 麵包二手師父,麵包師,西點蛋糕師,,,,調酒師／吧台人員,飯店／旅館服務人員,餐飲主管,冷熱飲調製人員,門市／店員／專櫃人員
樂田麵包 中央工廠,【樂田麵包 中央工廠】晚班 西點二手,西點蛋糕師,麵包師,,,,遊樂景點工作人員,飯店／旅館服務人員,休閒娛樂事業從業人員,調酒師／吧台人員,冷熱飲調製人員
樂田麵包 中央工廠,【樂田麵包 中央工廠】晚班 麵包二手師父,麵包師,西點蛋糕師,,,,調酒師／吧台人員,飯店／旅館服務人員,冷熱飲調製人員,休閒娛樂事業從業人員,門市／店員／專櫃人員
樂福,✨樂福集團★不動產普專菁英★ 無經驗可🔥薪獎5萬＜中信高工加盟店＞,不動產經紀人／營業員,國內業務人員,,,,門市／店員／專櫃人員,房務人員,休閒娛樂事業從業人員,飯店／旅館服務人員,遊樂景點工作人員
樂福,【北區】家樂福環東DC 品保員,倉管／物料管理員,倉儲物流人員,,,,ISO品保人員,門市／店員／專櫃人員,調酒師／吧台人員,飯店／旅館服務人員,售票／收銀人員
樂福,【北區】家樂福環東DC 商管員,倉儲物流人員,倉管／物料管理員,,,,旅遊休閒類主管,客服主管,售票／收銀人員,廣告設計,文字記者
樂福,【地區 三重區】家樂福迎賓服務專員,保全人員／警衛,,,,,飯店／旅館服務人員,門市／店員／專櫃人員,休閒娛樂事業從業人員,遊樂景點工作人員,售票／收銀人員
樂福,【地區 中和區】家樂福賣場服務專員,保全人員／警衛,,,,,門市／店員／專櫃人員,飯店／旅館服務人員,休閒娛樂事業從業人員,遊樂景點工作人員,售票／收銀人員
樂福,【地區 北投區】家樂福賣場服務專員,保全人員／警衛,,,,,門市／店員／專櫃人員,飯店／旅館服務人員,休閒娛樂事業從業人員,售票／收銀人員,遊樂景點工作人員
樂福,【地區 天母區】家樂福手推車整理專員,保全人員／警衛,,,,,售票／收銀人員,飯店／旅館服務人員,門市／店員／專櫃人員,休閒娛樂事業從業人員,冷熱飲調製人員
樂福,【地區 新店區】家樂福日班機動服務專員,保全人員／警衛,,,,,售票／收銀人員,遊樂景點工作人員,房務人員,門市／店員／專櫃人員,資材人員
樂福,【地區 新店區】家樂福晚班機動服務專員,保全人員／警衛,,,,,售票／收銀人員,遊樂景點工作人員,飯店／旅館服務人員,門市／店員／專櫃人員,房務人員
樂福,【地區 松山區】家樂福迎賓服務專員,保全人員／警衛,,,,,飯店／旅館服務人員,休閒娛樂事業從業人員,門市／店員／專櫃人員,遊樂景點工作人員,售票／收銀人員
樂福,【地區 板橋區】家樂福晚班總機哨,保全人員／警衛,,,,,飯店／旅館服務人員,售票／收銀人員,休閒娛樂事業從業人員,禮賓接待人員,門市／店員／專櫃人員
樂福,【地區 板橋區】家樂福機動服務專員,保全人員／警衛,,,,,飯店／旅館服務人員,遊樂景點工作人員,休閒娛樂事業從業人員,售票／收銀人員,房務人員
樂福,【地區 汐科區】家樂福賣場入口服務專員,保全人員／警衛,,,,,門市／店員／專櫃人員,遊樂景點工作人員,飯店／旅館服務人員,休閒娛樂事業從業人員,售票／收銀人員
樂福,不動產經紀業務(台慶不動產-高大家樂福加盟店),不動產經紀人／營業員,,,,,國內業務主管,保險業務員／經紀人,國內業務人員,國外業務主管,國外業務人員
樂福,中信房屋 樂福地產誠徵高專｜高獎金・高收入・高成就！,不動產經紀人／營業員,國內業務人員,,,,房務人員,餐飲主管,門市／店員／專櫃人員,休閒娛樂事業從業人員,飯店／旅館服務人員
樂福,中信房屋 樂福地產｜高獎金・高收入・高成就！,不動產經紀人／營業員,國內業務人員,,,,餐飲主管,門市／店員／專櫃人員,房務人員,休閒娛樂事業從業人員,飯店／旅館服務人員
樂福,內衣專櫃人員(家樂福新店店),門市／店員／專櫃人員,售票／收銀人員,店長／門市管理人員,,,餐廚助手,客服人員,電話客服人員,餐飲服務人員,生鮮處理人員
樂福,台中樂福地產 【菁英】,國內業務人員,不動產經紀人／營業員,,,,飯店／旅館服務人員,門市／店員／專櫃人員,調酒師／吧台人員,侍酒師,售票／收銀人員
樂福,家樂福安平店兼職迎賓人員,總機／接待／櫃檯人員,,,,,飯店／旅館服務人員,調酒師／吧台人員,冷熱飲調製人員,門市／店員／專櫃人員,侍酒師
樂福,家樂福安平店兼職門禁管制人員,總機／接待／櫃檯人員,,,,,冷熱飲調製人員,調酒師／吧台人員,飯店／旅館服務人員,門市／店員／專櫃人員,侍酒師
樂福,家樂福安平店正職迎賓人員,總機／接待／櫃檯人員,樓面管理人員,,,,調酒師／吧台人員,冷熱飲調製人員,門市／店員／專櫃人員,侍酒師,飯店／旅館服務人員
樂福,超強日式餐飲📢薪資每月往上跳.免經驗.新店家樂福.涼爽環境.學生晚班打工.全天兼職領新鈔嗨心Be,工讀生,餐飲服務人員,餐廚助手,,,調酒師／吧台人員,冷熱飲調製人員,門市／店員／專櫃人員,飯店／旅館服務人員,洗碗人員
樂福,辦公宝清潔人員(近內湖家樂福),清潔／資源回收人員,建築物清潔人員,,,,房務人員,電腦操作／資料輸入,行政人員,資材人員,國貿人員
樂福,這一小鍋中壢家樂福店【平假日PT招募】鍋物饗宴，共創美味,餐廚助手,餐飲服務人員,,,,餐飲主管,侍酒師,調酒師／吧台人員,飯店／旅館服務人員,門市／店員／專櫃人員
樂福,門市業務人員-(三重家樂福店),門市／店員／專櫃人員,門市／店員／專櫃人員,,,,業務助理,國貿助理,活動企劃人員,秘書,國外業務人員
樂群店,{中山區樂群店} 美容師/芳療師,美容師,美療師／芳療師,,,,調酒師／吧台人員,門市／店員／專櫃人員,冷熱飲調製人員,休閒娛樂事業從業人員,飯店／旅館服務人員
樂群店,【樂群店】美容師/芳療師,美容師,美療師／芳療師,,,,調酒師／吧台人員,冷熱飲調製人員,飯店／旅館服務人員,門市／店員／專櫃人員,售票／收銀人員
樂麵屋,【樂麵屋】大直美麗華店-廚務專員,餐廚助手,其他料理廚師,西式廚師,,,飯店／旅館服務人員,調酒師／吧台人員,冷熱飲調製人員,侍酒師,門市／店員／專櫃人員
樂麵屋,【樂麵屋】汐止遠雄店-廚務專員,餐廚助手,其他料理廚師,西式廚師,,,飯店／旅館服務人員,調酒師／吧台人員,冷熱飲調製人員,門市／店員／專櫃人員,侍酒師
樹林廠,【新北樹林廠】 臨時工 (日班08:00~17:00) 日薪1700元(每日現領，供餐),清潔／資源回收人員,,,,,包裝員／作業員,生鮮處理人員,倉管／物料管理員,智慧製程工程師,塑膠押出技術人員
樹林廠,【新北樹林廠】室內資源回收分類員、正職作業員【日班】(星期一至星期五08:00~17:00、周休二日),清潔／資源回收人員,,,,,包裝員／作業員,倉管／物料管理員,倉儲物流人員,資材人員,智慧製程工程師
樹林廠,【新北樹林廠】室內資源回收分類員、臨時作業員(日班08:00~17:00),清潔／資源回收人員,,,,,倉管／物料管理員,包裝員／作業員,資材人員,倉儲物流人員,智慧製程工程師
樹林廠,日商食品樹林廠 誠徵 環保設備/廢水操作人員（無經驗可，依經歷核薪）,環保／環境工程師／技師,加油服務,清潔／資源回收人員,,,包裝員／作業員,檢驗人員,技術人員,塑膠押出技術人員,CNC車床人員
樹林廠,"聯華樹林廠保全, 月休十天",保全人員／警衛,管理員,,,,技術人員,水電工,領班／管理幹部,CNC車床人員,電機技師／工程師
樹林廠,身障名額-三峽樹林廠 清潔人員 (正職缺，周休二日),清潔／資源回收人員,,,,,智慧製程工程師,品管人員,水電工,電機技師／工程師,CNC車床人員
櫻花,【櫻花集團關係企業】資材助理管理師,倉管／物料管理員,倉儲物流人員,理貨人員,,,電腦操作／資料輸入,秘書,財務／會計助理,行政人員,業務助理
欣葉 鐘菜,餐廳整理員【欣葉 鐘菜】【欣葉台菜 創始店】,家事服務／洗衣,清潔／資源回收人員,,,,調酒師／吧台人員,侍酒師,冷熱飲調製人員,飯店／旅館服務人員,門市／店員／專櫃人員
欣葉 鐘菜,餐廳整理員【欣葉 鐘菜】月薪34K,家事服務／洗衣,清潔／資源回收人員,洗碗人員,,,調酒師／吧台人員,侍酒師,冷熱飲調製人員,飯店／旅館服務人員,門市／店員／專櫃人員
欣葉NAGOMI 新中山店,訂席/領檯人員36K-42K【欣葉NAGOMI 新中山店】依經驗面試議薪,電話客服人員,總機／接待／櫃檯人員,,,,調酒師／吧台人員,冷熱飲調製人員,資材人員,木工,泥水工相關人員
欣葉NAGOMI 新光A8店,訂席/領檯人員36K-42K【欣葉NAGOMI 新光A8店】依經驗面試議薪,電話客服人員,總機／接待／櫃檯人員,,,,調酒師／吧台人員,冷熱飲調製人員,資材人員,木工,智慧製程工程師
欣葉台菜 南西店,服務專員【欣葉台菜 南西店】月薪36K起,餐飲服務人員,,,,,調酒師／吧台人員,冷熱飲調製人員,門市／店員／專櫃人員,飯店／旅館服務人員,侍酒師
欣葉小聚 南港店,台菜廚師【欣葉小聚 南港店】,中式廚師,,,,,調酒師／吧台人員,冷熱飲調製人員,侍酒師,西式廚師,門市／店員／專櫃人員
欣葉小聚 美麗華店,台菜廚師【欣葉小聚 美麗華店】,中式廚師,,,,,調酒師／吧台人員,冷熱飲調製人員,侍酒師,門市／店員／專櫃人員,西式廚師
歐德傢俱經國店｜南崁展店籌備中,【歐德傢俱經國店｜南崁展店籌備中】  徵業務設計師/助理設計師,國內業務人員,室內設計師,門市／店員／專櫃人員,,,業務助理,國貿助理,秘書,採購助理,活動企劃人員
歐義式,歐義式 外場 晚班兼職人員,餐飲服務人員,,,,,冷熱飲調製人員,調酒師／吧台人員,門市／店員／專櫃人員,飯店／旅館服務人員,售票／收銀人員
歡迎應屆畢業生或無,"幼教老師(📢薪資32000~35000元,歡迎應屆畢業生或無經驗的你加入)",幼教老師,教保員／保育員,保母／托育人員,,,資材人員,智慧製程工程師,PLC／自動控制工程師,木工,神秘客
正隆,板橋紙廠夜班保全（正隆紙廠）,管理員,保全人員／警衛,,,,水電工,技術人員,電機技師／工程師,智慧製程工程師,電機設備裝配員
正隆,正隆紙箱配送(新北板橋)司機自備小貨車/無車者可以協助購車,大貨車司機,,,,,小客車／小貨車司機,外務／快遞／送貨,隨車人員,外送人員,堆高機操作人員
正隆,正隆紙箱配送(桃園大園)司機自備小貨車/無車者可以協助購車,大貨車司機,,,,,小客車／小貨車司機,外務／快遞／送貨,隨車人員,外送人員,堆高機操作人員
武廟店,伊府將鍋燒 武廟店＜兼職人員＞,餐廚助手,餐飲服務人員,,,,飯店／旅館服務人員,調酒師／吧台人員,侍酒師,冷熱飲調製人員,門市／店員／專櫃人員
武廟店,伊府將鍋燒 武廟店＜計時人員＞,餐廚助手,餐飲服務人員,,,,調酒師／吧台人員,侍酒師,冷熱飲調製人員,飯店／旅館服務人員,門市／店員／專櫃人員
武廟店,伊府將鍋燒 ＜兼職＞武廟店,餐廚助手,餐飲服務人員,,,,飯店／旅館服務人員,侍酒師,調酒師／吧台人員,冷熱飲調製人員,咖啡師
武蔵野森珈琲Diner,限早班【時薪222~280】 高雄台鋁店【武蔵野森珈琲Diner】內外場計時人員,工讀生,,,,,餐廚助手,洗碗人員,餐飲服務人員,西式廚師,調酒師／吧台人員
段純貞-信義威秀店,幹部/組長【段純貞-信義威秀店】月薪40000-49000#另有門市達標獎金!,其他料理廚師,,,,,調酒師／吧台人員,儲備幹部,品管／品保主管,資材主管,冷熱飲調製人員
民權店,MEAT IN 燒肉時光 民權店 外場服務生.工作人員 早/晚班/夜班,餐飲服務人員,餐飲主管,餐飲領班,,,門市／店員／專櫃人員,調酒師／吧台人員,飯店／旅館服務人員,冷熱飲調製人員,售票／收銀人員
民權店,MEAT IN 燒肉時光民權店 外場服務生.工作人員 早/晚班/夜班,餐飲服務人員,餐廚助手,,,,門市／店員／專櫃人員,調酒師／吧台人員,飯店／旅館服務人員,冷熱飲調製人員,售票／收銀人員
民權店,【兼職】摩斯民權店(077mos),餐飲服務人員,,,,,調酒師／吧台人員,外送人員,門市／店員／專櫃人員,冷熱飲調製人員,飯店／旅館服務人員
民權店,【兼職】摩斯金門民權店(248mos),餐飲服務人員,,,,,調酒師／吧台人員,冷熱飲調製人員,外送人員,門市／店員／專櫃人員,侍酒師
民權店,【加盟店】美容師 (中壢民權店),美容師,美容助理,,,,門市／店員／專櫃人員,售票／收銀人員,休閒娛樂事業從業人員,餐飲主管,遊樂景點工作人員
民權店,【宜蘭市民權店】剪髮師,髮型設計師,美髮助理,,,,調酒師／吧台人員,冷熱飲調製人員,侍酒師,門市／店員／專櫃人員,餐飲服務人員
民權店,【民權店】美容師✦可獨立操作者,美容師,美療師／芳療師,,,,遊樂景點工作人員,售票／收銀人員,智慧製程工程師,資材人員,木工
民權店,【民權店】美甲師✦可獨立操作者,美甲彩繪師,,,,,木工,智慧製程工程師,倉管／物料管理員,生鮮處理人員,包裝員／作業員
民權店,兼職清潔人員(World Gym永和民權店),清潔／資源回收人員,,,,,洗碗人員,冷熱飲調製人員,調酒師／吧台人員,房務人員,外送人員
民權店,清潔人員(World Gym永和民權店),清潔／資源回收人員,工讀生,,,,洗碗人員,房務人員,冷熱飲調製人員,調酒師／吧台人員,門市／店員／專櫃人員
民權店,連鎖SPA-(民權店)美容師【保障年薪13個月+獎金】免簽約+月休8天+國定假日另外排休,美療師／芳療師,美容師,,,,門市／店員／專櫃人員,休閒娛樂事業從業人員,ISO品保人員,調酒師／吧台人員,品管／品保主管
民權店,青花驕新店民權店-大廳計時人員,餐飲服務人員,,,,,飯店／旅館服務人員,侍酒師,調酒師／吧台人員,冷熱飲調製人員,門市／店員／專櫃人員
民權店,青花驕新店民權店-廚藝助理,中式廚師,餐廚助手,,,,門市／店員／專櫃人員,電腦操作／資料輸入,藥師助理,售票／收銀人員,財務／會計助理
民權店,📢 台灣房屋 民權店｜誠徵有經驗房仲夥伴,不動產經紀人／營業員,,,,,房務人員,神秘客,智慧製程工程師,水電工程師,PLC／自動控制工程師
民權牙科,"禾馨醫療【民權牙科】診間助理(大學36,500起)",診所助理,牙醫助理,,,,動物醫事助理,資訊助理人員,生管／助理,執行製作／助理,電腦操作／資料輸入
民生輝麻辣鍋,【民生輝麻辣鍋】副主廚,中式廚師,其他料理廚師,,,,調酒師／吧台人員,店長／門市管理人員,侍酒師,門市／店員／專櫃人員,品管／品保主管
水鳥 嘉義店,【水鳥 嘉義店】中工學徒,日式廚師,其他料理廚師,,,,中式廚師,生鮮處理人員,工讀生,藥師,藥師助理
水鳥餐廳 斗六店,【水鳥餐廳 斗六店】冷台中工,日式廚師,,,,,調酒師／吧台人員,冷熱飲調製人員,侍酒師,飯店／旅館服務人員,餐飲主管
水鳥餐廳 斗六店,【水鳥餐廳 斗六店】廚房中工,日式廚師,中式廚師,西式廚師,,,調酒師／吧台人員,飯店／旅館服務人員,侍酒師,冷熱飲調製人員,餐飲主管
永仁非營利幼兒園,教師助理員/特教助理員(8小時)[永仁非營利幼兒園],教保員／保育員,幼教老師,,,,攝影助理,資訊助理人員,助教,人事助理,特別助理
永和店,【驗光師/生：實領6萬/月休9天/上班9小時（保障薪資/無業績壓力）】大倉酷眼鏡-新北市永和店＜請檢附照片＞,驗光師,門市／店員／專櫃人員,,,,資材人員,倉管／物料管理員,PLC／自動控制工程師,檢驗人員,包裝員／作業員
永和店,服務人員-永和店 4萬2起,餐飲服務人員,餐廚助手,生鮮處理人員,,,調酒師／吧台人員,冷熱飲調製人員,飯店／旅館服務人員,門市／店員／專櫃人員,侍酒師
永和店,永和店-招聘[月休10天]夜班,餐廚助手,其他料理廚師,,,,冷熱飲調製人員,調酒師／吧台人員,門市／店員／專櫃人員,侍酒師,售票／收銀人員
永和店,永和店-招聘[月休12天]夜班,餐廚助手,其他料理廚師,,,,調酒師／吧台人員,冷熱飲調製人員,門市／店員／專櫃人員,侍酒師,售票／收銀人員
永和店,永和店-招聘[月休4天]夜班,餐廚助手,其他料理廚師,,,,冷熱飲調製人員,調酒師／吧台人員,門市／店員／專櫃人員,侍酒師,售票／收銀人員
永和店,永和店-招聘[月休6天]夜班,餐廚助手,其他料理廚師,,,,冷熱飲調製人員,調酒師／吧台人員,門市／店員／專櫃人員,侍酒師,售票／收銀人員
永和店,永和店-招聘[月休8天]夜班,餐廚助手,其他料理廚師,,,,冷熱飲調製人員,調酒師／吧台人員,門市／店員／專櫃人員,侍酒師,售票／收銀人員
永和店,永和店-驗光師(生),驗光師,,,,,調酒師／吧台人員,冷熱飲調製人員,西式廚師,侍酒師,門市／店員／專櫃人員
永和店,眼鏡儲備驗光人員-永和店,門市／店員／專櫃人員,,,,,品管人員,智慧製程工程師,機構工程師,調酒師／吧台人員,工業設計
永和店,西點二手(永和店),西點蛋糕師,,,,,調酒師／吧台人員,冷熱飲調製人員,西式廚師,門市／店員／專櫃人員,餐廚助手
永和店,"錢櫃永和店-中班月薪服務人員 42,900【任職滿六個月可領取獎金18000元】",餐飲服務人員,,,,,調酒師／吧台人員,冷熱飲調製人員,飯店／旅館服務人員,門市／店員／專櫃人員,售票／收銀人員
永和店,錢櫃永和店-資訊維護人員,網路管理工程師,系統工程師,,,,調酒師／吧台人員,冷熱飲調製人員,門市／店員／專櫃人員,飯店／旅館服務人員,售票／收銀人員
永和耕莘,永和耕莘醫院-失智據點專員,照顧服務／指導員,社會工作人員／督導,護理師,,,遊樂景點工作人員,獸醫／獸醫佐,飯店／旅館櫃檯人員,神秘客,冷熱飲調製人員
永安店,【兼職】摩斯永和永安店(104mos),餐飲服務人員,,,,,調酒師／吧台人員,冷熱飲調製人員,外送人員,侍酒師,門市／店員／專櫃人員
永安店,【桃園永安店】挑戰月薪85K起__門市銷售第二藥師 - 挑戰年薪百萬,藥師,,,,,門市／店員／專櫃人員,侍酒師,調酒師／吧台人員,店長／門市管理人員,儲備幹部
永安店,【永安店】美容師 / 芳療師,美容師,美療師／芳療師,,,,調酒師／吧台人員,冷熱飲調製人員,飯店／旅館服務人員,門市／店員／專櫃人員,售票／收銀人員
永安店,美髮設計師(永安市場站永安店),髮型設計師,美髮助理,整體造型師,,,平面設計,建築繪圖／設計,工業設計,網頁設計,室內設計助理
永安會館,SPA紓壓芳療師【永安會館】無經驗完整職前培訓、高薪免call客無業績、快樂工作氣氛,美容師,美療師／芳療師,推拿／按摩師,,,國外業務人員,國貿人員,資材人員,報關人員,電話客服人員
永安會館,"SPA資深芳療師【永安會館】高薪酬獎金、免call客無業績、集團優渥制度、保障薪資$40,000 （月薪+獎金）",美容師,美療師／芳療師,推拿／按摩師,,,資材人員,神秘客,PLC／自動控制工程師,國外業務人員,工業設計
永強金屬,【永強金屬】業務專員,國內業務人員,,,,,國外業務人員,業務助理,國貿人員,國貿助理,秘書
永慶,◎專人一對一教學◎~永慶不動產營業員,不動產經紀人／營業員,,,,,門市／店員／專櫃人員,儲備幹部,店長／門市管理人員,金融營業人員,資材主管
永慶,★⚝徵淡水竹圍永慶房地產業務員★高薪挑戰★★啟動事業新旅程！★,不動產經紀人／營業員,,,,,國外業務人員,廣告AE,國貿人員,國內業務人員,報關人員
永慶,★⚝徵淡水竹圍永慶房地產高專業務員★高薪挑戰★★收入自己決定！★,不動產經紀人／營業員,,,,,國外業務人員,廣告AE,國內業務人員,國貿人員,報關人員
永慶,★【永慶不動產-大肚海線店】不動產高專經紀人★,國內業務人員,不動產經紀人／營業員,,,,店長／門市管理人員,儲備幹部,門市／店員／專櫃人員,飯店／旅館主管,餐飲主管
永慶,★您最棒的選擇.(享高額獎金){永慶不動產-高鐵榮和店},國內業務人員,不動產經紀人／營業員,,,,門市／店員／專櫃人員,調酒師／吧台人員,冷熱飲調製人員,房務人員,侍酒師
永慶,★永慶不動產淡水竹圍★誠徵業務一起打拼~歡迎二度就業★,不動產經紀人／營業員,,,,,國外業務人員,國貿人員,國貿助理,業務助理,廣告AE
永慶,★永慶不動產淡水竹圍★誠徵高專獎金業務高手★,不動產經紀人／營業員,,,,,國外業務人員,國內業務人員,國貿人員,廣告AE,報關人員
永慶,★無經驗可【業務人員】加入我們永慶不動產，來挑戰百萬年薪,不動產經紀人／營業員,,,,,國外業務人員,國內業務人員,廣告AE,國外業務主管,國貿人員
永慶,☆【永慶不動產-高鐵榮和店】不動產高專經紀人☆首選團隊☆,國內業務人員,不動產經紀人／營業員,,,,門市／店員／專櫃人員,金融營業人員,儲備幹部,資材主管,店長／門市管理人員
永慶,【永慶不動產-三重重新正義店】不動產高專經紀人,國內業務人員,不動產經紀人／營業員,,,,店長／門市管理人員,儲備幹部,門市／店員／專櫃人員,飯店／旅館主管,餐飲主管
永慶,【永慶不動產-大肚海線店】★挑戰突破【薪】極限~(誠徵房仲新手)★,國內業務人員,不動產經紀人／營業員,,,,木工,營建雜工／粗工,智慧製程工程師,PLC／自動控制工程師,工業設計
永慶,【永慶不動產-精誠公益】☆同業轉職我來挺☆領先業界月休8天兼顧生活品質!歡迎轉店!,國內業務人員,不動產經紀人／營業員,通路開發人員,,,房務人員,門市／店員／專櫃人員,神秘客,資材人員,客服主管
永慶,【永慶不動產】副店長,國內業務人員,不動產經紀人／營業員,,,,門市／店員／專櫃人員,店長／門市管理人員,調酒師／吧台人員,儲備幹部,售票／收銀人員
永慶,【永慶不動產】店長,國內業務人員,不動產經紀人／營業員,,,,店長／門市管理人員,門市／店員／專櫃人員,調酒師／吧台人員,儲備幹部,餐飲主管
永慶,【永慶不動產左營至聖店】業務夥伴(無經驗可) 歡迎電洽0918-456-766,不動產經紀人／營業員,國內業務人員,不動產審核／估價師,門市／店員／專櫃人員,估算人員,業務助理,國貿助理,國外業務人員,採購助理,秘書
永慶,【永慶淡水竹圍徵人啟事-TOP Sales】★提供溫馨的職場環境 一起來打拼!!,不動產經紀人／營業員,,,,,資材人員,國內業務人員,國外業務人員,廣告AE,電話客服人員
永慶,【永慶竹圍徵人啟事-TOP Sales】★提供溫馨的職場環境， 一起來打拼事業吧!!,不動產經紀人／營業員,,,,,國內業務人員,資材人員,廣告AE,國外業務人員,電話客服人員
永慶,不動產經紀營業員~(永慶小東南紡店),不動產經紀人／營業員,,,,,店長／門市管理人員,儲備幹部,門市／店員／專櫃人員,飯店／旅館主管,金融營業人員
永慶,永慶不動產 業務人員/周休二日/3-6月保障津貼,儲備幹部,不動產經紀人／營業員,,,,國外業務人員,國內業務人員,報關人員,國貿人員,廣告AE
永慶,永慶不動產 業務人員/周休二日/保障底薪｜3-6月保障津貼,儲備幹部,不動產經紀人／營業員,,,,國外業務人員,國內業務人員,報關人員,廣告AE,國貿人員
永慶,永慶不動產『南崁洛陽豐義旗艦店』 (完整培訓無經驗可),不動產／商場開發人員,不動產經紀人／營業員,國內業務人員,通路開發人員,產品企劃人員,儲備幹部,木工,智慧製程工程師,門市／店員／專櫃人員,資材人員
永慶,永慶不動產儲備店長,不動產經紀人／營業員,土地開發人員,,,,儲備幹部,店長／門市管理人員,門市／店員／專櫃人員,餐飲主管,調酒師／吧台人員
永慶,永慶不動產文山文衡店～專人培訓～歡迎無經驗新人加入,業務助理,不動產經紀人／營業員,,,,門市／店員／專櫃人員,儲備幹部,客服主管,資材人員,資材主管
永慶,永慶不動產文心復興店普專,不動產經紀人／營業員,國內業務人員,,,,門市／店員／專櫃人員,調酒師／吧台人員,冷熱飲調製人員,儲備幹部,侍酒師
永慶,永慶不動產興大學府店普專,不動產經紀人／營業員,國內業務人員,,,,調酒師／吧台人員,門市／店員／專櫃人員,冷熱飲調製人員,侍酒師,店長／門市管理人員
永慶,永慶不動產興大學府店高專,不動產經紀人／營業員,國內業務人員,,,,調酒師／吧台人員,門市／店員／專櫃人員,冷熱飲調製人員,侍酒師,店長／門市管理人員
永慶,永慶不動產｜光陽 Ai 團隊：引領房仲新時代,不動產經紀人／營業員,,,,,木工,房務人員,ISO品保人員,水電工程師,儲備幹部
永慶,永慶藝文團隊  桃園藝文影城店–＜不動產高獎金業務＞ 桃園區,不動產／商場開發人員,,,,,國外業務人員,國內業務人員,國貿人員,廣告AE,國貿助理
永慶,"永慶藝文團隊 南平加盟店 ＜＜不動產高專人員＞＞ 桃園區~歡迎房仲高手,轉換跑道,公司健全福利好",不動產經紀人／營業員,國內業務人員,,,,儲備幹部,資材人員,PLC／自動控制工程師,智慧製程工程師,平面設計
永慶,永慶集團『中路重劃區』 (完整培訓無經驗可),不動產／商場開發人員,不動產經紀人／營業員,國內業務人員,通路開發人員,產品企劃人員,神秘客,水電工程師,PLC／自動控制工程師,工業設計,資材人員
永慶,百萬房仲營業員～永慶不動產～凱璿文山分公司～最優秀團隊,不動產經紀人／營業員,,,,,儲備幹部,資材主管,產品經理,門市／店員／專櫃人員,客服主管
永慶,社宅人員-內壢社宅租賃管理師(駐店在永慶不動產內),不動產經紀人／營業員,國內業務人員,基層管理幹部,,,稽核人員,稽核主管,票務人員／旅行社人員,儲備幹部,客服人員
永慶,選擇比努力更關鍵，歡迎您成為永慶光陽團隊的超級業務,不動產經紀人／營業員,,,,,國外業務人員,廣告AE,國貿人員,客戶成功經理,國內業務人員
永慶,＜永慶不動產桃園大業大興加盟店＞不動產營業員/業務菁英/桃園區,不動產經紀人／營業員,土地開發人員,,,,國外業務人員,業務助理,國貿助理,國貿人員,國外業務主管
永慶左營至聖店,【永慶左營至聖店】不動產營業員，敢於開始，才能找到勝利的路,國內業務人員,汽車銷售人員,醫藥業務代表,,,門市／店員／專櫃人員,調酒師／吧台人員,侍酒師,冷熱飲調製人員,售票／收銀人員
永慶房產,❋永慶房產集團❋科技房仲❋不動產業務❋高獎金❋,汽車銷售人員,保險業務員／經紀人,通路開發人員,,,國外業務人員,國內業務人員,客服工程師,廣告AE,業務工程師
永慶房產,永慶房產集團-公正地政士聯合事務所-代書助理(歡迎不動產相關科系加入).,代書／地政士,法務助理,,,,人事助理,資訊助理人員,媒體公關人員,行銷企劃助理,特別助理
永慶房產,永慶房產集團-公正地政士聯合事務所-儲備代書.,代書／地政士,法務人員,,,,房務人員,資材人員,儲備幹部,神秘客,水電工程師
永慶房產,永慶房產集團☆台慶不動產營業員,國內業務人員,不動產經紀人／營業員,,,,門市／店員／專櫃人員,儲備幹部,調酒師／吧台人員,售票／收銀人員,店長／門市管理人員
永科廠,【永科廠】工安專員,職業安全衛生管理師,職業安全衛生管理人員,工地安全衛生工程師,,,智慧製程工程師,包裝員／作業員,電機技師／工程師,木工,CNC車床人員
永義富國龍華店,【永義富國龍華店】不動產營業專員，人生重要的不是所站的位置，而是朝所嚮的方向衝刺,不動產經紀人／營業員,融資／信用業務人員,保險業務員／經紀人,汽車銷售人員,國內業務人員,門市／店員／專櫃人員,儲備幹部,售票／收銀人員,資材主管,調酒師／吧台人員
永翠非營利幼兒園,徵才【永翠非營利幼兒園】園長 截至115年7月31日止,園長,,,,,木工,營建雜工／粗工,資材人員,神秘客,獸醫／獸醫佐
永翠非營利幼兒園,徵才【永翠非營利幼兒園】特教助理員 截至115年7月31日止,教保員／保育員,幼教老師,特殊教育教師,,,攝影助理,資訊助理人員,人事助理,特別助理,生管／助理
永耕托嬰中心,【永耕托嬰中心】廚工人員,餐廚助手,,,,,冷熱飲調製人員,調酒師／吧台人員,休閒娛樂事業從業人員,工讀生,門市／店員／專櫃人員
汐止-iFG遠雄廣場,資深電商營運專員(汐止-iFG遠雄廣場｜iFG線上購),電商行銷,網站企劃人員,,,,資材人員,倉儲物流人員,國外業務人員,倉管／物料管理員,國貿人員
汐止店,T.M.K 徵美髮助理(保障底薪)汐止店,秘書,,,,,資訊助理人員,生管／助理,攝影助理,媒體公關人員,執行製作／助理
汐止店,T.M.K 徵美髮設計師(保障底薪)汐止店,髮型設計師,整體造型師,,,,水電工程師,PLC／自動控制工程師,工業設計,機構工程師,平面設計
汐止店,兼職清潔人員(World Gym汐止店),清潔／資源回收人員,,,,,洗碗人員,房務人員,冷熱飲調製人員,調酒師／吧台人員,外送人員
汐止店,好樂迪-汐止店 視聽維修技師專員【任職滿六個月可領取獎金18000元】,電器產品維修人員,電子設備維修人員,產品設備維修人員,,,智慧製程工程師,電機技師／工程師,品管人員,水電工,營建雜工／粗工
汐止店,業務設計師/助理設計師-汐止店(室內設計、系統櫃),國內業務人員,室內設計師,,,,國貿助理,秘書,業務助理,採購助理,電腦操作／資料輸入
汐止店,汐止店_行銷人員/展售專員 Sales Advisor,門市／店員／專櫃人員,店長／門市管理人員,餐飲服務人員,,,行銷企劃人員,汽車銷售人員,駐校代表,國內業務人員,廣告AE
汐止店,清潔人員(World Gym汐止店),清潔／資源回收人員,工讀生,,,,房務人員,洗碗人員,冷熱飲調製人員,調酒師／吧台人員,門市／店員／專櫃人員
汐止店,醫美師，醫美諮詢師  (汐止店)+可升遷儲備幹部,門市／店員／專櫃人員,美容師,門市／店員／專櫃人員,,,儲備幹部,產品經理,客服主管,產品企劃主管,獸醫／獸醫佐
汐止店,門市銷售人員-汐止店(室內設計、系統櫃),國內業務人員,櫥窗／會場設計人員,,,,門市／店員／專櫃人員,售票／收銀人員,工業設計,廣告設計,PLC／自動控制工程師
汐止遠雄,【下班就去逛街!!汐止遠雄廣場內】正常上下班！週休還見紅休 ! 搶手高時薪職缺 ! #ST19,倉管／物料管理員,倉儲物流人員,,,,餐廚助手,餐飲服務人員,生鮮處理人員,洗碗人員,門市／店員／專櫃人員
汐止遠雄,【兼職】摩斯汐止遠雄店(287mos),餐飲服務人員,,,,,外送人員,調酒師／吧台人員,門市／店員／專櫃人員,冷熱飲調製人員,侍酒師
汐止遠雄,【汐止遠雄】兼職門市助理,門市／店員／專櫃人員,,,,,電腦操作／資料輸入,財務／會計助理,秘書,行政人員,業務助理
汐止遠雄,饗智廚房品保人員（地點：汐止遠雄大樓),餐廚助手,餐飲服務人員,,,,ISO品保人員,調酒師／吧台人員,門市／店員／專櫃人員,房務人員,冷熱飲調製人員
汽美產業,【汽美產業】電話客服專員(擴編),客服人員,內勤業務,電話行銷人員,,,國貿人員,業務助理,國貿助理,文字客服,秘書
河堤,【小港機場館】兼職接駁駕駛員（小港機場-河堤商旅),運輸調度管理人員,小客車／小貨車司機,,,,飯店／旅館櫃檯人員,理賠人員,外送人員,隨車人員,禮賓接待人員
河堤,台慶不動產-岡山河堤公園店｜不動產業務-這不只是一份工作，這是一個改變命運的機會｜無經驗可,不動產經紀人／營業員,土地開發人員,不動產審核／估價師,,,國外業務人員,國貿人員,報關人員,國貿助理,廣告AE
河堤,百世資優數學誠徵全職分校專員(高雄河堤),補習班導師,數理補習班老師,儲備幹部,,,特殊教育教師,資材人員,工讀生,水電工程師,資料庫管理人員
河堤,百世資優數學誠徵兼職高中 國中 國小老師(高雄河堤),升學補習班老師,數理補習班老師,其他教育類老師,,,國小教師,工讀生,資材人員,房務人員,神秘客
泛信義,"泛信義集團－不動產營業員/業務-溫馨職場,住商I can,Go~【住商不動產彰化(北斗)高鐵加盟店】",不動產經紀人／營業員,國內業務主管,國內業務人員,,,業務助理,國貿助理,國外業務人員,國貿人員,活動企劃人員
泰好非營利幼兒園,徵才【泰好非營利幼兒園】園長 截至115年7月31日止,園長,,,,,木工,營建雜工／粗工,資材人員,神秘客,智慧製程工程師
泰好非營利幼兒園,徵才【泰好非營利幼兒園】特教助理員 截至115年7月31日止,教保員／保育員,幼教老師,特殊教育教師,,,攝影助理,資訊助理人員,生管／助理,人事助理,電腦操作／資料輸入
泰山（擴編儲備）,"【泰山（擴編儲備）】副主任／現場工程師 （監工,土建,機電,水電）",工地主管／主任,工地監工,營建工程人員,,,電機工程主管,土木技師,水電工程師,結構技師／工程師,設備工程主管
泰山（擴編儲備）,【泰山（擴編儲備）】工務經理／工務所長 （職稱將依面試結果核定）,營建主管,工地主管／主任,營建工程人員,,,建築繪圖／設計,通訊軟體工程師,消防繪圖人員,軟體專案主管,現場規劃工程師
海事協和,現場工程師【海事協和】,營造工程師,工地監工,,,,冷凍空調繪圖／設計,嵌入式工程師,IC佈局工程師,IC設計工程師,機械設計／繪圖人員
海事協和,繪圖工程師【海事協和】,建築師,水電及其他工程繪圖人員,工程配管繪圖,,,冷凍空調繪圖／設計,機械設計／繪圖人員,嵌入式工程師,IC設計工程師,建築繪圖／設計
海事協和,規劃工程師【海事協和】,營造工程師,內業工程人員,,,,IC設計工程師,軟體工程師,嵌入式工程師,冷凍空調繪圖／設計,建築繪圖／設計
海事協和,體力工【海事協和】,營建工程人員,工務工管人員,,,,門市／店員／專櫃人員,遊樂景點工作人員,調酒師／吧台人員,資材人員,冷熱飲調製人員
海事協和-台北港,現場工程師【海事協和-台北港】,營造工程師,結構技師／工程師,營建工程人員,,,冷凍空調繪圖／設計,IC佈局工程師,嵌入式工程師,機械設計／繪圖人員,CAD／CAM工程師
海壽司,【海壽司】南港LaLaport店－正職服務員【月薪 $36000~40000】–【含入職金】,餐廚助手,餐飲服務人員,,,,調酒師／吧台人員,冷熱飲調製人員,門市／店員／專櫃人員,飯店／旅館服務人員,侍酒師
海壽司,【海壽司】擴大招募－儲備幹部【月薪 $36000~40000】(含入職金),餐飲領班,,,,,店長／門市管理人員,餐飲主管,品管／品保主管,調酒師／吧台人員,門市／店員／專櫃人員
海壽司,【海壽司】擴大招募－儲備店長【月薪 $38000~43000】(含入職金),餐飲領班,,,,,調酒師／吧台人員,店長／門市管理人員,餐飲主管,門市／店員／專櫃人員,冷熱飲調製人員
海壽司,野海壽司｜一廚,日式廚師,,,,,調酒師／吧台人員,門市／店員／專櫃人員,冷熱飲調製人員,飯店／旅館服務人員,侍酒師
海壽司,野海壽司｜三廚,日式廚師,,,,,調酒師／吧台人員,門市／店員／專櫃人員,飯店／旅館服務人員,冷熱飲調製人員,侍酒師
海壽司,野海壽司｜二廚,日式廚師,,,,,調酒師／吧台人員,飯店／旅館服務人員,門市／店員／專櫃人員,冷熱飲調製人員,侍酒師
海尼根,【海尼根】品牌推廣大使(桃園),門市／店員／專櫃人員,,,,,活動企劃人員,廣告設計,公關企劃人員,產品企劃主管,媒體公關人員
海尼根,【海尼根】雙北品牌推廣組長,國內業務主管,,,,,產品企劃主管,公關企劃人員,廣告設計,遊戲企劃人員,行銷企劃人員
海諾帝商用淨水,HydroNovation【海諾帝商用淨水】KA客戶管理專員(擴大徵才),國內業務人員,業務助理,內勤業務,,,文字客服,國貿人員,資材人員,報關人員,國外業務人員
海龍珠 海鮮餐廳,【海龍珠 海鮮餐廳】廚師(鍋/爐),中式廚師,其他料理廚師,日式廚師,,,調酒師／吧台人員,侍酒師,冷熱飲調製人員,飯店／旅館服務人員,門市／店員／專櫃人員
涓豆腐,【涓豆腐】信義時代店-服務專員,餐飲服務人員,餐廚助手,,,,調酒師／吧台人員,飯店／旅館服務人員,冷熱飲調製人員,門市／店員／專櫃人員,侍酒師
涓豆腐,【涓豆腐】台中文心店-廚務專員,餐廚助手,中式廚師,西式廚師,,,調酒師／吧台人員,冷熱飲調製人員,飯店／旅館服務人員,侍酒師,門市／店員／專櫃人員
涮乃葉,【時薪202~290】台中福科路【涮乃葉】日式火鍋 -兼職人員及大專院校實習生,日式廚師,,,,,工讀生,飯店／旅館服務人員,調酒師／吧台人員,侍酒師,冷熱飲調製人員
涮乃葉,【時薪202~290】台南大全聯店【涮乃葉】兼職人員及大專院校實習生,餐飲服務人員,餐廚助手,洗碗人員,,,工讀生,外送人員,學徒,實習律師,調酒師／吧台人員
涮乃葉,【時薪202~290】宜蘭新月廣場【涮乃葉】日式火鍋 兼職人員及大專院校實習生,餐飲服務人員,餐廚助手,洗碗人員,,,工讀生,飯店／旅館服務人員,調酒師／吧台人員,侍酒師,門市／店員／專櫃人員
涮乃葉,【時薪222~310】信義遠百【涮乃葉】兼職人員及大專院校實習生,餐飲服務人員,餐廚助手,洗碗人員,,,工讀生,學徒,實習律師,飯店／旅館櫃檯人員,外送人員
涮乃葉,【時薪222~310】忠孝明曜店【涮乃葉】日式火鍋 兼職人員及大專院校實習生,餐飲服務人員,餐廚助手,洗碗人員,,,工讀生,飯店／旅館服務人員,調酒師／吧台人員,侍酒師,門市／店員／專櫃人員
淘鍋-永和秀朗店,【淘鍋-永和秀朗店】早班正職人員,餐飲服務人員,餐廚助手,,,,調酒師／吧台人員,侍酒師,飯店／旅館服務人員,冷熱飲調製人員,門市／店員／專櫃人員
淘鍋-永和秀朗店,【淘鍋-永和秀朗店】晚班正職人員,餐飲服務人員,餐廚助手,,,,調酒師／吧台人員,侍酒師,飯店／旅館服務人員,冷熱飲調製人員,門市／店員／專櫃人員
淘鍋-淡水總店,【淘鍋-淡水總店】早班正職人員,餐飲服務人員,餐廚助手,,,,調酒師／吧台人員,侍酒師,飯店／旅館服務人員,冷熱飲調製人員,門市／店員／專櫃人員
淘鍋-淡水總店,【淘鍋-淡水總店】晚班正職人員,餐飲服務人員,餐廚助手,,,,調酒師／吧台人員,侍酒師,飯店／旅館服務人員,冷熱飲調製人員,門市／店員／專櫃人員
淡水中正店,【肉多多火鍋 淡水中正店】儲備幹部 - 米其林指標/有熱情、挑戰米其林等級夥伴,餐飲服務人員,餐廚助手,工讀生,,,調酒師／吧台人員,餐飲主管,侍酒師,店長／門市管理人員,品管／品保主管
淡水啟文幼兒園,【淡水啟文幼兒園】助理教保員 洽0989558122許主任,教保員／保育員,保母／托育人員,,,,幼教老師,助教,攝影助理,電腦操作／資料輸入,資訊助理人員
添好運-台南小北門店,外場服務人員-正職【添好運-台南小北門店】,餐飲服務人員,,,,,調酒師／吧台人員,冷熱飲調製人員,門市／店員／專櫃人員,侍酒師,飯店／旅館服務人員
添好運-板橋大遠百店,【添好運-板橋大遠百店】襄理,餐飲服務人員,飯店／旅館服務人員,餐飲領班,,,調酒師／吧台人員,冷熱飲調製人員,門市／店員／專櫃人員,外務／快遞／送貨,侍酒師
添好運-竹北遠百店,【添好運-竹北遠百店】長期兼職/暑假短期人員 時薪210元,餐飲服務人員,,,,,冷熱飲調製人員,調酒師／吧台人員,外送人員,洗碗人員,門市／店員／專櫃人員
添好運-麗寶店,假日兼職人員 時薪206元，高工時獎金另計【添好運-麗寶店】,售票／收銀人員,工讀生,遊樂景點工作人員,,,餐廚助手,調酒師／吧台人員,洗碗人員,冷熱飲調製人員,外送人員
添好運-麗寶店,假日兼職內場港點學徒-206元起，【添好運-麗寶店】 享交通津貼及高工時獎金,學徒,,,,,餐廚助手,餐飲服務人員,其他料理廚師,洗碗人員,中式廚師
清福醫院,長照A個案管理師_三峽區/鶯歌區/樹林區/板橋區【清福醫院】,照顧服務／指導員,護理師,其他醫療從業人員,,,軟體相關管理師,專任管理員,個案管理師,資料庫管理人員,專案經理
清福醫院,門診護理人員_三峽區【清福醫院】,護理師,,,,,休閒娛樂事業從業人員,飯店／旅館服務人員,冷熱飲調製人員,護理助理(護佐),藥師助理
港九香滿樓餐廳,【港九香滿樓餐廳】燒臘部師傅,中／港式點心廚師,,,,,調酒師／吧台人員,侍酒師,品管／品保主管,餐飲主管,冷熱飲調製人員
港九香滿樓餐廳,【港九香滿樓餐廳】領檯人員,餐飲服務人員,,,,,調酒師／吧台人員,飯店／旅館服務人員,冷熱飲調製人員,侍酒師,咖啡師
港九香滿樓餐廳,【港九香滿樓餐廳】餐廳副理,餐飲主管,,,,,調酒師／吧台人員,侍酒師,飯店／旅館服務人員,門市／店員／專櫃人員,冷熱飲調製人員
港九香滿樓餐廳,【港九香滿樓餐廳】餐飲外場儲備幹部,餐飲服務人員,,,,,調酒師／吧台人員,餐飲主管,侍酒師,品管／品保主管,店長／門市管理人員
湳雅會館,"SPA紓壓芳療師【湳雅會館】無經驗完整職前培訓、高薪免call客無業績、快樂工作氣氛、保障薪資$40,000 （月薪+獎金）",美容師,美療師／芳療師,推拿／按摩師,,,國外業務人員,客服主管,國內業務人員,神秘客,PLC／自動控制工程師
湳雅會館,"SPA資深芳療【湳雅會館】高薪酬獎金、免call客無業績、集團優渥制度、保障薪資$40,000 （月薪+獎金）",美容師,美療師／芳療師,推拿／按摩師,,,資材人員,國外業務人員,PLC／自動控制工程師,神秘客,報關人員
溪湖店,曙光沈浸式美學｜洗髮水療spa 溪湖店,美容師,美療師／芳療師,推拿／按摩師,,,洗碗人員,冷熱飲調製人員,調酒師／吧台人員,西式廚師,餐廚助手
溪湖店,溪湖店-驗光師(生),驗光師,,,,,調酒師／吧台人員,冷熱飲調製人員,品管人員,智慧製程工程師,門市／店員／專櫃人員
滋立MIZU 料亭鍋物&私廚料理,【滋立MIZU 料亭鍋物&私廚料理】 廚房儲備幹部,餐廚助手,日式廚師,生鮮處理人員,,,餐飲主管,調酒師／吧台人員,店長／門市管理人員,侍酒師,品管／品保主管
滬品上海湯包,(滬品上海湯包)外場主管,餐飲主管,餐飲領班,,,,品管／品保主管,店長／門市管理人員,資材主管,儲備幹部,ISO品保人員
滬品上海湯包,(滬品上海湯包)早班外場服務人員,餐廚助手,餐飲服務人員,,,,飯店／旅館服務人員,門市／店員／專櫃人員,房務人員,調酒師／吧台人員,冷熱飲調製人員
滬品上海湯包,【滬品上海湯包】早班外場服務人員,餐飲服務人員,餐廚助手,,,,飯店／旅館服務人員,調酒師／吧台人員,冷熱飲調製人員,門市／店員／專櫃人員,房務人員
滿山,滿山集團-外場服務人員,餐飲服務人員,,,,,飯店／旅館服務人員,門市／店員／專櫃人員,調酒師／吧台人員,冷熱飲調製人員,遊樂景點工作人員
滿山,滿山集團-行政/接待/房務管理/清潔,門市／店員／專櫃人員,飯店／旅館櫃檯人員,,,,電腦操作／資料輸入,行政人員,秘書,檔案資料管理人員,總務人員
漁業,高雄-遠洋漁業-人資經理/KTP1748,人事／人力資源主管,人事／人力資源專員,,,,資材主管,金融營業人員,資材人員,產品經理,倉管／物料管理員
漢口店,外場工讀生（漢口店）,餐飲服務人員,,,,,冷熱飲調製人員,飯店／旅館服務人員,門市／店員／專櫃人員,調酒師／吧台人員,工讀生
漢口店,外場服務人員(漢口店),餐飲服務人員,餐廚助手,,,,調酒師／吧台人員,門市／店員／專櫃人員,冷熱飲調製人員,飯店／旅館服務人員,侍酒師
漢口店,急徵美容師(台中市北區)-斯朵利美妍漢口店,美容師,美容助理,推拿／按摩師,,,門市／店員／專櫃人員,調酒師／吧台人員,售票／收銀人員,飯店／旅館服務人員,冷熱飲調製人員
漢口店,斯朵利【 漢口店】 徵設計師、助理、準師,美髮助理,髮型設計師,,,,室內設計助理,資訊助理人員,設計助理,生管／助理,電腦操作／資料輸入
漢口店,漢口店-驗光師(生),驗光師,,,,,調酒師／吧台人員,冷熱飲調製人員,品管人員,門市／店員／專櫃人員,智慧製程工程師
漢口店,煎台人員(漢口店),中式廚師,鐵板燒廚師,,,,調酒師／吧台人員,冷熱飲調製人員,門市／店員／專櫃人員,侍酒師,洗碗人員
漢民店,【兼職】摩斯小港漢民店(251mos),餐飲服務人員,,,,,外送人員,調酒師／吧台人員,冷熱飲調製人員,門市／店員／專櫃人員,侍酒師
漢民店,斯朵利漢民店 美髮助理,美髮助理,美容助理,,,,藥師助理,資訊助理人員,美甲助理,攝影助理,門市／店員／專櫃人員
漢民店,斯朵利漢民店 🈚️經驗店長教你！廣納設計師/準師/助理,髮型設計師,美髮講師／技導,,,,室內設計助理,UI/UX設計師,資訊助理人員,設計助理,軟體助理工程師
漢民店,早班人員(⚈小港漢民店)(電洽廣告勿擾),餐廚助手,餐飲服務人員,工讀生,,,冷熱飲調製人員,調酒師／吧台人員,門市／店員／專櫃人員,外送人員,洗碗人員
漢神巨蛋,▲ 高雄漢神巨蛋-安管菁英﹙月薪4.3萬；月休6~7天),保全人員／警衛,管理員,,,,資材主管,ISO品保人員,水電工,資材人員,智慧製程工程師
漢神巨蛋,漢神百貨&漢神巨蛋-工務設備人員,水電工,冷凍空調技術人員／安裝員,工務工管人員,,,客服工程師,軟體助理工程師,建築繪圖／設計,資料庫管理人員,PLC／自動控制工程師
漢神巨蛋店,【兼職】DECO HOME 高雄漢神巨蛋店 早班理貨專員,工讀生,門市／店員／專櫃人員,,,,倉管／物料管理員,倉儲物流人員,理貨人員,生鮮處理人員,包裝員／作業員
漢神巨蛋店,【時薪最高280】黑毛屋鍋物 高雄漢神巨蛋店-計時社員,餐飲服務人員,,,,,飯店／旅館服務人員,調酒師／吧台人員,侍酒師,冷熱飲調製人員,門市／店員／專櫃人員
漢神巨蛋店,正職外場服務人員(漢神巨蛋店),技術人員,休閒娛樂事業從業人員,,,,調酒師／吧台人員,冷熱飲調製人員,門市／店員／專櫃人員,侍酒師,飯店／旅館服務人員
漢神本館,【日商】漢神本館店工讀生,餐飲服務人員,餐廚助手,,,,調酒師／吧台人員,冷熱飲調製人員,飯店／旅館服務人員,門市／店員／專櫃人員,外送人員
漢神本館,美髮設計師 假髮銷售人員 (高雄漢神本館) 需有美髮經驗 ☆保底3萬以上☆,髮型設計師,門市／店員／專櫃人員,,,,廣告設計,國內業務人員,平面設計,工業設計,神秘客
漢記,【漢記】清潔人員,清潔／資源回收人員,,,,,房務人員,洗碗人員,加油服務,建築物清潔人員,冷熱飲調製人員
潤泰,潤泰集團稽核人員,稽核人員,,,,,會計／出納／記帳人員,財務／會計助理,電腦操作／資料輸入,金融營業人員,查帳／審計人員
潭日月,大夜櫃檯兼職人員【潭日月】,飯店／旅館服務人員,,,,,飯店／旅館櫃檯人員,診所助理,禮賓接待人員,倉管／物料管理員,倉儲物流人員
潭日月,大夜櫃檯專員【潭日月】,飯店／旅館服務人員,,,,,飯店／旅館櫃檯人員,診所助理,鍋爐相關人員,倉管／物料管理員,倉儲物流人員
潭科,"W【龍潭科技園區】科技廠清潔員，薪32,000元/週休二日及國定假日休",清潔／資源回收人員,建築物清潔人員,管理員,,,汽車檢驗員,CNC車床人員,包裝員／作業員,檢驗人員,塑膠押出技術人員
潭科,【潭科】IT-INF工程師(WINDOWS),MIS／網管主管,資訊助理人員,資安工程師,,,嵌入式工程師,IC佈局工程師,IC設計工程師,RF通訊工程師,軟體工程師
潭科,龍潭科技大廠  6S整理整頓人員  無塵室工作安全不用日曬雨淋,精密儀器製造維修人員,電子設備維修人員,產品設備維修人員,,,電機維修人員,機械設備組裝測試人員,鉗工,CNC車床人員,機械加工技術人員
潮音廠,【潮音廠】儲備幹部,化學／化工工程師,機械工程師,,,,智慧製程工程師,生管主管,電機工程主管,電機技師／工程師,領班／管理幹部
潮音廠,【潮音廠】製程工程師,生產技術／製程工程師,生產設備工程師,,,,智慧製程工程師,電機技師／工程師,電機設備裝配員,塑膠押出技術人員,CNC車床人員
澄清,419 高雄新澄清餐廳 大夜服務員(兼職),餐飲服務人員,餐廚助手,,,,飯店／旅館服務人員,調酒師／吧台人員,冷熱飲調製人員,侍酒師,門市／店員／專櫃人員
澄清,419 高雄新澄清餐廳 服務員(兼職),餐飲服務人員,餐廚助手,,,,調酒師／吧台人員,飯店／旅館服務人員,侍酒師,冷熱飲調製人員,門市／店員／專櫃人員
澄清,540 高雄澄清二餐廳 大夜服務員(兼職),餐飲服務人員,餐廚助手,,,,飯店／旅館服務人員,調酒師／吧台人員,侍酒師,冷熱飲調製人員,門市／店員／專櫃人員
澄清,540 高雄澄清二餐廳 早班服務員(兼職),餐飲服務人員,餐廚助手,,,,飯店／旅館服務人員,調酒師／吧台人員,侍酒師,冷熱飲調製人員,門市／店員／專櫃人員
澄清,540 高雄澄清二餐廳 晚班正職服務員(全職),餐飲服務人員,餐廚助手,,,,飯店／旅館服務人員,調酒師／吧台人員,冷熱飲調製人員,門市／店員／專櫃人員,侍酒師
澄清,540 高雄澄清二餐廳 服務員(兼職),餐飲服務人員,餐廚助手,,,,飯店／旅館服務人員,調酒師／吧台人員,侍酒師,冷熱飲調製人員,門市／店員／專櫃人員
澄清,【中班15:20-00:00】澄清門市外場正職服務人員（月薪含工作獎金37K起，月休8-10天）,餐飲服務人員,,,,,調酒師／吧台人員,冷熱飲調製人員,門市／店員／專櫃人員,售票／收銀人員,洗碗人員
澄清,台中中港澄清醫院 - 環衛現場領班,清潔／資源回收人員,,,,,休閒娛樂事業從業人員,房務人員,售票／收銀人員,飯店／旅館服務人員,調酒師／吧台人員
澄清,台中中港澄清醫院傳送人員-小夜班,其他醫療從業人員,,,,,外送人員,外務／快遞／送貨,舉牌／傳單／派報員,藥師助理,小客車／小貨車司機
澄清,台中中港澄清醫院清潔人員,清潔／資源回收人員,,,,,房務人員,休閒娛樂事業從業人員,售票／收銀人員,藥師助理,飯店／旅館服務人員
澄清,台中中港澄清醫院清潔人員-小夜班,清潔／資源回收人員,,,,,休閒娛樂事業從業人員,房務人員,售票／收銀人員,遊樂景點工作人員,飯店／旅館服務人員
澄清,台中中港澄清醫院環衛組機動人員,搬運人員,清潔／資源回收人員,,,,空服人員,房務人員,資材人員,售票／收銀人員,休閒娛樂事業從業人員
澄清,平等澄清醫院-日班清潔人員,清潔／資源回收人員,,,,,房務人員,冷熱飲調製人員,調酒師／吧台人員,售票／收銀人員,飯店／旅館櫃檯人員
澄清,引擎技師（澄清廠）,汽車維修人員,汽車引擎技術人員,,,,汽車檢驗員,電機技師／工程師,電機設備裝配員,CNC車床人員,模具技術人員
澄清,接待人員（澄清廠）,總機／接待／櫃檯人員,,,,,生管／助理,資材人員,倉管／物料管理員,理貨人員,房務人員
澄清,清潔人員-日班(中區澄清醫院平等院區),清潔／資源回收人員,,,,,房務人員,休閒娛樂事業從業人員,資材人員,遊樂景點工作人員,售票／收銀人員
澄清,澄清平等 醫院  傳送人員,其他醫療從業人員,,,,,外送人員,外務／快遞／送貨,舉牌／傳單／派報員,小客車／小貨車司機,冷熱飲調製人員
澄清,澄清平等醫院   清潔人員,清潔／資源回收人員,,,,,冷熱飲調製人員,房務人員,調酒師／吧台人員,飯店／旅館櫃檯人員,獸醫助理
澄清,澄清平等醫院  大夜班清潔員,清潔／資源回收人員,,,,,冷熱飲調製人員,調酒師／吧台人員,房務人員,售票／收銀人員,遊樂景點工作人員
澄清,澄清平等醫院  小夜班 清潔人員,清潔／資源回收人員,,,,,冷熱飲調製人員,房務人員,調酒師／吧台人員,售票／收銀人員,遊樂景點工作人員
澄清,澄清平等醫院  環衛儲備幹部,工讀生,,,,,資材主管,儲備幹部,旅遊休閒類主管,售票／收銀人員,調酒師／吧台人員
澄清,澄清平等醫院 清潔組長,清潔／資源回收人員,,,,,建築繪圖／設計,獸醫／獸醫佐,醫院行政管理人員,獸醫助理,診所助理
澄清,烏日澄清醫院,清潔／資源回收人員,,,,,獸醫／獸醫佐,動物飼育專業人員,獸醫助理,動物醫事助理,房務人員
澄清,霧峰澄清醫院-清潔人員,清潔／資源回收人員,,,,,房務人員,休閒娛樂事業從業人員,獸醫／獸醫佐,冷熱飲調製人員,售票／收銀人員
澄清店,【兼職】摩斯高雄澄清店(161mos),餐飲服務人員,,,,,外送人員,門市／店員／專櫃人員,調酒師／吧台人員,冷熱飲調製人員,侍酒師
澄清店,早、晚班廚房工讀人員(澄清店),餐廚助手,日式廚師,工讀生,,,冷熱飲調製人員,門市／店員／專櫃人員,調酒師／吧台人員,房務人員,飯店／旅館服務人員
澄清店,極鮮火鍋【澄清店】 早、晚班外場服務人員,餐飲服務人員,,,,,飯店／旅館服務人員,調酒師／吧台人員,冷熱飲調製人員,門市／店員／專櫃人員,侍酒師
澄清店,極鮮火鍋【澄清店】假日工讀,餐飲服務人員,餐廚助手,,,,飯店／旅館服務人員,調酒師／吧台人員,冷熱飲調製人員,門市／店員／專櫃人員,侍酒師
澄清店,麥寶兼職人員(澄清店),餐飲服務人員,餐廚助手,中式廚師,,,冷熱飲調製人員,調酒師／吧台人員,門市／店員／專櫃人員,飯店／旅館服務人員,外送人員
澄清總店,【澄清總店】外場服務員,餐飲服務人員,,,,,飯店／旅館服務人員,冷熱飲調製人員,調酒師／吧台人員,門市／店員／專櫃人員,侍酒師
澄清總店,【澄清總店】晚班工讀,餐飲服務人員,工讀生,,,,冷熱飲調製人員,調酒師／吧台人員,門市／店員／專櫃人員,飯店／旅館服務人員,售票／收銀人員
澎湖縣馬公市_蝦皮智取店,【澎湖縣馬公市_蝦皮智取店】物流理貨員早/晚班PT🔥依地區提供津貼🔥_HH415,門市／店員／專櫃人員,,,,,倉管／物料管理員,生鮮處理人員,倉儲物流人員,理貨人員,包裝員／作業員
無老公益店,"無老公益店 副主廚47,550元~70,000元",餐飲主管,飯店／旅館主管,經營管理主管,,,西式廚師,調酒師／吧台人員,品管／品保主管,餐廚助手,其他料理廚師
無老公益店,"無老公益店 店襄理47,550元~70,000元",餐飲主管,飯店／旅館主管,經營管理主管,,,西式廚師,調酒師／吧台人員,餐廚助手,洗碗人員,其他料理廚師
焦糖楓串燒,【焦糖楓串燒】台中一中正職/兼職，可燒烤培訓，無經驗可。,日式廚師,餐飲服務人員,餐廚助手,,,調酒師／吧台人員,侍酒師,門市／店員／專櫃人員,冷熱飲調製人員,飯店／旅館服務人員
焦糖楓串燒,【焦糖楓串燒餐飲連鎖第一品牌】加盟展店副理,加盟／招商人員,,,,,門市／店員／專櫃人員,調酒師／吧台人員,冷熱飲調製人員,侍酒師,售票／收銀人員
熱河店,佑佑鍋燒麵(熱河店)正職人員,餐飲服務人員,餐廚助手,,,,調酒師／吧台人員,侍酒師,冷熱飲調製人員,門市／店員／專櫃人員,飯店／旅館服務人員
燊鼎,台灣房屋燊鼎團隊 X 全齡友善房仲職場：二度就業中高齡、回歸職場也能輕鬆上手，完整培訓＋彈性工時＋高獎金，享受成就感的安心好環境,不動產經紀人／營業員,國內業務人員,,,,房務人員,神秘客,休閒娛樂事業從業人員,客戶成功經理,電訪人員
燕巢廠,[燕巢廠]平板企劃,工業工程師,生產線工程師,,,,建築繪圖／設計,生管／助理,UI/UX設計師,大圖輸出後製人員,資材人員
燕巢廠,【燕巢廠】PT計時作業員,包裝員／作業員,,,,,調酒師／吧台人員,冷熱飲調製人員,資材人員,智慧製程工程師,生鮮處理人員
燕巢廠,【燕巢廠】塑鋼門板貼皮技術員(無經驗 可接受培訓者),機械操作人員,組裝組立技術人員,,,,技術人員,電機技師／工程師,智慧製程工程師,電機設備裝配員,塑膠模具技術人員
燕巢廠,焊接工程師(燕巢廠),焊接技術人員,儲備幹部,,,,電機技師／工程師,電機設備裝配員,智慧製程工程師,金屬建材架構人員,模具技術人員
燕巢廠,製程工程師(燕巢廠),生產技術／製程工程師,,,,,智慧製程工程師,電機技師／工程師,電機設備裝配員,塑膠押出技術人員,模具技術人員
爭鮮定食8,【爭鮮定食8】iFG遠雄台中店-兼職人員,店長／門市管理人員,餐飲服務人員,餐廚助手,,,調酒師／吧台人員,門市／店員／專櫃人員,飯店／旅館服務人員,冷熱飲調製人員,侍酒師
爭鮮定食8,【爭鮮定食8】iFG遠雄台中店-正職人員,日式廚師,店長／門市管理人員,,,,調酒師／吧台人員,冷熱飲調製人員,門市／店員／專櫃人員,侍酒師,飯店／旅館服務人員
爭鮮定食8,【爭鮮定食8】兼職人員-彰化店,店長／門市管理人員,,,,,調酒師／吧台人員,冷熱飲調製人員,門市／店員／專櫃人員,飯店／旅館服務人員,餐廚助手
爭鮮定食8,【爭鮮定食8】員林大全聯店-兼職人員,店長／門市管理人員,,,,,調酒師／吧台人員,冷熱飲調製人員,飯店／旅館服務人員,門市／店員／專櫃人員,洗碗人員
爭鮮定食8,【爭鮮定食8】員林大全聯店-正職人員,日式廚師,店長／門市管理人員,,,,調酒師／吧台人員,冷熱飲調製人員,門市／店員／專櫃人員,西式廚師,洗碗人員
爭鮮定食8,【爭鮮定食8】屏東萬家福店-兼職人員,店長／門市管理人員,工讀生,餐飲服務人員,,,調酒師／吧台人員,冷熱飲調製人員,門市／店員／專櫃人員,飯店／旅館服務人員,洗碗人員
爭鮮定食8,【爭鮮定食8】忠孝大全聯店-兼職人員,店長／門市管理人員,,,,,冷熱飲調製人員,調酒師／吧台人員,飯店／旅館服務人員,門市／店員／專櫃人員,外送人員
爭鮮定食8,【爭鮮定食8】忠孝大全聯店-正職人員,日式廚師,店長／門市管理人員,,,,調酒師／吧台人員,冷熱飲調製人員,門市／店員／專櫃人員,西式廚師,飯店／旅館服務人員
爭鮮定食8,【爭鮮定食8】成功萬家福店-兼職人員,店長／門市管理人員,,,,,調酒師／吧台人員,冷熱飲調製人員,飯店／旅館服務人員,門市／店員／專櫃人員,侍酒師
爭鮮定食8,【爭鮮定食8】營業部-教育專員,行政助理,行政人員,教育訓練人員,,,儲備幹部,資材主管,資材人員,售票／收銀人員,品管／品保主管
爭鮮迴轉壽司,【爭鮮迴轉壽司】仁武店-兼職人員,餐飲服務人員,工讀生,,,,飯店／旅館服務人員,調酒師／吧台人員,門市／店員／專櫃人員,冷熱飲調製人員,侍酒師
爭鮮迴轉壽司,【爭鮮迴轉壽司】八德大全聯店-兼職人員,餐飲服務人員,工讀生,,,,飯店／旅館服務人員,調酒師／吧台人員,門市／店員／專櫃人員,冷熱飲調製人員,侍酒師
爭鮮迴轉壽司,【爭鮮迴轉壽司】歸仁店-兼職人員,餐飲服務人員,工讀生,,,,飯店／旅館服務人員,調酒師／吧台人員,門市／店員／專櫃人員,冷熱飲調製人員,侍酒師
爭鮮迴轉壽司,【爭鮮迴轉壽司】美術店-正職人員,餐飲服務人員,,,,,調酒師／吧台人員,門市／店員／專櫃人員,冷熱飲調製人員,飯店／旅館服務人員,侍酒師
牙醫診所,✨️🏘暁美牙醫診所 🏘✨️ 高階專案-牙醫助理,特別助理,醫院行政管理人員,,,,獸醫助理,診所助理,牙醫助理,護理助理(護佐),資訊助理人員
牙醫診所,【台中】牙醫診所副店長,牙醫助理,醫院行政管理人員,其他醫療從業人員,,,調酒師／吧台人員,冷熱飲調製人員,門市／店員／專櫃人員,店長／門市管理人員,售票／收銀人員
牙醫診所,【台北內湖區】牙醫診所儲備幹部【店長、副店長、咨詢師】【月薪45K-80K】,牙醫助理,醫院行政管理人員,其他醫療從業人員,,,儲備幹部,店長／門市管理人員,補習班主任／主管,品管／品保主管,產品經理
牙醫診所,【台北大安區】牙醫診所【副店長、店長】【月薪45K-80K】,牙醫助理,醫院行政管理人員,其他醫療從業人員,,,調酒師／吧台人員,冷熱飲調製人員,店長／門市管理人員,補習班主任／主管,門市／店員／專櫃人員
牙醫診所,【基隆市中正區】牙醫診所【店經理】【月薪45K起 面議】,牙醫助理,醫院行政管理人員,其他醫療從業人員,,,調酒師／吧台人員,冷熱飲調製人員,樓面管理人員,門市／店員／專櫃人員,餐飲主管
牙醫診所,【新北土城區】牙醫診所【店長】【月薪50K-80K】,牙醫助理,醫院行政管理人員,其他醫療從業人員,,,冷熱飲調製人員,獸醫／獸醫佐,調酒師／吧台人員,店長／門市管理人員,門市／店員／專櫃人員
牙醫診所,【新北永和區】牙醫診所【店長】【月薪50K-80K】,牙醫助理,其他醫療從業人員,醫院行政管理人員,,,冷熱飲調製人員,調酒師／吧台人員,獸醫／獸醫佐,店長／門市管理人員,門市／店員／專櫃人員
牙醫診所,正職｜牙醫診所內勤助理,牙醫助理,診所助理,,,,內勤業務,行政助理,廣告文案企劃人員,餐廚助手,動物醫事助理
牙醫診所,牙醫診所 儲備主管,診所助理,牙醫助理,,,,牙醫師,補習班主任／主管,領班／管理幹部,儲備幹部,電機工程主管
牙醫診所,牙醫診所諮詢師 客服(38000-45000) 口腔衛生學系優先錄用,牙醫助理,診所助理,醫院行政管理人員,客服人員,,神秘客,報關人員,空運／船務,國貿人員,文字客服
牛洞,【牛洞】丼飯專賣店-徵儲備幹部月休8-10天37K-38K，可排假日,餐飲服務人員,,,,,品管／品保主管,調酒師／吧台人員,餐飲主管,店長／門市管理人員,西式廚師
狂一鍋 中和永貞店,【狂一鍋 中和永貞店】儲備幹部 - 米其林指標/有熱情、挑戰米其林等級夥伴,餐飲服務人員,餐廚助手,,,,調酒師／吧台人員,餐飲主管,侍酒師,店長／門市管理人員,飯店／旅館服務人員
狂一鍋 台南仁德店,【狂一鍋 台南仁德店】儲備幹部 - 米其林指標/有熱情、挑戰米其林等級夥伴,餐飲服務人員,餐廚助手,,,,調酒師／吧台人員,侍酒師,餐飲主管,店長／門市管理人員,飯店／旅館服務人員
狂一鍋新店七張店,【狂一鍋新店七張店】櫃檯接待人員- 米其林指標/有熱情、挑戰米其林等級夥伴,會計／出納／記帳人員,餐飲服務人員,,,,飯店／旅館服務人員,調酒師／吧台人員,冷熱飲調製人員,飯店／旅館櫃檯人員,侍酒師
獅子大開口,【獅子大開口】薪水有感｜月六萬｜免費供2餐–YY,包裝員／作業員,組裝組立技術人員,,,,調酒師／吧台人員,西式廚師,洗碗人員,冷熱飲調製人員,餐飲服務人員
獵鷹,【獵鷹】RD23008-研發韌體工程師 R&DFirmware Engineer｜研替可｜,其他特殊工程人員,韌體工程師,,,,測試工程師,軟／韌體測試工程師,BIOS工程師,汽車研發人員,材料分析員
玉里工作站,時薪照服員【玉里工作站】,照顧服務／指導員,,,,,遊樂景點工作人員,加油服務,飯店／旅館服務人員,休閒娛樂事業從業人員,售票／收銀人員
王品,【王品集團】技術升級◆薪資看得見★鐵板儲備幹部招募中★,西式廚師,其他料理廚師,鐵板燒廚師,,,智慧製程工程師,電機技師／工程師,塑膠模具技術人員,生管主管,電機工程主管
王品,王品台北南京東店-廚藝助理(吧檯),餐飲服務人員,調酒師／吧台人員,冷熱飲調製人員,,,電腦操作／資料輸入,資訊助理人員,財務／會計助理,秘書,藥師助理
王品,王品板橋縣民大道店-廚藝助理(吧檯),餐飲服務人員,調酒師／吧台人員,餐廚助手,,,電腦操作／資料輸入,資訊助理人員,門市／店員／專櫃人員,秘書,財務／會計助理
王品,王品桃園同德店-廚藝助理(吧檯),餐飲服務人員,飯店／旅館服務人員,總機／接待／櫃檯人員,,,電腦操作／資料輸入,資訊助理人員,秘書,財務／會計助理,業務助理
玩美趣,【玩美趣】長期兼職健身教練,運動教練,舞蹈健身老師,,,,專任管理員,游泳教練,電腦補習班老師,冷熱飲調製人員,飯店／旅館櫃檯人員
理想PAARK 水岸生活,【理想PAARK 水岸生活】公清人員PT,清潔／資源回收人員,,,,,冷熱飲調製人員,調酒師／吧台人員,房務人員,生鮮處理人員,資材人員
理想PAARK 水岸生活,【理想PAARK 水岸生活】領航員,船上作業人員,休閒娛樂事業從業人員,遊樂景點工作人員,,,倉管／物料管理員,生鮮處理人員,理貨人員,倉儲物流人員,資材人員
瑞士商,【瑞士商】英文好想在外商環境下工作的你_英語線客服-JPS_850,客服人員,客服工程師,,,,國貿人員,文字客服,報關人員,國貿助理,採購助理
瑞士輪圈工廠－亞洲生產廠,【瑞士輪圈工廠－亞洲生產廠】徵 資訊工程師- 701RT,MES工程師,MIS／網管主管,網路管理工程師,,,電機設備裝配員,電機技師／工程師,CNC車床人員,汽車檢驗員,模具技術人員
瑞昱,午/晚餐幫廚人員(瑞昱竹北生醫廠),餐廚助手,餐飲服務人員,,,,倉管／物料管理員,生管／助理,倉儲物流人員,生鮮處理人員,包裝員／作業員
瑞昱,固定駐點[瑞昱]周休二日*廚務人員  【薪優】,餐廚助手,餐飲服務人員,,,,遊樂景點工作人員,房務人員,門市／店員／專櫃人員,調酒師／吧台人員,倉儲物流人員
瑞昱,團膳廚師(新竹科學園區瑞昱駐廠廚師),中式廚師,,,,,智慧製程工程師,調酒師／吧台人員,營建雜工／粗工,品管人員,木工
瑞昱,晚餐幫廚人員(瑞昱竹北生醫廠)16:00~20:00,餐廚助手,餐飲服務人員,,,,生鮮處理人員,生管／助理,倉管／物料管理員,包裝員／作業員,外務／快遞／送貨
瑞穗工作站,時薪照服員【瑞穗工作站】,照顧服務／指導員,,,,,加油服務,遊樂景點工作人員,飯店／旅館服務人員,休閒娛樂事業從業人員,房務人員
瑞芳明燈日照中心,"【瑞芳明燈日照中心】照顧服務員(薪資32,000元~35,000元)",照顧服務／指導員,,,,,休閒娛樂事業從業人員,房務人員,調酒師／吧台人員,專任管理員,神秘客
瓦城,【台中】外場領班／副理｜完整培訓、晉升透明 – 瓦城集團,餐飲主管,餐飲服務人員,飯店／旅館主管,,,資材人員,售票／收銀人員,生管／助理,調酒師／吧台人員,智慧製程工程師
瓦城,【台北】外場儲備幹部｜無經驗可｜完整培訓、快速晉升 – 瓦城集團,餐飲服務人員,門市／店員／專櫃人員,,,,品管／品保主管,智慧製程工程師,儲備幹部,資材主管,電機工程主管
瓦城,【台北】外場領班／副理｜完整培訓、晉升透明 – 瓦城集團,餐飲主管,餐飲服務人員,飯店／旅館主管,,,資材人員,木工,智慧製程工程師,生管／助理,PLC／自動控制工程師
瓦城,【台南】外場儲備幹部｜無經驗可｜完整培訓、快速晉升 – 瓦城集團,餐飲服務人員,門市／店員／專櫃人員,,,,品管／品保主管,智慧製程工程師,儲備幹部,資材主管,電機工程主管
瓦城,【台南】外場領班／副理｜完整培訓、晉升透明 – 瓦城集團,餐飲主管,餐飲服務人員,飯店／旅館主管,,,資材人員,木工,智慧製程工程師,生管／助理,PLC／自動控制工程師
瓦城,【嘉義】外場儲備幹部｜無經驗可｜完整培訓、快速晉升 – 瓦城集團,餐飲服務人員,門市／店員／專櫃人員,,,,品管／品保主管,智慧製程工程師,儲備幹部,資材主管,電機工程主管
瓦城,【新北三重】外場領班／副理｜完整培訓、晉升透明 – 瓦城集團,餐飲主管,餐飲服務人員,飯店／旅館主管,,,資材人員,生管／助理,木工,智慧製程工程師,PLC／自動控制工程師
瓦城,【新北板橋】外場領班／副理｜完整培訓、晉升透明 – 瓦城集團,餐飲主管,餐飲服務人員,飯店／旅館主管,,,資材人員,木工,智慧製程工程師,生管／助理,售票／收銀人員
瓦城,【新竹】外場儲備幹部｜無經驗可｜完整培訓、快速晉升 – 瓦城集團,餐飲服務人員,門市／店員／專櫃人員,,,,品管／品保主管,智慧製程工程師,儲備幹部,資材主管,電機工程主管
瓦城,【新竹】外場領班／副理｜完整培訓、晉升透明 – 瓦城集團,餐飲主管,餐飲服務人員,飯店／旅館主管,,,資材人員,木工,智慧製程工程師,生管／助理,PLC／自動控制工程師
瓦城,【桃園】外場儲備幹部｜無經驗可｜完整培訓、快速晉升 – 瓦城集團,餐飲服務人員,門市／店員／專櫃人員,,,,品管／品保主管,智慧製程工程師,儲備幹部,資材主管,電機工程主管
瓦城,【桃園中壢】外場領班/副理｜完整培訓、晉升透明 – 瓦城集團,餐飲主管,餐飲服務人員,飯店／旅館主管,,,資材人員,生管／助理,智慧製程工程師,木工,售票／收銀人員
瓦城,【桃園站前】外場領班/副理｜完整培訓、晉升透明 – 瓦城集團,餐飲主管,餐飲服務人員,飯店／旅館主管,,,資材人員,售票／收銀人員,生管／助理,智慧製程工程師,電腦操作／資料輸入
瓦城,【苗栗頭份】外場儲備幹部｜無經驗可｜完整培訓、快速晉升 – 瓦城集團,餐飲服務人員,門市／店員／專櫃人員,,,,品管／品保主管,智慧製程工程師,麵包師,儲備幹部,資材主管
瓦城,【苗栗頭份】外場領班／副理｜完整培訓、晉升透明 – 瓦城集團,餐飲主管,餐飲服務人員,飯店／旅館主管,,,資材人員,生管／助理,智慧製程工程師,木工,售票／收銀人員
瓦城,【高雄】外場儲備幹部｜無經驗可｜完整培訓、快速晉升 – 瓦城集團,餐飲服務人員,門市／店員／專櫃人員,,,,品管／品保主管,智慧製程工程師,儲備幹部,資材主管,電機工程主管
瓦城,【高雄】外場領班／副理｜完整培訓、晉升透明 – 瓦城集團,餐飲主管,餐飲服務人員,飯店／旅館主管,,,資材人員,生管／助理,智慧製程工程師,木工,PLC／自動控制工程師
登瑞,(登瑞集團所屬飯店)客務部經理/副理,飯店／旅館主管,,,,,售票／收銀人員,行政主管,客服主管,業務助理,國貿助理
登瑞,(登瑞集團所屬飯店)管理部 人事主管,人事／人力資源專員,,,,,店長／門市管理人員,品管／品保主管,餐飲主管,資材主管,人事／人力資源主管
登瑞,(登瑞集團所屬飯店)管理部 管理部主管,人事／人力資源專員,,,,,店長／門市管理人員,品管／品保主管,餐飲主管,樓面管理人員,資材主管
百億,【百億跨國製造集團】(Sr.) Finance Manager,財務／會計主管,,,,,金融營業人員,資材人員,查帳／審計人員,工業設計,財務分析／財務人員
百億,急徵 新豐AI大廠【百億集團  產線人員/品管/設備廠務助理工程師】外縣市可住宿 SA,包裝員／作業員,,,,,工程助理,組裝組立技術人員,生管／助理,機械操作人員,生產技術／製程工程師
百億,急徵 龜山工業區✦百億集團✦【人資助理 周休免加班】工讀可 SA,行政助理,工讀生,人事助理,,,生管／助理,倉管／物料管理員,理貨人員,倉儲物流人員,影片製作技術人員
百億慈善企業,【百億慈善企業】電腦大廠~快速上工,組裝組立技術人員,技術人員,,,,智慧製程工程師,包裝員／作業員,水電工,PLC／自動控制工程師,電機技師／工程師
真珠,【真珠】★服務專員★ 起薪36K起＿歡迎無經驗者加入【台中市東區】,餐飲服務人員,,,,,門市／店員／專櫃人員,調酒師／吧台人員,飯店／旅館服務人員,售票／收銀人員,冷熱飲調製人員
真福共好基地,【真福共好基地】權責型失智據點個管師,社會工作人員／督導,,,,,專任管理員,店長／門市管理人員,門市／店員／專櫃人員,產品經理,ISO品保人員
知淳,【知淳】葡萄酒VIP業務,國內業務主管,國內業務人員,通路開發人員,,,國貿助理,業務助理,國外業務人員,國貿人員,秘書
石牌店,石牌店-驗光師(生),驗光師,,,,,調酒師／吧台人員,冷熱飲調製人員,侍酒師,門市／店員／專櫃人員,飯店／旅館服務人員
石牌榮總店,【石牌榮總店】兼職服務員,餐飲服務人員,餐廚助手,,,,飯店／旅館服務人員,調酒師／吧台人員,門市／店員／專櫃人員,侍酒師,冷熱飲調製人員
石牌門市,石牌門市人員,餐飲服務人員,餐廚助手,,,,飯店／旅館服務人員,調酒師／吧台人員,門市／店員／專櫃人員,侍酒師,冷熱飲調製人員
碳佐麻里-高雄時代店,全職外場服務 夜班接待員【碳佐麻里-高雄時代店】,餐飲服務人員,,,,,飯店／旅館服務人員,休閒娛樂事業從業人員,門市／店員／專櫃人員,冷熱飲調製人員,調酒師／吧台人員
碳佐麻里-高雄時代店,兼職外場服務 假日接待員【碳佐麻里-高雄時代店】,餐飲服務人員,,,,,飯店／旅館服務人員,調酒師／吧台人員,冷熱飲調製人員,門市／店員／專櫃人員,侍酒師
碳佐麻里-高雄時代店,兼職外場服務 早班接待員【碳佐麻里-高雄時代店】,餐飲服務人員,,,,,飯店／旅館服務人員,冷熱飲調製人員,調酒師／吧台人員,門市／店員／專櫃人員,飯店／旅館櫃檯人員
碳佐麻里-高雄時代店,兼職外場服務 晚班接待員【碳佐麻里-高雄時代店】,餐飲服務人員,,,,,飯店／旅館服務人員,冷熱飲調製人員,門市／店員／專櫃人員,調酒師／吧台人員,休閒娛樂事業從業人員
礁溪庄 櫻桃谷,【礁溪庄 櫻桃谷】櫃檯正職,餐飲服務人員,餐廚助手,,,,冷熱飲調製人員,調酒師／吧台人員,飯店／旅館櫃檯人員,飯店／旅館服務人員,售票／收銀人員
示波研發,【示波研發】FPGA Engineer,電腦硬體研發工程師,數位IC設計工程師,,,,材料研發人員,微生物分析師,電子工程師,汽車研發人員,醫藥研發人員
票務部,報價OP【票務部】,票務人員／旅行社人員,,,,,資材主管,飯店／旅館主管,經營管理主管,財務／會計主管,儲備幹部
票務部,直客票務人員(票務部越南語)台中分公司,票務人員／旅行社人員,,,,,財務／會計主管,財務分析／財務人員,金融營業人員,會計師,稅務人員
票務部,票務部專員,導遊／領隊／導覽,票務人員／旅行社人員,,,,財務／會計主管,金融營業人員,會計師,財務分析／財務人員,資材主管
福和店,【福和店】美容 / 芳療師,美容師,美療師／芳療師,,,,調酒師／吧台人員,冷熱飲調製人員,門市／店員／專櫃人員,飯店／旅館服務人員,售票／收銀人員
福和店,小海水產海鮮火鍋(福和店)-正職人員,餐飲服務人員,生鮮處理人員,餐廚助手,,,調酒師／吧台人員,冷熱飲調製人員,侍酒師,門市／店員／專櫃人員,飯店／旅館服務人員
福和店,小海水產海鮮火鍋(福和店)-計時人員,餐飲服務人員,餐廚助手,,,,調酒師／吧台人員,冷熱飲調製人員,飯店／旅館服務人員,侍酒師,門市／店員／專櫃人員
福和店,斯朵利＊永和福和店＊誠徵美甲師／美甲師助理（無經驗可）,美甲彩繪師,,,,,美甲助理,藥師助理,攝影助理,資訊助理人員,室內設計助理
福喜滿-南港Lalaport店,★薄多義最新品牌★高階主管★【福喜滿-南港Lalaport店】儲備幹部★月薪42000~47000+績效獎金,經營管理主管,,,,,品管／品保主管,店長／門市管理人員,調酒師／吧台人員,餐飲主管,儲備幹部
福山分校,【福山分校 】課輔老師 ※正職或兼職都可 有經驗者佳,課業輔導老師,補習班導師,助教,,,調酒師／吧台人員,冷熱飲調製人員,工讀生,洗碗人員,外送人員
站前誠品,CONI美容顧問【站前誠品】專櫃 保障薪資32000~36000,門市／店員／專櫃人員,,,,,ISO品保人員,房務人員,客服主管,神秘客,水電工程師
童心幼兒園,【童心幼兒園】園長/儲備園長,園長,,,,,儲備幹部,補習班主任／主管,調酒師／吧台人員,休閒娛樂事業從業人員,店長／門市管理人員
竹兒,【竹兒】工務課維護組-工程師,電機維修人員,機械工程師,營建工程人員,,,RF通訊工程師,韌體工程師,IC設計工程師,IC佈局工程師,嵌入式工程師
竹兒,【竹兒】採購組-事務員,行政人員,,,,,國貿人員,採購人員,報關人員,保稅人員,空運／船務
竹兒,【竹馬/竹兒】護理部-計時助理護理員,其他醫療從業人員,,,,,藥師助理,護理助理(護佐),售票／收銀人員,專科護理師,資訊助理人員
竹兒,新竹兒少安置家園－社工員（師）,社會工作人員／督導,,,,,補習班導師,資材人員,資料庫管理人員,幼教老師,飯店／旅館櫃檯人員
竹北劍橋,【竹北劍橋】幼兒園廚師｜固定週休二日、供午餐、三節獎金、環境單純、守護孩子營養健康,中式廚師,,,,,調酒師／吧台人員,門市／店員／專櫃人員,冷熱飲調製人員,獸醫／獸醫佐,品管／品保主管
竹北博愛店,斯朵利竹北博愛店 新竹城隍店 強勢招設計師 準師 助理,髮型設計師,美髮助理,,,,室內設計助理,資訊助理人員,設計助理,冷凍空調繪圖／設計,UI/UX設計師
竹北博愛店,竹北博愛店 應徵美甲師 美甲助理 儲備主管 高客量高薪資,美甲彩繪師,,,,,特別助理,秘書,財務／會計助理,採購助理,國貿助理
竹北縣政店,【兼職】摩斯竹北縣政店(159mos),餐飲服務人員,,,,,電腦操作／資料輸入,秘書,活動企劃人員,行政人員,財務／會計助理
竹北自強店,【竹北自強店】房屋管理師,國內業務人員,不動產經紀人／營業員,,,,房務人員,儲備幹部,客服主管,資材主管,ISO品保人員
竹北自強店,貴族世家竹北自強店  二度就業服務人員,餐飲服務人員,餐廚助手,,,,門市／店員／專櫃人員,神秘客,飯店／旅館服務人員,調酒師／吧台人員,房務人員
竹南台積電,設備 setup 裝機人員(竹南台積電）,工程助理,組裝組立技術人員,,,,電子設備維修人員,電機設備裝配員,電器產品維修人員,電機技師／工程師,燈光技術人員
竹科台積電,【HC001】竹科台積電-設備保養人員(非無塵室),維修技術人員,廠務,技術人員,,,智慧製程工程師,PLC／自動控制工程師,工業設計,電機技師／工程師,水電工
竹科台積電,正職非約聘-廠區營建施工人員(竹科台積電),營建工程人員,營建雜工／粗工,技術人員,,,智慧製程工程師,電機技師／工程師,電機設備裝配員,PLC／自動控制工程師,水電工
竹科聯詠,【竹科聯詠】駐廠Helpdesk工程師,系統工程師,,,,,工程助理,冷凍空調繪圖／設計,機械設計／繪圖人員,光電／半導體工程助理,室內設計助理
築田便當信義店,【築田便當信義店】廚師,中式廚師,,,,,調酒師／吧台人員,冷熱飲調製人員,西式廚師,侍酒師,洗碗人員
築田便當板橋店,【築田便當板橋店】廚師,中式廚師,,,,,調酒師／吧台人員,冷熱飲調製人員,侍酒師,西式廚師,門市／店員／專櫃人員
米其林一星,米其林一星餐廳服務生（工讀）,餐飲服務人員,工讀生,,,,飯店／旅館服務人員,調酒師／吧台人員,侍酒師,冷熱飲調製人員,門市／店員／專櫃人員
米其林台南輪胎中心,【米其林台南輪胎中心】底盤工程師-(保障薪4.5萬起),汽車引擎技術人員,汽車維修人員,其他車輛維修人員,,,水電工程師,PLC／自動控制工程師,結構技師／工程師,土木技師,工業設計
米金空間,【米金空間】業務營運專員,國內業務人員,不動產經紀人／營業員,通路開發人員,,,業務助理,國貿助理,內勤業務,秘書,國外業務人員
精科,【精科】CNC五軸銑床加工機操作人員及主管,CNC銑床人員,機械操作人員,機械加工技術人員,技術人員,生產設備工程師,生管主管,壓鑄模具技術人員,沖壓模具技術人員,領班／管理幹部,CNC車床人員
精科,外務(台中精科),國內業務人員,外務／快遞／送貨,倉儲物流人員,,,調酒師／吧台人員,門市／店員／專櫃人員,侍酒師,冷熱飲調製人員,飯店／旅館服務人員
精科,工安工程師(中壢精科),職業安全衛生管理人員,,,,,水電工程師,PLC／自動控制工程師,工業設計,BIOS工程師,IC佈局工程師
精科,急徵清潔員-台中一處〈南屯-台中精科廠區〉,清潔／資源回收人員,,,,,房務人員,資材人員,調酒師／吧台人員,智慧製程工程師,生管／助理
紅葉蛋糕,[紅葉蛋糕]蛋糕三手/助手(板南廠,餐廚助手,,,,,智慧製程工程師,包裝員／作業員,調酒師／吧台人員,木工,品管人員
統一,BEING spa(統一集團旗下) 芳療師(台北市),美容師,美療師／芳療師,,,,調酒師／吧台人員,冷熱飲調製人員,門市／店員／專櫃人員,侍酒師,售票／收銀人員
統一,BEING spa(統一集團旗下) 芳療師(台南市),美容師,美療師／芳療師,,,,調酒師／吧台人員,冷熱飲調製人員,門市／店員／專櫃人員,侍酒師,售票／收銀人員
統一,BEING spa(統一集團旗下) 芳療師(高雄市),美容師,美療師／芳療師,,,,調酒師／吧台人員,冷熱飲調製人員,門市／店員／專櫃人員,侍酒師,售票／收銀人員
統一,【台北地區】統一外務人員,店長／門市管理人員,店長／門市管理人員,,,,門市／店員／專櫃人員,調酒師／吧台人員,冷熱飲調製人員,外送人員,售票／收銀人員
統一,【日商山崎｜SAISON du SOLEIL 統一夢時代】 麵包製作｜兼職｜籌備中,餐廚助手,麵包師,,,,調酒師／吧台人員,門市／店員／專櫃人員,冷熱飲調製人員,外送人員,資材人員
統一,【時薪222~310】統一時代市府店【涮乃葉】兼職人員及大專院校實習生,餐飲服務人員,餐廚助手,洗碗人員,,,工讀生,外送人員,調酒師／吧台人員,飯店／旅館服務人員,冷熱飲調製人員
統一,【正職】統一時代百貨台北店_顧客服務專員 Customer Advisor-R00000004166137,門市／店員／專櫃人員,,,,,國貿人員,文字客服,國貿助理,採購助理,業務助理
統一,【正職】統一時代百貨高雄店_顧客服務專員 Customer Advisor-R00000004166189,門市／店員／專櫃人員,,,,,國貿人員,文字客服,國貿助理,採購助理,業務助理
統一,【統一集團連鎖烘焙】中央工廠-中班計時人員 (工作時段14:00~18:00),包裝員／作業員,,,,,生鮮處理人員,藥師助理,調酒師／吧台人員,遊樂景點工作人員,冷熱飲調製人員
統一,【統一集團連鎖烘焙】中央工廠-夜班烘焙助手(另有夜班津貼),餐廚助手,,,,,生鮮處理人員,包裝員／作業員,倉管／物料管理員,沖床人員,遊樂景點工作人員
統一,【統一集團連鎖烘焙】中央工廠-烘焙助手 (保障年薪13個月以上),餐廚助手,,,,,智慧製程工程師,沖壓模具技術人員,沖床人員,水電工,木工
統一,停車場管理員-PT時薪人員(統一國際大樓),保全人員／警衛,管理員,,,,樓面管理人員,售票／收銀人員,門市／店員／專櫃人員,休閒娛樂事業從業人員,資材主管
統一,台北統一時代百貨-漢來上海湯包  領班,儲備幹部,餐飲服務人員,餐飲領班,,,木工,智慧製程工程師,領班／管理幹部,生鮮處理人員,包裝員／作業員
統一,台北統一時代百貨-漢來上海湯包 驗收專員,採購助理,倉管／物料管理員,採購人員,,,品管人員,檢驗人員,包裝員／作業員,原料檢驗人員,智慧製程工程師
統一,台北統一時代百貨-漢來上海湯包廚房 A廚師,餐飲領班,中式廚師,,,,調酒師／吧台人員,西式廚師,冷熱飲調製人員,麵包師,品管／品保主管
統一,台北統一時代百貨-漢來上海湯包廚房 B廚師,中式廚師,,,,,調酒師／吧台人員,西式廚師,冷熱飲調製人員,麵包師,品管／品保主管
統一,統一健身俱樂部 兼職櫃檯客服(立德館),總機／接待／櫃檯人員,,,,,行政人員,客服主管,文字客服,行政主管,秘書
統一,統一健身俱樂部 專業健身教練 台南南山館,運動教練,,,,,店長／門市管理人員,儲備幹部,補習班主任／主管,品管／品保主管,產品經理
統一,統一健身俱樂部 專業健身教練 土城立德館,運動教練,,,,,店長／門市管理人員,儲備幹部,品管／品保主管,補習班主任／主管,飯店／旅館主管
統一,統一健身俱樂部 專業健身教練 高雄苓雅館,運動教練,,,,,儲備幹部,店長／門市管理人員,品管／品保主管,產品經理,補習班主任／主管
統一,統一健身俱樂部 專業健身教練 高雄高夢館,運動教練,,,,,儲備幹部,店長／門市管理人員,品管／品保主管,旅遊休閒類主管,產品經理
統一,統一健身俱樂部 櫃檯客服 台南南山館,總機／接待／櫃檯人員,客服人員,,,,客服主管,行政主管,文字客服,醫院行政管理人員,售票／收銀人員
統一,統一健身俱樂部 櫃檯客服 台南南紡館,總機／接待／櫃檯人員,客服人員,,,,客服主管,行政主管,文字客服,行政人員,醫院行政管理人員
統一,統一健身俱樂部 櫃檯客服 土城立德館,總機／接待／櫃檯人員,客服人員,,,,客服主管,行政主管,文字客服,醫院行政管理人員,行政人員
統一,統一健身俱樂部 櫃檯客服 高雄苓雅館,總機／接待／櫃檯人員,客服人員,,,,客服主管,行政主管,文字客服,資材人員,售票／收銀人員
統一,統一健身俱樂部 櫃檯客服 高雄高夢館,總機／接待／櫃檯人員,客服人員,,,,客服主管,行政主管,文字客服,地勤人員,資材人員
統一,統一台南新市食品廠保全員(50160元/240小時),保全人員／警衛,,,,,ISO品保人員,水電工,檢驗人員,品管人員,公路橋梁檢測人員
統一,統一期貨_人事專員,人事／人力資源專員,行政人員,,,,倉管／物料管理員,理貨人員,倉儲物流人員,資材人員,保稅人員
統一,統一楊梅廠夜間安全室人員,保全人員／警衛,,,,,電器產品維修人員,水電工,機械加工技術人員,PLC／自動控制工程師,電機設備裝配員
統一,統一牛奶車行動銷售業務員,小客車／小貨車司機,承銷人員,,,,國外業務人員,廣告AE,國內業務人員,國貿人員,國外業務主管
統一,統一超商中一區會計行政(時薪制),工讀生,行政助理,,,,會計／出納／記帳人員,檔案資料管理人員,財務／會計助理,行政人員,秘書
統一,統一超商中二區會計行政(時薪制),工讀生,行政助理,,,,會計／出納／記帳人員,財務／會計助理,檔案資料管理人員,行政人員,秘書
統一,統一超商加盟店樟忠門市(金和盛興業社)顧客服務員,門市／店員／專櫃人員,,,,,售票／收銀人員,活動企劃人員,業務助理,神秘客,秘書
統一,統一超商加盟推廣專員(北區加盟TEAM),國內業務人員,,,,,行銷企劃人員,售票／收銀人員,產品企劃主管,表演／主持／直播人員,門市／店員／專櫃人員
統一,統一超商加盟推廣專員(桃竹加盟TEAM),國內業務人員,,,,,行銷企劃人員,產品企劃主管,售票／收銀人員,門市／店員／專櫃人員,表演／主持／直播人員
統一,統一超商工廠駐廠輔導專員,品管／品保主管,生管／助理,食品檢驗人員,,,傳統車床人員,倉管／物料管理員,倉儲物流人員,升學補習班老師,理貨人員
統一,統一超商店舖工程助理(時薪制),行政助理,水電及其他工程繪圖人員,,,,室內設計助理,設計助理,資訊助理人員,冷凍空調繪圖／設計,人事助理
統一,統一超商店舖續約專員(北三發展TEAM),不動產經紀人／營業員,國內業務人員,,,,門市／店員／專櫃人員,售票／收銀人員,店長／門市管理人員,冷熱飲調製人員,調酒師／吧台人員
統一,統一超商店舖續約專員(桃竹一發展TEAM),不動產經紀人／營業員,國內業務人員,,,,門市／店員／專櫃人員,售票／收銀人員,店長／門市管理人員,冷熱飲調製人員,調酒師／吧台人員
統一,統一超商店舖規劃助理PT (中一),行政助理,工讀生,,,,室內設計助理,設計助理,資訊助理人員,行銷企劃助理,執行製作／助理
統一,統一超商後勤實習生(加盟主關係TEAM),工讀生,,,,,售票／收銀人員,門市／店員／專櫃人員,資材人員,客服主管,產品經理
統一,統一超商技術經理(uniopen電商),電子商務技術主管,,,,,技術人員,電機設備裝配員,電機技師／工程師,電器產品維修人員,雷射技術操作員
統一,統一超商投資人關係專員,財務分析／財務人員,,,,,金融營業人員,售票／收銀人員,產品經理,門市／店員／專櫃人員,資材主管
統一,統一超商數據工程師 (Data Engineer),數據分析師／資料分析師,,,,,水電工程師,嵌入式工程師,區塊鏈工程師,工業設計,PLC／自動控制工程師
統一,統一超商時薪制人員(iOPEN Mall電子商務),工讀生,行政助理,,,,資材人員,售票／收銀人員,倉管／物料管理員,倉儲物流人員,理貨人員
統一,統一超商時薪制人員(商品販促暨品牌行銷TEAM) 歡迎原住民、在校生、工時彈性可討論,工讀生,行銷企劃助理,,,,門市／店員／專櫃人員,售票／收銀人員,行銷企劃人員,產品經理,廣告設計
統一,統一超商時薪制人員(行銷企劃部),行政助理,工讀生,,,,售票／收銀人員,行銷企劃人員,產品企劃主管,產品經理,廣告／行銷企劃主管
統一,統一超商法務專員,法務人員,,,,,門市／店員／專櫃人員,售票／收銀人員,遊樂景點工作人員,廣告設計,金融營業人員
統一,統一超商法務專員(SET法務TEAM),法務人員,,,,,法務助理,門市／店員／專櫃人員,售票／收銀人員,廣告設計,律師
統一,統一超商維護專員(中二工程TEAM),機電技師／工程師,內業工程人員,,,,花藝／園藝人員,機械工程師,水電工程師,PLC／自動控制工程師,維修技術人員
統一,統一超商維護專員(北三工程TEAM),機電技師／工程師,工務工管人員,,,,花藝／園藝人員,機械工程師,水電工程師,維修技術人員,PLC／自動控制工程師
統一,統一超商薪酬管理行政,人事／人力資源專員,,,,,行政人員,行政主管,總務人員,電腦操作／資料輸入,秘書
統一,統一超商資深資料工程師(uniopen客戶資料平台CDP),數據分析師／資料分析師,商業分析師,資料科學工程師,,,資料庫管理人員,建築繪圖／設計,MIS工程師,神秘客,嵌入式工程師
統一,統一超商電子商務資深後端工程師(uniopen eCommerce Senior Backend Engineer)(技術一),軟體工程師,後端工程師,,,,機電技師／工程師,FAE工程師,水電工程師,PLC／自動控制工程師,電機設備裝配員
統一,藝燒統一Dream plaza-外場服務人員,餐飲服務人員,,,,,調酒師／吧台人員,門市／店員／專櫃人員,冷熱飲調製人員,飯店／旅館服務人員,侍酒師
統一,韓國八色烤肉★統一Dream Plaza店★-外場店副理【薪資48000元起】!!,餐飲主管,餐飲服務人員,,,,門市／店員／專櫃人員,調酒師／吧台人員,售票／收銀人員,冷熱飲調製人員,侍酒師
統一,髮型設計師(統一招募),髮型設計師,美髮講師／技導,整體造型師,美髮助理,,工業設計,IC設計工程師,建築繪圖／設計,水電工程師,零組件工程師
統一,🌟TheGreenery蔬坊-統一時代百貨店-晚班兼職-立刻上班,餐飲服務人員,工讀生,,,,調酒師／吧台人員,冷熱飲調製人員,門市／店員／專櫃人員,飯店／旅館服務人員,侍酒師
統一企業,統一企業-2026製程儲備工程師,生產技術／製程工程師,,,,,智慧製程工程師,電機技師／工程師,電機設備裝配員,PLC／自動控制工程師,模具技術人員
統一企業,統一企業-ESG能源管理儲備工程師/台南市永康區,生產設備工程師,,,,,水電工程師,土木工程師,PLC／自動控制工程師,工業設計,電機工程主管
統一企業,統一企業-冷凍空調儲備工程師(南、北),電機技師／工程師,機電技師／工程師,,,,水電工程師,PLC／自動控制工程師,工業設計,冷凍空調繪圖／設計,IC佈局工程師
統一企業,統一企業-品管員/楊梅品管課,品管人員,食品檢驗人員,,,,門市／店員／專櫃人員,調酒師／吧台人員,資材人員,品管／品保主管,ISO品保人員
統一企業,統一企業-品管員/湖口品管課,原料檢驗人員,品管人員,,,,ISO品保人員,品管／品保主管,資材人員,門市／店員／專櫃人員,智慧製程工程師
統一企業,統一企業-委外管理儲備工程師/台中市西屯區,生產設備工程師,,,,,土木工程師,水電工程師,工業設計,設備工程主管,建築繪圖／設計
統一企業,統一企業-委外管理儲備工程師/台南市永康區,生產技術／製程工程師,工業工程師,,,,土木工程師,水電工程師,建築師,工業設計,建築繪圖／設計
統一企業,統一企業-定期契約工/北區環保資源課中壢處理班,環保／環境工程師／技師,,,,,資材人員,房務人員,生鮮處理人員,智慧製程工程師,水電工
統一企業,統一企業-定期契約工/新市品管課,品管人員,檢驗人員,,,,產品經理,資材人員,智慧製程工程師,資材主管,門市／店員／專櫃人員
統一企業,統一企業-寵物食品儲備主管/台南市永康區,專案業務主管,其他專案管理師,產品管理師,,,店長／門市管理人員,儲備幹部,產品經理,品管／品保主管,門市／店員／專櫃人員
統一企業,統一企業-投資併購分析師 / 台北巿,財務分析／財務人員,,,,,神秘客,產品經理,市場調查／分析人員,金融營業人員,資料庫管理人員
統一企業,統一企業-操作員/楊梅乳品二廠,機械操作人員,,,,,包裝員／作業員,智慧製程工程師,CNC車床人員,檢驗人員,技術人員
統一企業,統一企業-操作員/永康麵粉廠,機械操作人員,,,,,包裝員／作業員,CNC車床人員,智慧製程工程師,塑膠押出技術人員,傳統車床人員
統一企業,統一企業-操作員/湖口食品廠,機械操作人員,,,,,包裝員／作業員,檢驗人員,技術人員,CNC車床人員,倉管／物料管理員
統一企業,統一企業-環保儲備主管/台南市永康或新市區、桃園市中壢、楊梅區,環保／環境工程師／技師,,,,,餐飲主管,店長／門市管理人員,儲備幹部,品管／品保主管,資材主管
統一企業,統一企業-產線生產人員/中壢蛋糕廠,西點蛋糕師,麵包師,,,,包裝員／作業員,智慧製程工程師,技術人員,塑膠押出技術人員,電機技師／工程師
統一企業,統一企業-產線生產人員/中壢麵包廠,西點蛋糕師,麵包師,,,,包裝員／作業員,技術人員,CNC車床人員,塑膠押出技術人員,智慧製程工程師
統一企業,統一企業-製造系統整合儲備工程師/台南市永康區,生產設備工程師,生產技術／製程工程師,生產線工程師,,,PLC／自動控制工程師,智慧製程工程師,電機技師／工程師,MES工程師,電機設備裝配員
統一企業,統一企業-設備管理儲備工程師/台南市永康區,生產設備工程師,,,,,土木工程師,水電工程師,PLC／自動控制工程師,電機工程主管,工業設計
統一企業,統一企業中壢廠安全室人員 急徵日班 月休6-7天 47520,保全人員／警衛,,,,,技術人員,水電工,PLC／自動控制工程師,機械加工技術人員,電機設備裝配員
統一企業,統一企業湖口廠安全室人員 月休6-7天 47520,保全人員／警衛,,,,,電器產品維修人員,水電工,食品檢驗人員,機械加工技術人員,工廠安全衛生人員
綜辦部-台中,外務人員【綜辦部-台中】,票務人員／旅行社人員,,,,,餐飲主管,調酒師／吧台人員,售票／收銀人員,門市／店員／專櫃人員,資材主管
綠璟景觀,環境維護人員【綠璟景觀】,清潔／資源回收人員,,,,,花藝／園藝人員,冷凍空調技術人員／安裝員,電子設備維修人員,機械工程師,水電工
線東店,📢[線東店]檳榔門市人員-早班,休閒娛樂事業從業人員,,,,,冷熱飲調製人員,調酒師／吧台人員,侍酒師,門市／店員／專櫃人員,飯店／旅館服務人員
緯豆,【緯豆集團 資訊部】副理,軟體工程師,全端工程師,系統工程師,,,資材主管,資材人員,售票／收銀人員,儲備幹部,UI/UX設計師
繼光香香雞,繼光香香雞【信義商圈-新光A8、統一時代】晚班工讀-時薪$210起,餐飲服務人員,,,,,生鮮處理人員,門市／店員／專櫃人員,倉管／物料管理員,倉儲物流人員,資材人員
繼光香香雞,繼光香香雞【信義商圈、台北車站商圈、西門商圈、東區商圈】晚班工讀-時薪210起,餐飲服務人員,,,,,門市／店員／專櫃人員,生鮮處理人員,售票／收銀人員,倉儲物流人員,倉管／物料管理員
繼光香香雞,繼光香香雞【勤美門市】 儲備副店薪資41600元起! 獎金另計～月休8-10日,餐飲領班,餐飲主管,儲備幹部,,,調酒師／吧台人員,西式廚師,餐廚助手,冷熱飲調製人員,門市／店員／專櫃人員
繼光香香雞,繼光香香雞【台中北泰安】-假日兼職,工讀生,餐飲服務人員,,,,調酒師／吧台人員,門市／店員／專櫃人員,冷熱飲調製人員,飯店／旅館服務人員,侍酒師
繼光香香雞,繼光香香雞【台中豐原門市】儲備副店 薪資39100元起!獎金另計!一段班,餐飲領班,餐飲主管,,,,調酒師／吧台人員,冷熱飲調製人員,門市／店員／專櫃人員,侍酒師,西式廚師
繼光香香雞,"繼光香香雞【台北南西誠品】儲備副店   薪資上看43,600元!!月休8-10天",餐飲領班,餐飲主管,,,,調酒師／吧台人員,冷熱飲調製人員,西式廚師,門市／店員／專櫃人員,品管／品保主管
繼光香香雞,"繼光香香雞【台北南西誠品】儲備店長 薪資上看47,600元 月休8-10天*供宿舍",餐飲領班,餐飲主管,,,,調酒師／吧台人員,門市／店員／專櫃人員,儲備幹部,冷熱飲調製人員,品管／品保主管
繼光香香雞,繼光香香雞【大直美麗華百貨】儲備副店薪資上看43100元!月休8-10天｜一段班,餐飲領班,餐飲主管,,,,調酒師／吧台人員,冷熱飲調製人員,西式廚師,門市／店員／專櫃人員,餐廚助手
繼光香香雞,繼光香香雞【忠孝門市】 晚班工讀/假日兼職-時薪$210起-近捷運站,餐飲服務人員,,,,,調酒師／吧台人員,冷熱飲調製人員,飯店／旅館服務人員,門市／店員／專櫃人員,洗碗人員
繼光香香雞,"繼光香香雞【新北-新店裕隆城門市】儲備副店  薪資可達43,600元起!月休8-10天",餐飲領班,餐飲主管,,,,調酒師／吧台人員,西式廚師,冷熱飲調製人員,門市／店員／專櫃人員,餐廚助手
繼光香香雞,"繼光香香雞【新北-新莊宏匯門市】儲備副店  薪資可達43,600元起!月休8-10天",餐飲領班,餐飲主管,,,,調酒師／吧台人員,冷熱飲調製人員,西式廚師,門市／店員／專櫃人員,餐廚助手
繼光香香雞,繼光香香雞【潤泰松山門市】儲備副店薪資上看45600元!獎金另計!月休8-10天,餐飲領班,餐飲主管,,,,調酒師／吧台人員,西式廚師,冷熱飲調製人員,門市／店員／專櫃人員,餐廚助手
繼光香香雞,繼光香香雞【藝文特區門市】-兼職服務員,餐飲服務人員,其他料理廚師,,,,飯店／旅館服務人員,調酒師／吧台人員,門市／店員／專櫃人員,冷熱飲調製人員,侍酒師
繼光香香雞,"繼光香香雞【高雄左營門市】儲備副店薪資上看41,600元!月休8-10天",餐飲領班,餐飲主管,,,,調酒師／吧台人員,西式廚師,冷熱飲調製人員,門市／店員／專櫃人員,餐廚助手
繼光香香雞,"繼光香香雞【高雄巨蛋門市】儲備副店薪資41,600元起!月休8-10天",餐飲領班,餐飲主管,,,,調酒師／吧台人員,西式廚師,冷熱飲調製人員,門市／店員／專櫃人員,餐廚助手
羅東純精-阿曼地產,【羅東純精-阿曼地產】不動產經紀《普專》營業員,不動產經紀人／營業員,,,,,門市／店員／專櫃人員,店長／門市管理人員,金融營業人員,儲備幹部,飯店／旅館主管
羅東純精店,【羅東純精店】不動產經紀《普專》營業員,國內業務人員,不動產經紀人／營業員,,,,店長／門市管理人員,門市／店員／專櫃人員,餐飲主管,儲備幹部,飯店／旅館主管
羅東純精店,【羅東純精店】不動產經紀《高專》營業員,國內業務人員,不動產經紀人／營業員,,,,店長／門市管理人員,門市／店員／專櫃人員,餐飲主管,儲備幹部,飯店／旅館主管
羅東茶宴,【羅東茶宴】早班長期計時人員,餐飲服務人員,工讀生,,,,冷熱飲調製人員,調酒師／吧台人員,侍酒師,門市／店員／專櫃人員,外送人員
美力斯家俱館,【美力斯家俱館】社群小編,社群經營人員,數位行銷人員,行銷企劃助理,,,門市／店員／專櫃人員,冷熱飲調製人員,調酒師／吧台人員,侍酒師,飯店／旅館服務人員
美妝,CEO_知名美妝品牌 (3008041),經營管理主管,,,,,門市／店員／專櫃人員,調酒師／吧台人員,廣告設計,售票／收銀人員,產品企劃主管
美妝,J1000 電子商務店家管理(3C/食品/美妝),內勤業務,國內業務人員,通路開發人員,,,產品經理,門市／店員／專櫃人員,客服主管,廣告設計,儲備幹部
美妝,J1000 電子商務銷售企劃(美妝館),產品企劃人員,,,,,行銷企劃人員,廣告設計,傳播媒體編輯企劃,活動企劃人員,廣告AE
美妝,【生技】產品企劃管理營養師PM 【消費性保健美妝商品】,產品企劃人員,廣告文案企劃人員,行銷企劃人員,市場調查／分析人員,網站企劃人員,產品經理,產品企劃主管,ISO品保人員,客服主管,產品管理師
美妝,【生技】電商營運商開企劃專員MD 【消費性保健美妝商品】,行銷企劃人員,廣告／行銷企劃主管,市場調查／分析人員,產品經理,國內業務主管,國外業務人員,報關人員,國貿人員,資材人員,醫藥業務代表
美妝,【知名外商開架美妝保養品牌】HR & Admin Specialist｜人資行政專員｜英文能力可書信即可｜ AMR_851,人事／人力資源主管,人事／人力資源專員,人事助理,,,行政人員,電腦操作／資料輸入,秘書,財務／會計助理,排版人員
美妝,美妝 ／ 保養 ／ 香氛銷售招募【北部招募專區】銷售人才專屬招募區__為你匹配最佳職位!!!___AMR_224,門市／店員／專櫃人員,門市／店員／專櫃人員,,,,儲備幹部,國內業務主管,國內業務人員,國外業務主管,客服主管
美妝,美妝 ／ 保養 ／ 香氛銷售招募【南部招募專區】銷售人才專屬招募區__為你匹配最佳職位!!!___AMR_224,門市／店員／專櫃人員,門市／店員／專櫃人員,,,,儲備幹部,國內業務主管,國外業務主管,國內業務人員,客服主管
美妝,美妝保養品銷售人員,電商行銷,美容師,表演／主持／直播人員,,,門市／店員／專櫃人員,產品經理,儲備幹部,行銷企劃人員,產品企劃主管
美妝,美妝商品行銷副總/協理_知名美妝品牌 (3008265),廣告／行銷企劃主管,,,,,媒體公關人員,行銷企劃助理,廣告設計,活動企劃人員,秘書
美妝,電商行銷業務助理(美妝保養/保健食品),商業設計,美編人員,,,,業務助理,國貿助理,秘書,採購助理,電腦操作／資料輸入
美廉社,三商家購(上市公司)＜美廉社＞-物流部-倉儲課級主管,基層管理幹部,工廠高階主管,,,,資材主管,資材人員,倉管／物料管理員,生管主管,儲備幹部
美廉社,三商家購(上市公司)＜美廉社＞-物流部-經營管理課級主管,基層管理幹部,工廠高階主管,,,,資材主管,採購主管,儲備幹部,運輸物流類主管,旅遊休閒類主管
美時,【美時】旗下醫美館(儲備幹部)(中壢店) 植髮養護美容師 / 皮膚管理美容師/ spa芳療師(★薪5萬元起 ★) (桃園市. 中壢區),美療師／芳療師,,,,,店長／門市管理人員,儲備幹部,客服主管,維修技術主管,資材主管
美時,【美時】旗下醫美館(儲備幹部)(新竹店) 植髮養護美容師 / 皮膚管理美容師/ spa芳療師(★薪5萬元起 ★) (新竹市.東區),美療師／芳療師,,,,,店長／門市管理人員,儲備幹部,客服主管,維修技術主管,資材主管
美登利壽司大安店,【美登利壽司大安店】內場儲備幹部（月薪含獎金40000~45000無經驗可-入社獎金10000元）,日式廚師,生鮮處理人員,,,,品管／品保主管,西式廚師,餐廚助手,餐飲主管,調酒師／吧台人員
美登利壽司大安店,長期配合優先【美登利壽司大安店】廚房早/晚班計時人員（含全勤時薪220~275元）,餐廚助手,餐飲服務人員,,,,調酒師／吧台人員,冷熱飲調製人員,門市／店員／專櫃人員,飯店／旅館服務人員,侍酒師
美術館店,久違石頭火鍋（高雄美術館店）正職人員,餐飲服務人員,餐廚助手,,,,侍酒師,調酒師／吧台人員,飯店／旅館服務人員,冷熱飲調製人員,門市／店員／專櫃人員
美語-北,【美語-北】英語輔導老師,助教,語文補習班老師,,,,安親課輔老師,教保員／保育員,升學補習班老師,幼教老師,美術老師
美食達人股份,工程部專員-美食達人股份有限公司,工地監工,,,,,電機工程主管,平面設計,水電工程師,土木工程師,結構技師／工程師
美食達人股份,美國稽核副理-美食達人股份有限公司,財務／會計主管,稽核人員,稽核主管,,,財務／會計助理,電腦操作／資料輸入,會計／出納／記帳人員,秘書,排版人員
美食達人股份,門市二手、一手、領班(竹南光復)–美食達人股份有限公司,麵包師,,,,,調酒師／吧台人員,冷熱飲調製人員,飯店／旅館服務人員,門市／店員／專櫃人員,日式廚師
美麗新,美麗新影城-團體業務專員,國內業務人員,電話行銷人員,通路開發人員,,,國貿人員,國外業務人員,國貿助理,業務助理,活動企劃人員
美麗新,美麗新集團-人資專員,人事／人力資源專員,人事助理,,,,資材人員,金融營業人員,售票／收銀人員,資料庫管理人員,神秘客
美麗特,[美麗特]-助理,美容助理,,,,,電腦操作／資料輸入,秘書,財務／會計助理,資訊助理人員,採購助理
美麗特,[美麗特]-美甲師(兼職),美甲彩繪師,,,,,美甲助理,資材人員,外送人員,平面設計,神秘客
美麗特,[美麗特]-美睫師,美睫師,,,,,智慧製程工程師,木工,資材人員,美術老師,服裝設計
美麗特,[美麗特]-美睫師(兼職),美睫師,,,,,資材人員,神秘客,生管／助理,平面設計,飯店／旅館櫃檯人員
美麗特,[美麗特]-美體芳療師,美療師／芳療師,美容師,,,,調酒師／吧台人員,智慧製程工程師,冷熱飲調製人員,神秘客,門市／店員／專櫃人員
美麗特,[美麗特]-諮詢師,美髮講師／技導,髮型設計師,教育訓練人員,,,神秘客,專業顧問,平面設計,留學諮詢顧問,禮儀師
美麗特,[美麗特]-養護師,髮型設計師,美髮助理,,,,動物飼育專業人員,獸醫／獸醫佐,照顧服務／指導員,聽力師,護理師
美麗特,[美麗特]-養護師(兼職)(免費教育訓練),髮型設計師,美髮助理,,,,動物飼育專業人員,照顧服務／指導員,專任管理員,獸醫／獸醫佐,護理助理(護佐)
美麗華,(美麗華) hengstyle專櫃 銷售顧問,門市／店員／專櫃人員,,,,,行銷企劃人員,國內業務人員,汽車銷售人員,廣告設計,專業顧問
美麗華,「發火鍋 美麗華」月休6-8 薪42000-47800 外場全職人員 櫃台 工作人員,餐飲服務人員,餐飲領班,,,,飯店／旅館服務人員,門市／店員／專櫃人員,售票／收銀人員,客服主管,休閒娛樂事業從業人員
美麗華,「發火鍋 美麗華」月休6-8天 50000-55500 湯台人員（沾板）,中式廚師,餐廚助手,生鮮處理人員,,,調酒師／吧台人員,門市／店員／專櫃人員,飯店／旅館服務人員,冷熱飲調製人員,侍酒師
美麗華,【日商無印良品｜正職月薪社員】起薪37k✦升遷順暢✦穩定調薪(美麗華/微風松高/統一時代),門市／店員／專櫃人員,店長／門市管理人員,,,,倉管／物料管理員,倉儲物流人員,外務／快遞／送貨,資材人員,生鮮處理人員
美麗華,內湖區(美麗華附近)行政組長45000元,保全人員／警衛,總幹事,管理員,,,行政人員,電腦操作／資料輸入,秘書,財務／會計助理,檔案資料管理人員
美麗華,全職-外場客服員(美麗華)月休10~12天,門市／店員／專櫃人員,休閒娛樂事業從業人員,遊樂景點工作人員,,,業務助理,國貿助理,資材人員,電腦操作／資料輸入,秘書
美麗華,美麗華高爾夫球場中餐廳徵服務人員,餐飲服務人員,,,,,飯店／旅館服務人員,調酒師／吧台人員,侍酒師,餐飲主管,冷熱飲調製人員
美麗華店,「發火鍋 美麗華店」月休6-8天 50000-60500 爐子 中工 二廚,中式廚師,餐廚助手,生鮮處理人員,,,飯店／旅館服務人員,調酒師／吧台人員,餐飲主管,門市／店員／專櫃人員,冷熱飲調製人員
美麗華店,【正職】美麗華店_顧客服務專員 Customer Advisor-R00000004166139,門市／店員／專櫃人員,,,,,國貿人員,國貿助理,文字客服,業務助理,採購助理
美麗華店,岩島成外場早班計時人員[美麗華店],餐飲服務人員,,,,,調酒師／吧台人員,冷熱飲調製人員,侍酒師,飯店／旅館服務人員,門市／店員／專櫃人員
美麗華店,岩島成外場晚班計時人員[美麗華店],餐飲服務人員,,,,,調酒師／吧台人員,冷熱飲調製人員,侍酒師,飯店／旅館服務人員,門市／店員／專櫃人員
美麗華店,岩島成日式麵包內場烘焙員[美麗華店],麵包師,,,,,餐廚助手,餐飲服務人員,調酒師／吧台人員,西式廚師,洗碗人員
美麗華店,美麗華店清潔人員,清潔／資源回收人員,家事服務／洗衣,,,,洗碗人員,冷熱飲調製人員,調酒師／吧台人員,房務人員,門市／店員／專櫃人員
美麗華店,韓國八色烤肉★大美麗華店★-外場店副理【薪資48000起】!!,餐飲服務人員,餐飲主管,,,,調酒師／吧台人員,門市／店員／專櫃人員,冷熱飲調製人員,售票／收銀人員,電腦操作／資料輸入
美麗華店,髮型設計師(美麗華店),髮型設計師,美髮講師／技導,整體造型師,,,平面設計,工業設計,建築繪圖／設計,服裝設計,水電工程師
美麗華旗艦店,美麗華旗艦店【訂席業務專員】金色三麥LE BLE D‘OR,餐飲主管,國內業務人員,門市／店員／專櫃人員,,,國貿助理,業務助理,國貿人員,國外業務人員,秘書
群富,【群富】電訪人員、無經驗、見紅休、保障底薪~100000,融資／信用業務人員,電話行銷人員,電訪人員,,,水電工程師,消防專業人員,PLC／自動控制工程師,水電工,房務人員
義享,【時薪202~290】高雄義享店【涮乃葉】兼職人員&大專院校實習生,餐飲服務人員,餐廚助手,洗碗人員,,,工讀生,外送人員,學徒,實習律師,調酒師／吧台人員
義享,天仁喫茶趣高雄義享店 吧檯.外場兼職人員,餐飲服務人員,,,,,調酒師／吧台人員,冷熱飲調製人員,飯店／旅館服務人員,侍酒師,門市／店員／專櫃人員
義享,晚班計時人員(斑鳩的窩義享店),餐飲服務人員,餐廚助手,,,,冷熱飲調製人員,調酒師／吧台人員,門市／店員／專櫃人員,售票／收銀人員,飯店／旅館服務人員
義享,正職外場服務人員(高雄義享店),技術人員,休閒娛樂事業從業人員,,,,調酒師／吧台人員,冷熱飲調製人員,門市／店員／專櫃人員,侍酒師,飯店／旅館服務人員
義享,義享天地-儲備幹部,清潔／資源回收人員,,,,,品管／品保主管,儲備幹部,店長／門市管理人員,資材主管,調酒師／吧台人員
義享,義享天地-大夜班打蠟人員,清潔／資源回收人員,,,,,冷熱飲調製人員,調酒師／吧台人員,售票／收銀人員,門市／店員／專櫃人員,生鮮處理人員
義享,義享天地-樓面(早)班清潔人員,清潔／資源回收人員,,,,,管理員,建築物清潔人員,樓面管理人員,房務人員,冷熱飲調製人員
義享時尚廣場,南區營業部-家電銷售顧問(高雄義享時尚廣場),門市／店員／專櫃人員,店長／門市管理人員,售票／收銀人員,,,國內業務人員,國內業務主管,產品經理,國外業務主管,產品企劃主管
義大,C1【嘉義大埔美園區】【正職專員】外商公司福利好//一年就有18天特休//大夜班正職,倉儲物流人員,包裝員／作業員,,,,調酒師／吧台人員,門市／店員／專櫃人員,冷熱飲調製人員,售票／收銀人員,外務／快遞／送貨
義大,【薪資上看58K】JINS_門市驗光師/驗光生(信義大安區),驗光師,,,,,調酒師／吧台人員,冷熱飲調製人員,品管人員,洗碗人員,西式廚師
義大,【餐飲部廚房】屏東義大醫院-中央廚房副主廚,中式廚師,其他料理廚師,,,,餐飲主管,調酒師／吧台人員,門市／店員／專櫃人員,品管／品保主管,冷熱飲調製人員
義大,不萊梅義大利麵餐廳忠孝店-誠徵長期晚班外場工讀,餐飲服務人員,,,,,侍酒師,飯店／旅館服務人員,調酒師／吧台人員,冷熱飲調製人員,門市／店員／專櫃人員
義大,內場領班(墨尼尼義大利餐廳),餐飲主管,,,,,餐飲領班,餐飲服務人員,調酒師／吧台人員,餐廚助手,其他料理廚師
義大,兼職 義大利廚房  助廚 Casual Bencotto Italian Kitchen Commis,西式廚師,飯店／旅館服務人員,,,,外送人員,餐廚助手,調酒師／吧台人員,門市／店員／專櫃人員,藥師助理
義大,兼職 義大利廚房 點心助廚 Casual Bencotto Italian Kitchen Commis-Pastry,西式廚師,飯店／旅館服務人員,,,,餐廚助手,調酒師／吧台人員,藥師助理,門市／店員／專櫃人員,外送人員
義大,嘉義大林慈濟-停車場清潔人員,清潔／資源回收人員,,,,,加油服務,房務人員,遊樂景點工作人員,售票／收銀人員,休閒娛樂事業從業人員
義大,外場兼職(義大世界),餐飲服務人員,工讀生,,,,調酒師／吧台人員,外送人員,冷熱飲調製人員,門市／店員／專櫃人員,飯店／旅館服務人員
義大,生產事業處專員(嘉義大林廠),行政人員,秘書,,,,技術人員,電機設備裝配員,電機技師／工程師,機械加工技術人員,水電工
義大,生管專員(嘉義大埔美),生管／助理,,,,,包裝員／作業員,智慧製程工程師,資材人員,倉管／物料管理員,生管主管
義大,義大利廚房 領班 / 資深領班 (一段式排班) Bencotto Kitchen Chef De Partie / Senior Chef de Partie,西式廚師,飯店／旅館服務人員,,,,餐飲領班,日式廚師,木工,鐵板燒廚師,營建雜工／粗工
義大,義大國際高中 清潔人員(身心障礙職缺),建築物清潔人員,清潔／資源回收人員,,,,房務人員,休閒娛樂事業從業人員,資材人員,生鮮處理人員,神秘客
義大,義大購物廣場-專案打蠟人員,清潔／資源回收人員,,,,,資材人員,房務人員,門市／店員／專櫃人員,服裝設計,調酒師／吧台人員
義大,義大購物廣場-樓面清潔、美食街內外場,清潔／資源回收人員,,,,,餐廚助手,餐飲服務人員,樓面管理人員,洗碗人員,西式廚師
義大,義大購物廣場-清潔人員及美食街收洗碗人員,清潔／資源回收人員,,,,,洗碗人員,冷熱飲調製人員,調酒師／吧台人員,餐廚助手,餐飲服務人員
義大,製程與設備技術專員(嘉義大林廠),生產技術／製程工程師,生產設備工程師,,,,電機技師／工程師,電機設備裝配員,模具技術人員,智慧製程工程師,技術人員
義大,近嘉義大學(單日PT)🐔即日起-7/31多時段任選🐔下班領200/H 包裹理貨員-D2,工讀生,,,,,倉管／物料管理員,理貨人員,倉儲物流人員,包裝員／作業員,生鮮處理人員
義大,餐飲部 - 兼職 Ziga Zaga義大利餐廳 計時餐飲服務人員,餐飲服務人員,,,,,調酒師／吧台人員,侍酒師,飯店／旅館服務人員,冷熱飲調製人員,餐飲主管
義大,餐飲部 - 兼職 義大利餐廳 Ziga Zaga 計時廚房人員,餐廚助手,其他料理廚師,,,,調酒師／吧台人員,侍酒師,飯店／旅館服務人員,冷熱飲調製人員,餐飲主管
義大,（金孫韓廚義大利麵）早午班計時人員,餐飲服務人員,餐廚助手,,,,冷熱飲調製人員,調酒師／吧台人員,門市／店員／專櫃人員,飯店／旅館服務人員,侍酒師
義大店,假日工讀人員(義大店),餐飲服務人員,,,,,冷熱飲調製人員,調酒師／吧台人員,門市／店員／專櫃人員,飯店／旅館服務人員,工讀生
義大店,早班工讀人員（義大店),餐廚助手,餐飲服務人員,,,,冷熱飲調製人員,門市／店員／專櫃人員,調酒師／吧台人員,飯店／旅館服務人員,藥師助理
義大店,晚班工讀人員(義大店),餐飲服務人員,餐廚助手,,,,冷熱飲調製人員,門市／店員／專櫃人員,飯店／旅館服務人員,調酒師／吧台人員,售票／收銀人員
義條條,【義條條】組長(蘆竹區),餐飲服務人員,餐飲領班,,,,資材人員,電機技師／工程師,PLC／自動控制工程師,電機設備裝配員,水電工
義联,儀電維修員 (義联集團-生產事業體),電機維修人員,,,,,電機設備裝配員,電機技師／工程師,技術人員,機械加工技術人員,模具技術人員
義联,房務員 (義联集團-休閒事業體),餐飲服務人員,,,,,房務人員,遊樂景點工作人員,售票／收銀人員,門市／店員／專櫃人員,休閒娛樂事業從業人員
義联,機械製程工程師(義联集團-生產事業體),機械工程師,,,,,電機技師／工程師,智慧製程工程師,電機設備裝配員,PLC／自動控制工程師,模具技術人員
義联,環境工程師(義联集團-地產及休閒事業體),環保／環境工程師／技師,,,,,水電工程師,PLC／自動控制工程師,工業設計,消防專業人員,平面設計
義联,餐飲服務員 (義联集團-休閒事業體),餐飲服務人員,,,,,冷熱飲調製人員,調酒師／吧台人員,門市／店員／專櫃人員,飯店／旅館服務人員,售票／收銀人員
義麵私廚,【義麵私廚】 訓練員 (士林芝山店),儲備幹部,餐飲服務人員,,,,調酒師／吧台人員,冷熱飲調製人員,洗碗人員,品管人員,智慧製程工程師
翰品酒店 高雄,【翰品酒店 高雄】-兼職假日外場服務員(日期可選擇),餐飲服務人員,,,,,調酒師／吧台人員,飯店／旅館服務人員,侍酒師,冷熱飲調製人員,外送人員
翰品酒店 高雄,【翰品酒店 高雄】兼職假日宴會服務員,餐飲服務人員,工讀生,,,,飯店／旅館服務人員,調酒師／吧台人員,侍酒師,冷熱飲調製人員,門市／店員／專櫃人員
翰品酒店 高雄,【翰品酒店 高雄】大夜主管,飯店／旅館櫃檯人員,總機／接待／櫃檯人員,飯店／旅館服務人員,,,調酒師／吧台人員,品管／品保主管,餐飲主管,店長／門市管理人員,侍酒師
翰品酒店 高雄,【翰品酒店 高雄】客務櫃檯主任/組長,飯店／旅館櫃檯人員,總機／接待／櫃檯人員,,,,行政主管,客服主管,產品企劃主管,行政人員,資材人員
翰品酒店 高雄,【翰品酒店 高雄】房務副主任｜協助帶領團隊、提升客房品質,房務人員,飯店／旅館服務人員,飯店／旅館主管,,,售票／收銀人員,室內設計助理,門市／店員／專櫃人員,資材人員,客服主管
老乾杯,【中班1300~1700】老乾杯台中市政店-清潔兼職 『時薪$200、津貼獎金$600另計』 C04C1,工讀生,洗碗人員,清潔／資源回收人員,,,電腦操作／資料輸入,業務助理,秘書,財務／會計助理,行政人員
老乾杯,【全方位燒肉日料職人】老乾杯 台中市政店-內場領班/主任 #你的用心客人感受的到,日式廚師,餐飲主管,餐飲領班,,,客服人員,電話客服人員,資材人員,內勤業務,票務人員／旅行社人員
老乾杯,【尋找溫柔優雅靈魂】老乾杯 台中市政店 外場正職儲備幹部 #你的用心客人感受的到,餐飲服務人員,門市／店員／專櫃人員,餐飲領班,,,客服主管,售票／收銀人員,資材人員,儲備幹部,調酒師／吧台人員
老乾杯,【尋找溫柔優雅靈魂】老乾杯 桃園台茂店 領班 #你的用心客人感受的到,餐飲服務人員,餐廚助手,門市／店員／專櫃人員,,,神秘客,資材人員,電話客服人員,檔案資料管理人員,電訪人員
老乾杯,【打烊2100~0100】老乾杯台中市政店-清潔兼職 『時薪$200、津貼獎金$600另計』 C04C1,工讀生,洗碗人員,清潔／資源回收人員,,,電腦操作／資料輸入,業務助理,財務／會計助理,秘書,行政人員
老乾杯,【晚班1900~2400】老乾杯台中市政店-清潔兼職 『時薪$200、津貼獎金$600另計』 C04C1,工讀生,洗碗人員,清潔／資源回收人員,,,電腦操作／資料輸入,業務助理,秘書,財務／會計助理,行政人員
老乾杯,老乾杯台中市政店-清潔兼職 『時薪$200、津貼獎金$600另計』 C04C1,工讀生,洗碗人員,清潔／資源回收人員,,,調酒師／吧台人員,電腦操作／資料輸入,業務助理,冷熱飲調製人員,外送人員
耐斯廣場,【兼職】嘉義耐斯廣場購物中心店_顧客服務專員 Customer Advisor-R00000004166273,門市／店員／專櫃人員,,,,,文字客服,國貿人員,國貿助理,業務助理,採購助理
耐斯廣場,【正職】嘉義耐斯廣場購物中心店_顧客服務專員 Customer Advisor-R00000004166200,門市／店員／專櫃人員,,,,,文字客服,國貿人員,國貿助理,業務助理,資材人員
耐斯廣場,嘉義耐斯廣場-停車場時薪人員,管理員,保全人員／警衛,,,,冷熱飲調製人員,調酒師／吧台人員,售票／收銀人員,門市／店員／專櫃人員,遊樂景點工作人員
耘家地政士,耘家地政士事務所[代書助理],代書／地政士,不動產經紀人／營業員,,,,人事助理,資訊助理人員,特別助理,媒體公關人員,行銷企劃助理
聚鍋中壢SOGO店,【聚鍋中壢SOGO店】大廳計時人員（餐飲外場服務） ※系統化培訓課程、國外最高享有全額旅遊補助、員工用餐八折優惠 ※有意者請速洽店長,工讀生,餐飲服務人員,,,,飯店／旅館服務人員,侍酒師,調酒師／吧台人員,餐飲主管,門市／店員／專櫃人員
聚鍋中壢SOGO店,【聚鍋中壢SOGO店】餐飲外場正職人員(大廳見習襄理) ※系統化培訓課程、每年2次績效調薪機會、國外最高享有全額旅遊補助、員工用餐八折優惠,餐飲服務人員,,,,,飯店／旅館服務人員,侍酒師,調酒師／吧台人員,門市／店員／專櫃人員,餐飲主管
聚鍋南京東店,【聚鍋南京東店】大廳見習襄理（餐飲外場服務） ※系統化培訓課程、每年2次績效調薪機會、國外最高享有全額旅遊補助、員工用餐八折優惠,餐飲服務人員,,,,,飯店／旅館服務人員,侍酒師,調酒師／吧台人員,門市／店員／專櫃人員,冷熱飲調製人員
聚鍋南京東店,【聚鍋南京東店】大廳計時人員（餐飲外場服務） ※系統化培訓課程、國外最高享有全額旅遊補助、員工用餐八折優惠,工讀生,餐飲服務人員,,,,飯店／旅館服務人員,侍酒師,調酒師／吧台人員,門市／店員／專櫃人員,冷熱飲調製人員
聚鍋台中米平方店,【聚鍋台中米平方店】大廳計時人員（餐飲外場服務） ※享集團福利：系統化培訓課程、國外最高享有全額旅遊補助、員工用餐八折優惠…等,工讀生,餐飲服務人員,,,,飯店／旅館服務人員,侍酒師,調酒師／吧台人員,門市／店員／專櫃人員,冷熱飲調製人員
聚鍋台中豐原大社店,【聚鍋台中豐原大社店】大廳計時人員（餐飲外場服務） ※享集團福利：系統化培訓課程、國外最高享有全額旅遊補助、員工用餐八折優惠…等,工讀生,餐飲服務人員,,,,飯店／旅館服務人員,侍酒師,調酒師／吧台人員,門市／店員／專櫃人員,冷熱飲調製人員
聚鍋台中豐原大社店,【聚鍋台中豐原大社店】餐飲外場正職人員(大廳見習襄理) ※享集團福利：系統化培訓課程、每年2次績效調薪機會、國外最高享有全額旅遊補助、員工用餐八折優惠…等,餐飲服務人員,,,,,飯店／旅館服務人員,侍酒師,調酒師／吧台人員,門市／店員／專櫃人員,冷熱飲調製人員
聚鍋台中豐原大社店,【聚鍋台中豐原大社店】餐飲服務/外場儲備幹部服務人員/全職服務員 ※享集團福利：系統化培訓課程、每年2次績效調薪機會、國外最高享有全額旅遊補助、員工用餐八折優惠…等‧,餐飲服務人員,,,,,飯店／旅館服務人員,餐飲主管,侍酒師,調酒師／吧台人員,店長／門市管理人員
聚鍋台北SOGO忠孝店,【聚鍋台北SOGO忠孝店】大廳見習襄理（餐飲外場服務） ※系統化培訓課程、每年2次績效調薪機會、國外最高享有全額旅遊補助、員工用餐八折優惠 ※有意者請速洽店長,餐飲服務人員,,,,,飯店／旅館服務人員,侍酒師,調酒師／吧台人員,門市／店員／專櫃人員,餐飲主管
聚鍋台北SOGO忠孝店,【聚鍋台北SOGO忠孝店】大廳計時人員（餐飲外場服務） ※系統化培訓課程、國外最高享有全額旅遊補助、員工用餐八折優惠 ※有意者請速洽店長,工讀生,餐飲服務人員,,,,飯店／旅館服務人員,侍酒師,調酒師／吧台人員,門市／店員／專櫃人員,餐飲主管
聚鍋台北三峽店,【聚鍋台北三峽店】大廳計時人員（餐飲外場服務） ※系統化培訓課程、國外最高享有全額旅遊補助、員工用餐八折優惠,工讀生,餐廚助手,,,,飯店／旅館服務人員,侍酒師,調酒師／吧台人員,門市／店員／專櫃人員,冷熱飲調製人員
聚鍋台北三峽店,【聚鍋台北三峽店】餐飲外場正職人員(大廳見習襄理) ※系統化培訓課程、每年2次績效調薪機會、國外最高享有全額旅遊補助、員工用餐八折優惠,餐飲服務人員,,,,,飯店／旅館服務人員,侍酒師,調酒師／吧台人員,門市／店員／專櫃人員,冷熱飲調製人員
聚鍋台北南昌店,【聚鍋台北南昌店】大廳見習襄理（餐飲外場服務） ※系統化培訓課程、每年2次績效調薪機會、國外最高享有全額旅遊補助、員工用餐八折優惠,餐飲服務人員,,,,,飯店／旅館服務人員,侍酒師,調酒師／吧台人員,門市／店員／專櫃人員,冷熱飲調製人員
聚鍋台北南昌店,【聚鍋台北南昌店】大廳計時人員（餐飲外場服務） ※系統化培訓課程、國外最高享有全額旅遊補助、員工用餐八折優惠,工讀生,餐飲服務人員,,,,飯店／旅館服務人員,侍酒師,調酒師／吧台人員,門市／店員／專櫃人員,冷熱飲調製人員
聚鍋台北衡陽店,【聚鍋台北衡陽店】大廳見習襄理（餐飲外場服務） ※系統化培訓課程、每年2次績效調薪機會、國外最高享有全額旅遊補助、員工用餐八折優惠,餐飲服務人員,,,,,飯店／旅館服務人員,侍酒師,調酒師／吧台人員,門市／店員／專櫃人員,冷熱飲調製人員
聚鍋台北衡陽店,【聚鍋台北衡陽店】大廳計時人員（餐飲外場服務） ※系統化培訓課程、國外最高享有全額旅遊補助、員工用餐八折優惠,工讀生,餐飲服務人員,,,,飯店／旅館服務人員,侍酒師,調酒師／吧台人員,門市／店員／專櫃人員,冷熱飲調製人員
聚鍋台南仁德中山店,【聚鍋台南仁德中山店】大廳計時人員（餐飲外場服務） ※享集團福利：系統化培訓課程、國外最高享有全額旅遊補助、員工用餐八折優惠...等,工讀生,餐飲服務人員,,,,飯店／旅館服務人員,侍酒師,調酒師／吧台人員,門市／店員／專櫃人員,冷熱飲調製人員
聚鍋台南仁德中山店,【聚鍋台南仁德中山店】餐飲外場正職人員(大廳見習襄理) ※享集團福利：系統化培訓課程、每年2次績效調薪機會、國外最高享有全額旅遊補助、員工用餐八折優惠...等,餐飲服務人員,,,,,飯店／旅館服務人員,侍酒師,調酒師／吧台人員,門市／店員／專櫃人員,冷熱飲調製人員
聚鍋嘉義垂楊店,【聚鍋嘉義垂楊店】大廳計時人員（餐飲外場服務） ※享集團福利：系統化培訓課程、國外最高享有全額旅遊補助、員工用餐八折優惠...等,工讀生,餐飲服務人員,,,,飯店／旅館服務人員,侍酒師,調酒師／吧台人員,門市／店員／專櫃人員,冷熱飲調製人員
聚鍋嘉義垂楊店,【聚鍋嘉義垂楊店】餐飲外場正職人員(大廳見習襄理)※享集團福利：系統化培訓課程、每年2次績效調薪機會、國外最高享有全額旅遊補助、員工用餐八折優惠…等,餐飲服務人員,,,,,飯店／旅館服務人員,侍酒師,調酒師／吧台人員,門市／店員／專櫃人員,冷熱飲調製人員
聚鍋士林中正店,【聚鍋士林中正店】大廳見習襄理（餐飲外場服務） ※系統化培訓課程、每年2次績效調薪機會、國外最高享有全額旅遊補助、員工用餐八折優惠,餐飲服務人員,,,,,飯店／旅館服務人員,侍酒師,調酒師／吧台人員,門市／店員／專櫃人員,餐飲主管
聚鍋士林中正店,【聚鍋士林中正店】大廳計時人員（餐飲外場服務） ※系統化培訓課程、國外最高享有全額旅遊補助、員工用餐八折優惠,餐飲服務人員,工讀生,,,,飯店／旅館服務人員,侍酒師,調酒師／吧台人員,門市／店員／專櫃人員,冷熱飲調製人員
聚鍋士林中正店,【聚鍋士林中正店】餐飲服務/外場工讀兼職計時/早晚班計時服務員,工讀生,餐飲服務人員,,,,飯店／旅館服務人員,調酒師／吧台人員,侍酒師,冷熱飲調製人員,門市／店員／專櫃人員
聚鍋士林中正店,【聚鍋士林中正店】餐飲服務/早班外場/工讀兼職計時/外場服務人員,餐飲服務人員,工讀生,,,,飯店／旅館服務人員,調酒師／吧台人員,侍酒師,冷熱飲調製人員,門市／店員／專櫃人員
聚鍋士林中正店,【聚鍋士林中正店】餐飲服務人員/外場正職/全職服務員,餐飲服務人員,,,,,飯店／旅館服務人員,調酒師／吧台人員,門市／店員／專櫃人員,侍酒師,餐飲主管
聚鍋宜蘭新月店,【聚鍋宜蘭新月店】大廳計時人員（餐飲外場服務） ※享集團福利：系統化培訓課程、國外最高享有全額旅遊補助、員工用餐八折優惠...等,工讀生,餐飲服務人員,,,,飯店／旅館服務人員,侍酒師,調酒師／吧台人員,門市／店員／專櫃人員,冷熱飲調製人員
聚鍋新店民權店,【聚鍋新店民權店】大廳計時人員（餐飲外場服務）※享集團福利：系統化培訓課程、國外最高享有全額旅遊補助、員工用餐八折優惠…等※有意者請速洽店長,餐飲服務人員,工讀生,,,,飯店／旅館服務人員,侍酒師,調酒師／吧台人員,門市／店員／專櫃人員,餐飲主管
聚鍋新店民權店,【聚鍋新店民權店】餐飲外場正職人員(大廳見習襄理) ※享集團福利：系統化培訓課程、每年2次績效調薪機會、國外最高享有全額旅遊補助、員工用餐八折優惠…等※有意者請速洽店長,餐飲服務人員,,,,,飯店／旅館服務人員,侍酒師,調酒師／吧台人員,門市／店員／專櫃人員,餐飲主管
聚鍋板橋中山店,【聚鍋板橋中山店】大廳計時人員（餐飲外場服務）※享集團福利：系統化培訓課程、國外最高享有全額旅遊補助、員工用餐八折優惠…等,工讀生,餐飲服務人員,,,,飯店／旅館服務人員,侍酒師,調酒師／吧台人員,門市／店員／專櫃人員,餐飲主管
聚鍋板橋中山店,【聚鍋板橋中山店】餐飲外場正職人員(大廳見習襄理) ※享集團福利：系統化培訓課程、每年2次績效調薪機會、國外最高享有全額旅遊補助、員工用餐八折優惠…等,餐飲服務人員,,,,,飯店／旅館服務人員,侍酒師,調酒師／吧台人員,門市／店員／專櫃人員,餐飲主管
聚鍋板橋江子翠店,【聚鍋板橋江子翠店】大廳計時人員（餐飲外場服務） ※享集團福利：系統化培訓課程、國外最高享有全額旅遊補助、員工用餐八折優惠...等,工讀生,餐飲服務人員,,,,飯店／旅館服務人員,侍酒師,調酒師／吧台人員,門市／店員／專櫃人員,冷熱飲調製人員
聚鍋板橋江子翠店,【聚鍋板橋江子翠店】餐飲外場正職人員(大廳見習襄理) ※享集團福利：系統化培訓課程、每年2次績效調薪機會、國外最高享有全額旅遊補助、員工用餐八折優惠…等,餐飲服務人員,,,,,飯店／旅館服務人員,侍酒師,調酒師／吧台人員,門市／店員／專櫃人員,冷熱飲調製人員
聚鍋林口店,【聚鍋林口店】大廳計時人員（餐飲外場服務） ※享集團福利：系統化培訓課程、國外最高享有全額旅遊補助、員工用餐八折優惠…等 ※有意者請速洽甘店長,工讀生,餐飲服務人員,,,,飯店／旅館服務人員,侍酒師,調酒師／吧台人員,門市／店員／專櫃人員,餐飲主管
聚鍋林口店,【聚鍋林口店】餐飲外場正職人員(大廳見習襄理) ※享集團福利：系統化培訓課程、每年2次績效調薪機會、國外最高享有全額旅遊補助、員工用餐八折優惠…等 ※有意者請速洽甘店長,餐飲服務人員,,,,,飯店／旅館服務人員,侍酒師,調酒師／吧台人員,門市／店員／專櫃人員,餐飲主管
聚鍋桃園統領店,【聚鍋桃園統領店】大廳計時人員（餐飲外場服務） ※系統化培訓課程、國外最高享有全額旅遊補助、員工用餐八折優惠,工讀生,餐飲服務人員,,,,飯店／旅館服務人員,侍酒師,調酒師／吧台人員,門市／店員／專櫃人員,冷熱飲調製人員
聚鍋桃園統領店,【聚鍋桃園統領店】餐飲外場正職人員(大廳見習襄理) ※系統化培訓課程、每年2次績效調薪機會、國外最高享有全額旅遊補助、員工用餐八折優惠,餐飲服務人員,,,,,飯店／旅館服務人員,侍酒師,調酒師／吧台人員,門市／店員／專櫃人員,冷熱飲調製人員
聚鍋汐止遠雄店,【聚鍋汐止遠雄店】大廳計時人員（餐飲外場服務） ※系統化培訓課程、國外最高享有全額旅遊補助、員工用餐八折優惠 ※有意者請速洽謝店長,工讀生,餐飲服務人員,,,,飯店／旅館服務人員,侍酒師,調酒師／吧台人員,門市／店員／專櫃人員,餐飲主管
聚鍋汐止遠雄店,【聚鍋汐止遠雄店】餐飲外場正職人員(大廳見習襄理) ※系統化培訓課程、每年2次績效調薪機會、國外最高享有全額旅遊補助、員工用餐八折優惠 ※有意者請速洽謝店長,餐飲服務人員,,,,,飯店／旅館服務人員,侍酒師,調酒師／吧台人員,門市／店員／專櫃人員,餐飲主管
聚鍋汐止遠雄店,【聚鍋汐止遠雄店】餐飲服務/外場正職服務人員/全職服務員※有意者請速洽謝店長,餐飲服務人員,,,,,飯店／旅館服務人員,調酒師／吧台人員,侍酒師,門市／店員／專櫃人員,餐飲主管
聚鍋淡新家店,【聚鍋淡新家店】大廳計時人員（餐飲外場服務） ※系統化培訓課程、國外最高享有全額旅遊補助、員工用餐八折優惠 ※有意者請速洽江店長,餐飲服務人員,工讀生,,,,飯店／旅館服務人員,侍酒師,調酒師／吧台人員,門市／店員／專櫃人員,餐飲主管
聚鍋淡新家店,【聚鍋淡新家店】餐飲外場正職人員(大廳見習襄理) ※系統化培訓課程、每年2次績效調薪機會、國外最高享有全額旅遊補助、員工用餐八折優惠 ※有意者請速洽江店長,餐飲服務人員,,,,,飯店／旅館服務人員,侍酒師,調酒師／吧台人員,門市／店員／專櫃人員,餐飲主管
聚鍋頭份尚順店,【聚鍋頭份尚順店】大廳計時人員（餐飲外場服務） ※享集團福利：系統化培訓課程、國外最高享有全額旅遊補助、員工用餐八折優惠...等,工讀生,餐飲服務人員,,,,飯店／旅館服務人員,侍酒師,調酒師／吧台人員,門市／店員／專櫃人員,冷熱飲調製人員
聚鍋頭份尚順店,【聚鍋頭份尚順店】餐飲外場正職人員(大廳見習襄理) ※享集團福利：系統化培訓課程、每年2次績效調薪機會、國外最高享有全額旅遊補助、員工用餐八折優惠...等,餐飲服務人員,,,,,飯店／旅館服務人員,侍酒師,調酒師／吧台人員,門市／店員／專櫃人員,冷熱飲調製人員
聚鍋高雄新楠家店,【聚鍋高雄新楠家店】大廳計時人員（餐飲外場服務） ※享集團福利：系統化培訓課程、國外最高享有全額旅遊補助、員工用餐八折優惠...等,工讀生,餐飲服務人員,,,,飯店／旅館服務人員,侍酒師,調酒師／吧台人員,門市／店員／專櫃人員,冷熱飲調製人員
聚鍋高雄新楠家店,【聚鍋高雄新楠家店】餐飲外場正職人員(大廳見習襄理)※享集團福利：系統化培訓課程、每年2次績效調薪機會、國外最高享有全額旅遊補助、員工用餐八折優惠…等,餐飲服務人員,,,,,飯店／旅館服務人員,侍酒師,調酒師／吧台人員,門市／店員／專櫃人員,冷熱飲調製人員
聯上高爾夫球場,【聯上高爾夫球場】場務人員(需輪班),花藝／園藝人員,總務人員,水電工,工務助理,廠務,房務人員,調酒師／吧台人員,門市／店員／專櫃人員,遊樂景點工作人員,售票／收銀人員
聯上高爾夫球場,【聯上高爾夫球場】清潔人員PT,清潔／資源回收人員,,,,,冷熱飲調製人員,房務人員,調酒師／吧台人員,洗碗人員,門市／店員／專櫃人員
聯合利華,【聯合利華】SAP系統操作人員,系統工程師,,,,,資料庫管理人員,生管／助理,軟體助理工程師,資材人員,影片製作技術人員
肉出微笑鍋物,【肉出微笑鍋物】PT、兼職人員(基隆店),餐飲服務人員,餐廚助手,洗碗人員,,,飯店／旅館服務人員,調酒師／吧台人員,侍酒師,門市／店員／專櫃人員,冷熱飲調製人員
肉出微笑鍋物,【肉出微笑鍋物】PT、兼職人員(永和店),餐飲服務人員,餐廚助手,,,,飯店／旅館服務人員,調酒師／吧台人員,侍酒師,冷熱飲調製人員,門市／店員／專櫃人員
臨床試驗中心,【臨床試驗中心】試驗協調員,研究助理,護理師,,,,心理學研究人員,微生物分析師,臨床／實驗室研究人員,軟／韌體測試工程師,實驗／化驗人員
臨床試驗中心,【臺北醫學大學人體研究處】聯合臨床試驗中心-徵工讀生,行政助理,,,,,臨床／實驗室研究人員,病理藥理研究人員,微生物分析師,心理學研究人員,醫藥研發人員
至善,《明光義塾至善教室》個別指導講師–理化/物理/化學/生物/地科 #逢甲#東海#,升學補習班老師,語文補習班老師,數理補習班老師,,,資材人員,智慧製程工程師,木工,CNC車床人員,電機技師／工程師
至善,【至善】廚工,中式廚師,,,,,調酒師／吧台人員,冷熱飲調製人員,門市／店員／專櫃人員,洗碗人員,西式廚師
至善,至善幼兒園 : 徵教師助理員,教保員／保育員,,,,,助教,資訊助理人員,攝影助理,幼教老師,執行製作／助理
至善老人安養中心,【至善老人安養中心】二廚,中式廚師,其他料理廚師,,,,調酒師／吧台人員,冷熱飲調製人員,飯店／旅館服務人員,門市／店員／專櫃人員,餐飲服務人員
至善老人安養中心,【至善老人安養中心】照顧服務員,照顧服務／指導員,,,,,休閒娛樂事業從業人員,飯店／旅館服務人員,專任管理員,房務人員,遊樂景點工作人員
臺北公館店,辛殿麻辣鍋外場服務人員 [臺北公館店],餐飲服務人員,餐飲領班,,,,飯店／旅館服務人員,調酒師／吧台人員,侍酒師,冷熱飲調製人員,門市／店員／專櫃人員
興城素食自助餐,【興城素食自助餐】師傅,中式廚師,其他料理廚師,,,,調酒師／吧台人員,冷熱飲調製人員,餐廚助手,門市／店員／專櫃人員,西式廚師
興城素食自助餐,【興城素食自助餐】煎炸台,中式廚師,其他料理廚師,,,,調酒師／吧台人員,冷熱飲調製人員,侍酒師,門市／店員／專櫃人員,洗碗人員
興富發,興富發集團-人力資源高專(台北),人事／人力資源專員,人事／人力資源主管,人事助理,,,門市／店員／專櫃人員,金融營業人員,資材人員,房務人員,售票／收銀人員
興富發,興富發集團【售服工程師】-桃園青埔/高鐵特區,客服人員,工務工管人員,營建工程人員,,,水電工程師,工業設計,化學／化工工程師,國內業務人員,PLC／自動控制工程師
興富發,興富發集團【安衛副主任】-台中,職業安全衛生管理人員,工廠安全衛生人員,,,,門市／店員／專櫃人員,調酒師／吧台人員,售票／收銀人員,飯店／旅館服務人員,店長／門市管理人員
興富發,興富發集團【工地助理】-台中(具多元學習環境),工務助理,行政人員,行政助理,,,室內設計助理,資訊助理人員,採購助理,生管／助理,電腦操作／資料輸入
興富發,興富發集團【校園徵才專區｜正職/預招】-誠摯歡迎社會新鮮人與應屆畢業生投遞履歷,工務助理,營建工程人員,工務工管人員,,,門市／店員／專櫃人員,資材人員,售票／收銀人員,調酒師／吧台人員,客服主管
興富發,興富發集團【營造-助理工程師/工程師】-台中,營建工程人員,工地監工,工務工管人員,,,室內設計助理,CNC程式設計師,音響／音控技術人員,CAD／CAM工程師,藥師助理
興富發,興富發集團【職安主任/副主任/工程師】-高雄 (高薪/福利完善),職業安全衛生管理人員,,,,,電機工程主管,工地品管員／工程師,結構技師／工程師,水電工程師,PLC／自動控制工程師
興富發,興富發集團【職安工程師/主任】-北投,職業安全衛生管理人員,,,,,工地品管員／工程師,APP工程師,水電工程師,EMC／安規工程人員,嵌入式工程師
興富發,興富發集團【職安工程師/副主任/主任】-台中,職業安全衛生管理人員,工廠安全衛生人員,,,,電機工程主管,水電工程師,設備工程主管,平面設計,PLC／自動控制工程師
興富發,興富發集團【職安工程師/職安副主任/職安主任】-台南 (高薪/福利完善),職業安全衛生管理人員,,,,,工地品管員／工程師,水電工程師,結構技師／工程師,電機工程主管,CAD／CAM工程師
艾訊一廠,【艾訊一廠】外包生管專員,生管／助理,,,,,包裝員／作業員,智慧製程工程師,品管人員,生管主管,倉管／物料管理員
艾訊一廠,【艾訊一廠】產品測試高級工程師/課長 (Linux 測試程式),軟體工程師,韌體工程師,,,,測試工程師,BIOS工程師,軟／韌體測試工程師,汽車研發人員,IC封裝／測試工程師
芝麻柚子 竹北,【 芝麻柚子 竹北 】外場兼職人員,餐飲服務人員,,,,,調酒師／吧台人員,冷熱飲調製人員,飯店／旅館服務人員,房務人員,門市／店員／專櫃人員
芝麻柚子豬排,【芝麻柚子豬排】外場晚班兼職/工讀,餐飲服務人員,,,,,調酒師／吧台人員,門市／店員／專櫃人員,冷熱飲調製人員,飯店／旅館服務人員,外送人員
花一番,【花一番】外場服務人員,餐飲服務人員,餐廚助手,日式廚師,,,調酒師／吧台人員,飯店／旅館服務人員,門市／店員／專櫃人員,冷熱飲調製人員,售票／收銀人員
花一番,【花一番】外場服務人員(月休6天),餐飲服務人員,餐飲領班,飯店／旅館櫃檯人員,,,調酒師／吧台人員,飯店／旅館服務人員,門市／店員／專櫃人員,冷熱飲調製人員,售票／收銀人員
花蓮-來來牛排,外場早晚班服務專員【花蓮-來來牛排】,餐飲服務人員,,,,,冷熱飲調製人員,調酒師／吧台人員,門市／店員／專櫃人員,售票／收銀人員,飯店／旅館服務人員
花蓮-來來牛排,廚房早晚班備料人員(彈性排班)【花蓮-來來牛排】,餐廚助手,,,,,調酒師／吧台人員,冷熱飲調製人員,門市／店員／專櫃人員,西式廚師,智慧製程工程師
花蓮縣玉里鎮社區公共托育家園,主任【花蓮縣玉里鎮社區公共托育家園】,托育中心主任／主管,,,,,儲備幹部,補習班主任／主管,客服主管,售票／收銀人員,資材主管
花蓮遠東,CONI美容顧問【花蓮遠東】專櫃 保障薪資29500~36000,門市／店員／專櫃人員,,,,,水電工程師,客服主管,神秘客,房務人員,ISO品保人員
花藝門市,兼職人員16:00-20:00【花藝門市】[意者請加line，ID: 0918020279與蔡小姐，約面試時間],花藝／園藝人員,,,,,洗碗人員,調酒師／吧台人員,冷熱飲調製人員,餐廚助手,外送人員
花藝門市,兼職人員19:00-23:00【花藝門市】[意者請加line，ID: 0918020279與蔡小姐，約面試時間],花藝／園藝人員,,,,,洗碗人員,調酒師／吧台人員,冷熱飲調製人員,餐廚助手,外送人員
花藝門市,早班兼職人員8:30-12:30【花藝門市】[意者請加line，ID: 0918020279與蔡小姐，約面試時間],花藝／園藝人員,,,,,冷熱飲調製人員,調酒師／吧台人員,洗碗人員,外送人員,門市／店員／專櫃人員
花藝門市,綺麗花坊 花藝門市助理 兼職,門市／店員／專櫃人員,花藝／園藝人員,,,,電腦操作／資料輸入,財務／會計助理,秘書,業務助理,行政人員
英業達,【校園大使】《英業達集團》第四屆校園大使募集中,行銷企劃人員,活動企劃人員,人事助理,,,工讀生,資材人員,國中教師,藥師,導遊／領隊／導覽
英業達,員工餐廳工作人員(英業達),餐廚助手,洗碗人員,,,,飯店／旅館服務人員,調酒師／吧台人員,侍酒師,門市／店員／專櫃人員,冷熱飲調製人員
范佳味宴會廳,【范佳味宴會廳】行銷美編 (歡迎應屆畢業生),美編人員,社群經營人員,,,,行政人員,業務助理,秘書,活動企劃人員,電腦操作／資料輸入
茱莉亞園幼兒園,"【茱莉亞園幼兒園】教保員＜有經驗者優先錄取,薪38,000~42,000＞",幼教老師,教保員／保育員,保母／托育人員,,,品管／品保主管,調酒師／吧台人員,ISO品保人員,智慧製程工程師,營建雜工／粗工
茶爵,外場副領班/外場領班【茶爵】,餐飲主管,餐飲服務人員,,,,餐飲領班,調酒師／吧台人員,補習班主任／主管,冷熱飲調製人員,品管／品保主管
茶爵,餐飲主任/副主任【茶爵】,餐飲服務人員,,,,,調酒師／吧台人員,品管／品保主管,冷熱飲調製人員,店長／門市管理人員,侍酒師
茶爵寒拾苑,早餐廚師【茶爵寒拾苑】,中式廚師,,,,,冷熱飲調製人員,調酒師／吧台人員,西式廚師,洗碗人員,門市／店員／專櫃人員
荖子鍋+,【荖子鍋+】捷運七張店(新店) 正職人員,餐飲服務人員,餐廚助手,餐飲領班,,,調酒師／吧台人員,侍酒師,冷熱飲調製人員,飯店／旅館服務人員,門市／店員／專櫃人員
荷蘭商ASML,【荷蘭商ASML 】 正職System Install Engineer & Assembly Engineer(歡迎新鮮人 /百萬年薪 /平均17個月起) 601Y,生產技術／製程工程師,生產設備工程師,技術人員,,,電機技師／工程師,電機設備裝配員,PLC／自動控制工程師,水電工,智慧製程工程師
莊敬店,【兼職】摩斯莊敬店(246mos),餐飲服務人員,,,,,調酒師／吧台人員,外送人員,門市／店員／專櫃人員,冷熱飲調製人員,侍酒師
菇神新社店,【菇神新社店】店長 ★★提供免費宿舍★★,餐飲主管,旅遊休閒類主管,飯店／旅館主管,,,調酒師／吧台人員,門市／店員／專櫃人員,冷熱飲調製人員,店長／門市管理人員,侍酒師
華亞🔥月入68K起,SR-SE【華亞🔥月入68K起】8H六日休/免無塵/久坐通訊簡易作業/可週借支/書審,包裝員／作業員,檢驗人員,技術人員,,,倉管／物料管理員,資材人員,房務人員,倉儲物流人員,理貨人員
華揚醫院,[華揚醫院]（日班）手術室護理師｜穩定好上手｜週日固定休｜績效獎金｜保障年薪14個月,護理師,醫院行政管理人員,,,,獸醫／獸醫佐,機械工程師,維修技術人員,水電工程師,PLC／自動控制工程師
華泰名品城,(華泰名品城)恆隆行outlet專櫃 銷售顧問→提供月/年終豐富獎金,門市／店員／專櫃人員,,,,,行銷企劃人員,神秘客,國內業務人員,廣告設計,廣告AE
華泰名品城,【華泰名品城】 客服專員,客服人員,門市／店員／專櫃人員,,,,業務助理,國貿助理,秘書,電腦操作／資料輸入,文字客服
華泰名品城,華泰名品城 內裝管理專員,室內設計師,建築繪圖／設計,景觀設計人員,,,水電工,電機設備裝配員,水電工程師,電機技師／工程師,電器產品維修人員
華泰名品城,華泰名品城 機電維護專員,機電技師／工程師,廠務,,,,電子設備維修人員,冷凍空調技術人員／安裝員,冷凍空調繪圖／設計,電機維修人員,PLC／自動控制工程師
華泰名品城,華泰名品城 物業管理專員,保全人員／警衛,公共衛生人員,,,,採購助理,生管／助理,國貿助理,業務助理,資材人員
華泰名品城,華泰名品城~儲備幹部 ★完整培訓與晉升制度★,冷熱飲調製人員,餐飲服務人員,餐飲領班,,,品管／品保主管,儲備幹部,智慧製程工程師,店長／門市管理人員,資材主管
華膳空廚,42K-60K⭐華膳空廚【飛機餐點作業員】⭐免費供餐⭐多時段任選⭐免輪班⭐-AR,包裝員／作業員,理貨人員,倉儲物流人員,,,調酒師／吧台人員,西式廚師,洗碗人員,冷熱飲調製人員,餐廚助手
華頓中都幼兒園,【華頓中都幼兒園】教師,幼教老師,教保員／保育員,保母／托育人員,,,冷熱飲調製人員,高中職教師,調酒師／吧台人員,國中教師,生鮮處理人員
萬大店,工作夥伴(萬華萬大店),餐廚助手,餐飲服務人員,,,,門市／店員／專櫃人員,資材人員,售票／收銀人員,調酒師／吧台人員,房務人員
萬磨腸粉｜仁愛店,【萬磨腸粉｜仁愛店】儲備幹部（副店長／店長方向）,餐廚助手,餐飲服務人員,餐飲領班,,,店長／門市管理人員,調酒師／吧台人員,儲備幹部,品管／品保主管,餐飲主管
蕭中正醫院,兼職社工師(員)-板橋區【蕭中正醫院】(主服務區域：新北市),社會工作人員／督導,,,,,飯店／旅館服務人員,休閒娛樂事業從業人員,門市／店員／專櫃人員,專任管理員,調酒師／吧台人員
蕭中正醫院,長照A個案管理師_板橋區/中和區/泰山區/五股區【蕭中正醫院】,其他醫療從業人員,護理師,照顧服務／指導員,,,軟體相關管理師,專任管理員,專案經理,其他專案管理師,商業分析師
藍海淨水,【藍海淨水】中壢產品售後服務人員(起薪$32000~$47000元以上),產品設備維修人員,國內業務人員,,,,神秘客,客服人員,軟體助理工程師,客服工程師,電話客服人員
藍海淨水,【藍海淨水】內勤主管 中壢店 ($45000含獎金),店長／門市管理人員,行政主管,客服主管,,,品管／品保主管,稽核人員,餐廚助手,餐飲領班,餐飲服務人員
藍海淨水,【藍海淨水】內勤主管 台中店 ($45000含獎金),國內業務主管,行政主管,客服主管,,,品管／品保主管,餐飲主管,稽核人員,稽核主管,餐飲服務人員
藍海淨水,【藍海淨水】內勤主管 新莊店 $45000含獎金),店長／門市管理人員,行政主管,客服主管,,,品管／品保主管,稽核人員,餐廚助手,餐飲領班,稽核主管
藍海淨水,【藍海淨水】產品售後服務-主管 (新莊) ($54600元起含獎金),產品設備維修人員,,,,,客服主管,PLC／自動控制工程師,資材人員,客戶成功經理,平面設計
藍海淨水,【藍海淨水】產品售後服務專員(中壢)($46600元起),產品設備維修人員,,,,,神秘客,客服人員,軟體助理工程師,文字客服,客服工程師
藍海淨水,【藍海淨水】產品售後服務專員(新莊)($46600元起),產品設備維修人員,,,,,軟體助理工程師,神秘客,國貿人員,客服工程師,客服主管
藍馨健康事業股份,藍馨健康事業股份有限公司/財務管理師,行政人員,,,,,財務／會計主管,稅務人員,會計／出納／記帳人員,會計師,股務人員
藍馨健康事業股份,藍馨健康事業股份有限公司技術管理處_教育品管管理師,行政人員,,,,,水產養殖人員,水電工,技術人員,水電工程師,電機設備裝配員
藏壽司,企業實習 月薪3萬6起【日商藏壽司】儲備餐飲菁英培訓計畫,餐飲服務人員,餐廚助手,,,,門市／店員／專櫃人員,調酒師／吧台人員,售票／收銀人員,飯店／旅館服務人員,侍酒師
藏王日式食堂,"【藏王日式食堂】林口店-外場儲備幹部45,000起",餐飲服務人員,,,,,調酒師／吧台人員,品管／品保主管,餐飲主管,西式廚師,日式廚師
藏王日式食堂,"【藏王日式食堂】環球店-外場儲備幹部45,000元起",餐飲服務人員,,,,,調酒師／吧台人員,品管／品保主管,餐飲主管,西式廚師,日式廚師
藏王極上鍋物,"【藏王極上鍋物】中壢店-外場儲備幹部45,000",餐飲服務人員,,,,,餐飲主管,調酒師／吧台人員,店長／門市管理人員,侍酒師,品管／品保主管
藏王極上鍋物,"【藏王極上鍋物】中壢店-廚務長55,000元起",餐廚助手,,,,,調酒師／吧台人員,侍酒師,飯店／旅館服務人員,餐飲主管,門市／店員／專櫃人員
藏王極上鍋物,【藏王極上鍋物】天母店-假日計時人員 時薪196-250,餐廚助手,洗碗人員,餐飲服務人員,,,調酒師／吧台人員,侍酒師,飯店／旅館服務人員,冷熱飲調製人員,門市／店員／專櫃人員
藏王極上鍋物,"【藏王極上鍋物】新竹店-廚務長55,000",餐廚助手,,,,,調酒師／吧台人員,侍酒師,飯店／旅館服務人員,門市／店員／專櫃人員,冷熱飲調製人員
蘆洲長榮店,【兼職】摩斯蘆洲長榮店(183mos),餐飲服務人員,,,,,調酒師／吧台人員,外送人員,冷熱飲調製人員,門市／店員／專櫃人員,侍酒師
虎尾分院,A個管社工員【虎尾分院】,社會工作人員／督導,,,,,銀行辦事人員,軟體相關管理師,總幹事,專任管理員,飯店／旅館櫃檯人員
虎尾分院,儲備幹部【虎尾分院】,照顧服務／指導員,護理師,社會工作人員／督導,,,儲備幹部,品管／品保主管,資材主管,補習班主任／主管,電機工程主管
虎尾分院,社工員【虎尾分院】,社會工作人員／督導,,,,,資料庫管理人員,補習班導師,資材人員,校對人員,醫院行政管理人員
蛋雞事業部,【蛋雞事業部】飼養幹部場長,動物飼育專業人員,農藝／畜產研究人員,,,,店長／門市管理人員,儲備幹部,品管／品保主管,資材主管,智慧製程工程師
蛋雞事業部,【蛋雞事業部】飼養技術員,動物飼育專業人員,農藝／畜產研究人員,,,,智慧製程工程師,電機工程主管,電機技師／工程師,生管主管,塑膠模具技術人員
蝦威夷釣蝦餐廳,早班炒爐師傅 (46K~53K) 【蝦威夷釣蝦餐廳】,中式廚師,西式廚師,鐵板燒廚師,,,調酒師／吧台人員,冷熱飲調製人員,侍酒師,咖啡師,飯店／旅館服務人員
蝦皮,"4H彈性兼職🍤龜山蝦皮門市🍤無經驗也能賺219/H,PW",倉儲物流人員,,,,,洗碗人員,調酒師／吧台人員,冷熱飲調製人員,餐廚助手,西式廚師
蝦皮,7月報到！蝦皮電商×退貨退款審核員x專業培訓x固定早班！pw,客服人員,行政人員,業務助理,,,倉管／物料管理員,倉儲物流人員,理貨人員,資材人員,包裝員／作業員
蝦皮,AM【竹北環北】蝦皮店到宅/騎手/月薪十萬/無經驗可/團險保障 -可預支,外送人員,小客車／小貨車司機,,,,ISO品保人員,智慧製程工程師,水電工,資材主管,PLC／自動控制工程師
蝦皮,Q哥3C｜蝦皮電商客服《日班》｜月薪34K起,電話客服人員,客服人員,客服主管,,,生管／助理,國貿人員,報關人員,資材人員,國外業務人員
蝦皮,TT✨信義區✨蝦皮店到宅⭕月領7-10萬✅自由度高⭐無經驗可✅店宅,理貨人員,倉儲物流人員,,,,調酒師／吧台人員,生鮮處理人員,洗碗人員,冷熱飲調製人員,品管人員
蝦皮,TT✨南港區✨蝦皮店到宅⭕月領7-10萬✅自由度高⭐無經驗可✅店宅,理貨人員,倉儲物流人員,,,,調酒師／吧台人員,生鮮處理人員,洗碗人員,冷熱飲調製人員,智慧製程工程師
蝦皮,TT✨基隆區✨蝦皮店到宅⭕月領7-10萬✅自由度高⭐無經驗可✅店宅,理貨人員,倉儲物流人員,,,,調酒師／吧台人員,生鮮處理人員,洗碗人員,門市／店員／專櫃人員,冷熱飲調製人員
蝦皮,✨彈性兼職✨智取門市理貨✨三重慈愛蝦皮✨無經驗可✨蝦VV,門市／店員／專櫃人員,,,,,倉管／物料管理員,生鮮處理人員,倉儲物流人員,理貨人員,包裝員／作業員
蝦皮,✨彈性兼職✨龍潭蝦皮✨固定班別✨無經驗可✨蝦VV,門市／店員／專櫃人員,,,,,倉儲物流人員,倉管／物料管理員,資材人員,品管人員,包裝員／作業員
蝦皮,【 蝦皮電商正職客服專員】無經驗可/最高薪可達45K/年假18天/RL,客服人員,電話客服人員,餐飲服務人員,,,資材人員,生管／助理,倉管／物料管理員,倉儲物流人員,國貿人員
蝦皮,【蝦皮總部_內容標註工讀生】_AN (短期專案~2025/12),行政助理,工讀生,電腦操作／資料輸入,,,客服人員,電話客服人員,資材人員,資材主管,稽核人員
蝦皮,"【蝦皮電商】智取店客服(晚班) // 月薪最高48,000(不含獎金) // 不需輪班！ // 無經驗可_NO",客服人員,客服工程師,電訪人員,,,資材人員,生管／助理,業務助理,採購助理,國貿助理
蝦皮,【電商營運】蝦皮電商網購通路電商營運專員,電商行銷,產品企劃人員,網站企劃人員,,,國外業務人員,倉儲物流人員,倉管／物料管理員,報關人員,運輸物流類主管
蝦皮,不輪班 任選早/晚/大夜班【智取店客服人員】教育訓練｜另加津貼加給｜蝦皮總部 ZQ,客服人員,電話客服人員,國內業務人員,,,資材人員,客服主管,業務助理,國貿助理,售票／收銀人員
蝦皮,中和✨【35K起】蝦皮店到宅騎手營運調度員✨六日可居家辦公 調DD,運輸調度管理人員,人事／人力資源專員,行政人員,,,理貨人員,倉管／物料管理員,倉儲物流人員,外務／快遞／送貨,生鮮處理人員
蝦皮,"北投4H兼職🍤蝦皮智取門市🍤彈性排班🍤北投蝦皮小隊,PW",倉儲物流人員,,,,,調酒師／吧台人員,冷熱飲調製人員,門市／店員／專櫃人員,外送人員,洗碗人員
蝦皮,司機自備大貨車/無車者可以協助購車(蝦皮桃園大園轉倉),大貨車司機,,,,,理貨人員,CNC車床人員,倉管／物料管理員,倉儲物流人員,機械操作人員
蝦皮,新莊高時薪254蝦皮門市.智取店人員/書審免二試/錄取率高/無經驗可/學生可-KO,門市／店員／專櫃人員,售票／收銀人員,餐飲服務人員,,,調酒師／吧台人員,生鮮處理人員,冷熱飲調製人員,品管人員,洗碗人員
蝦皮,"無經驗也能賺✨可預製✨桃園蝦皮小隊4H彈性兼職✨,XX",門市／店員／專櫃人員,,,,,資材人員,品管人員,智慧製程工程師,木工,生管／助理
蝦皮,粉米蝦皮 內著彩妝直播主,表演／主持／直播人員,門市／店員／專櫃人員,電商行銷,,,客服人員,餐廚助手,電話客服人員,廣告文案企劃人員,票務人員／旅行社人員
蝦皮,網路電商/蝦皮專員/門市助理,社群經營人員,美編人員,門市／店員／專櫃人員,,,採購助理,資訊助理人員,行銷企劃助理,生管／助理,國貿助理
蝦皮,蝦皮帶貨直播主，獎金無上限（愛放鳥ㄉ別來，尊重彼此時間謝謝）。,表演／主持／直播人員,,,,,倉儲物流人員,倉管／物料管理員,資材人員,理貨人員,資材主管
蝦皮,蝦皮店到宅✨【南港】月領7-10萬✅自由度高⭐店宅DD,外務／快遞／送貨,倉儲物流人員,理貨人員,,,調酒師／吧台人員,洗碗人員,冷熱飲調製人員,西式廚師,門市／店員／專櫃人員
蝦皮,蝦皮網拍｜網拍上架｜美編人員｜,美編人員,,,,,文字客服,國貿人員,電腦操作／資料輸入,排版人員,活動企劃人員
蝦皮,蝦皮網拍｜蝦皮上架｜美編美工｜,美編人員,,,,,資材人員,國貿人員,傳播媒體編輯企劃,排版人員,文字客服
蝦皮,蝦皮電商退貨退款審查專員/最高薪可達38K/台北中正/無經驗可/完整培訓 WC,客服人員,電話客服人員,行政人員,,,倉管／物料管理員,倉儲物流人員,包裝員／作業員,資材人員,理貨人員
蝦皮,"鶯歌✨蝦皮智取門市✨4H彈性排班✨時薪204起✨無經驗可,PW",門市／店員／專櫃人員,工讀生,倉儲物流人員,,,西式廚師,洗碗人員,調酒師／吧台人員,餐廚助手,冷熱飲調製人員
蝦皮,🔥蝦皮全新服務_智取門市！輕鬆上貨｜高薪工讀🦐（區域皆可詢問）,工讀生,,,,,倉管／物料管理員,生鮮處理人員,倉儲物流人員,門市／店員／專櫃人員,資材人員
蝦皮Shope,【新加坡電商｜蝦皮Shopee】智取店客服(晚班)最高48k #無經驗可#歡迎新鮮人.應屆畢業生RC1,電話行銷人員,客服人員,電訪人員,,,生管／助理,資材人員,國貿人員,倉管／物料管理員,倉儲物流人員
蝦皮Shope,【蝦皮Shopee智取客服專員】｜固定班｜另附班別津貼｜薪資可上看51k｜完整教育訓練,檔案資料管理人員,,,,,電話客服人員,業務助理,國貿助理,資材人員,客服人員
蝦皮店到店,#IH【蝦皮店到店】龜山文學店- 早晚班兼職 輪班月薪 室內冷氣房,門市／店員／專櫃人員,,,,,餐廚助手,調酒師／吧台人員,洗碗人員,冷熱飲調製人員,餐飲服務人員
蝦皮店到店,小港蝦皮店到店🦐時薪196簡單好上手🌈有興趣都來,店長／門市管理人員,,,,,調酒師／吧台人員,洗碗人員,冷熱飲調製人員,西式廚師,餐廚助手
蝦皮店到店,新竹東區🦐蝦皮店到店門市人員🌟時薪221-269🍤教育訓練皆支薪#可周領#好上手#無經驗可-蝦-UR,門市／店員／專櫃人員,工讀生,理貨人員,,,調酒師／吧台人員,冷熱飲調製人員,洗碗人員,西式廚師,麵包師
蝦皮店到店,蝦皮店到店{台南生產 - 智取店}固定早班兼職/工讀人員/謝絕短期,門市／店員／專櫃人員,工讀生,,,,包裝員／作業員,倉管／物料管理員,生鮮處理人員,倉儲物流人員,資材人員
蝦皮店到店,🦐台北文山區🦐蝦皮店到店門市人員🌟時薪216-289起🍤教育訓練皆支薪#可周領#好上手#無經驗可–– 蝦-UR,門市／店員／專櫃人員,工讀生,,,,調酒師／吧台人員,洗碗人員,冷熱飲調製人員,西式廚師,麵包師
蝦皮智取店,【時薪 $215 - $254】⭐淡水區蝦皮智取店⭐巡迴理貨員⭐排班超彈性⭐QO,門市／店員／專櫃人員,售票／收銀人員,,,,倉管／物料管理員,生鮮處理人員,倉儲物流人員,理貨人員,包裝員／作業員
蝦皮智取店,【時薪204-244】⭐澎湖馬公蝦皮智取店⭐巡迴理貨員⭐排班超彈性⭐QO,門市／店員／專櫃人員,售票／收銀人員,,,,倉管／物料管理員,生鮮處理人員,倉儲物流人員,包裝員／作業員,理貨人員
蝦皮智取店,【時薪229-284】⭐新竹/竹北蝦皮智取店⭐巡迴理貨員⭐排班超彈性⭐QO,門市／店員／專櫃人員,售票／收銀人員,,,,倉管／物料管理員,生鮮處理人員,倉儲物流人員,包裝員／作業員,理貨人員
蝦皮智取店,【時薪234-274】⭐汐止區蝦皮智取店⭐巡迴理貨員⭐兼職首選⭐QO,門市／店員／專櫃人員,,,,,倉管／物料管理員,倉儲物流人員,理貨人員,生鮮處理人員,包裝員／作業員
行政服務中心-國際法務部,英文法務管理師【行政服務中心-國際法務部】,法務人員,,,,,檔案資料管理人員,文字客服,行政主管,總務人員,行政人員
行遍天下,【行遍天下】兼職客服人員(18:00~23:00)(新北市新店區),工讀生,電話客服人員,電訪人員,,,業務助理,國貿助理,秘書,電腦操作／資料輸入,採購助理
行遍天下,【行遍天下】電話客服人員(台中市西屯區)(輪班),電話客服人員,客服人員,,,,業務助理,電腦操作／資料輸入,國貿助理,秘書,文字客服
裕誠店,《斯朵利髮型》美髮助理-裕誠店,美髮助理,髮型設計師,,,,藥師助理,資訊助理人員,攝影助理,門市／店員／專櫃人員,行銷企劃助理
裕誠店,【裕誠店】【義享店】點心部廚房人員,中／港式點心廚師,,,,,調酒師／吧台人員,品管／品保主管,冷熱飲調製人員,西式廚師,餐飲主管
裕誠店,佑佑鍋燒麵(裕誠店)兼職人員,餐飲服務人員,餐廚助手,洗碗人員,,,飯店／旅館服務人員,侍酒師,調酒師／吧台人員,冷熱飲調製人員,門市／店員／專櫃人員
裕誠店,佑佑鍋燒麵(裕誠店)正職人員,餐廚助手,中式廚師,,,,調酒師／吧台人員,侍酒師,冷熱飲調製人員,門市／店員／專櫃人員,飯店／旅館服務人員
裕誠店,外塲晚班PT人員（裕誠店）,餐飲服務人員,,,,,冷熱飲調製人員,調酒師／吧台人員,門市／店員／專櫃人員,售票／收銀人員,飯店／旅館服務人員
裕誠店,廚房晚班正職（裕誠店）,餐廚助手,,,,,調酒師／吧台人員,冷熱飲調製人員,門市／店員／專櫃人員,售票／收銀人員,侍酒師
裕誠店,稻香台灣小吃 (裕誠店)– 大夜班人員,餐飲服務人員,餐廚助手,,,,冷熱飲調製人員,調酒師／吧台人員,門市／店員／專櫃人員,售票／收銀人員,飯店／旅館服務人員
裕隆,CE裕隆子公司【月達5萬】/8H週休六日/工作穩定有間休時間,鈑金技術人員,機械操作人員,機械加工技術人員,,,資材人員,倉管／物料管理員,房務人員,智慧製程工程師,生管／助理
裕隆,SOLOMAX快時尚眼鏡–專業驗光人員(新店裕隆城),驗光師,門市／店員／專櫃人員,,,,神秘客,品管人員,工業設計,機構工程師,資材人員
裕隆,派駐裕隆汽車駐衛警（月休10天）,保全人員／警衛,,,,,水電工,水電工程師,CNC車床人員,電機技師／工程師,神秘客
裕隆,裕隆集團關係企業-UI/UX設計師,UI/UX設計師,,,,,工業設計,軟體工程師,建築繪圖／設計,PLC／自動控制工程師,嵌入式工程師
觀天下有線電視,【觀天下有線電視】外撥人員,電話行銷人員,客服人員,帳款催收人員,,,售票／收銀人員,資材人員,房務人員,神秘客,電腦操作／資料輸入
觀天下有線電視,【觀天下有線電視】電話行銷人員,電話行銷人員,客服人員,,,,行銷企劃人員,廣告AE,融資／信用業務人員,傳播媒體編輯企劃,廣告設計
豆腐村,~幸福企業~【豆腐村】SKM Park店-店長/副店長(需至台北受訓),餐廚助手,餐飲服務人員,,,,調酒師／吧台人員,店長／門市管理人員,門市／店員／專櫃人員,侍酒師,冷熱飲調製人員
豆腐村,~幸福企業~【豆腐村】三創生活園區店-外場正職,餐飲服務人員,,,,,調酒師／吧台人員,冷熱飲調製人員,西式廚師,洗碗人員,侍酒師
豆腐里,~幸福企業~【豆腐里】台中LALAport店-儲備幹部,餐飲服務人員,餐廚助手,其他料理廚師,洗碗人員,餐飲領班,調酒師／吧台人員,餐飲主管,品管／品保主管,店長／門市管理人員,侍酒師
豆腐里,~幸福企業~【豆腐里】台北大巨蛋店-儲備幹部,餐廚助手,餐飲服務人員,,,,調酒師／吧台人員,品管／品保主管,店長／門市管理人員,餐飲主管,冷熱飲調製人員
豆腐里,~幸福企業~【豆腐里】高雄夢時代店-店長/副店長(需至台北受訓),餐廚助手,餐飲服務人員,,,,調酒師／吧台人員,店長／門市管理人員,門市／店員／專櫃人員,侍酒師,冷熱飲調製人員
豐FOOD海陸百匯-大直典華,【豐FOOD海陸百匯-大直典華】中廚 三鍋,其他料理廚師,中式廚師,,,,調酒師／吧台人員,餐飲主管,侍酒師,飯店／旅館服務人員,門市／店員／專櫃人員
豐FOOD海陸百匯-大直典華,【豐FOOD海陸百匯-大直典華】兼職廚助,餐廚助手,,,,,電腦操作／資料輸入,財務／會計助理,業務助理,秘書,國貿助理
豐FOOD海陸百匯-大直典華,【豐FOOD海陸百匯-大直典華】副理/經理,餐飲領班,餐飲主管,飯店／旅館主管,,,業務助理,國貿助理,秘書,電腦操作／資料輸入,財務／會計助理
豐FOOD海陸百匯-大直典華,【豐FOOD海陸百匯-大直典華】服務人員,餐飲服務人員,,,,,調酒師／吧台人員,冷熱飲調製人員,門市／店員／專櫃人員,飯店／旅館服務人員,侍酒師
豐FOOD海陸百匯-大直典華,【豐FOOD海陸百匯-大直典華】泰廚 三廚,其他料理廚師,,,,,調酒師／吧台人員,冷熱飲調製人員,門市／店員／專櫃人員,侍酒師,西式廚師
豐FOOD海陸百匯-大直典華,【豐FOOD海陸百匯-大直典華】洗滌人員,飯店／旅館主管,飯店／旅館櫃檯人員,國內業務人員,,,洗碗人員,冷熱飲調製人員,調酒師／吧台人員,餐廚助手,餐飲服務人員
豐FOOD海陸百匯-大直典華,【豐FOOD海陸百匯-大直典華】西餐 副領班,西式廚師,其他料理廚師,,,,調酒師／吧台人員,冷熱飲調製人員,餐飲領班,品管／品保主管,補習班主任／主管
豐田店,豐田店［長期工讀］,餐飲服務人員,餐廚助手,洗碗人員,,,冷熱飲調製人員,調酒師／吧台人員,飯店／旅館服務人員,門市／店員／專櫃人員,侍酒師
貓將,【貓將】★日廚 廚務專員★ 起薪36K起＿歡迎無經驗者加入【信義區】,日式廚師,餐廚助手,,,,資材人員,資材主管,房務人員,客服人員,電話客服人員
貓空纜車,派駐【貓空纜車】助理場管員,遊樂景點工作人員,,,,,資訊助理人員,攝影助理,人事助理,執行製作／助理,文字客服
貝莉希瑪｜向上店,【貝莉希瑪｜向上店】美甲師,美甲彩繪師,,,,,調酒師／吧台人員,冷熱飲調製人員,侍酒師,門市／店員／專櫃人員,飯店／旅館服務人員
貝莉希瑪｜漢口店,【貝莉希瑪｜漢口店】美甲師,美甲彩繪師,,,,,調酒師／吧台人員,冷熱飲調製人員,侍酒師,門市／店員／專櫃人員,飯店／旅館服務人員
貝莉希瑪｜美術館店,【貝莉希瑪｜美術館店】美甲師,美甲彩繪師,,,,,調酒師／吧台人員,冷熱飲調製人員,門市／店員／專櫃人員,侍酒師,飯店／旅館服務人員
貝莉希瑪｜黎明店,【貝莉希瑪｜黎明店】美甲師,美甲彩繪師,,,,,調酒師／吧台人員,冷熱飲調製人員,侍酒師,門市／店員／專櫃人員,飯店／旅館服務人員
財團法人MIH,【財團法人MIH】汽車零部件標準化資深工程師 (軟體),機械工程師,韌體工程師,電信／通訊系統工程師,,,零組件工程師,PLC／自動控制工程師,機構工程師,電機設備裝配員,電機技師／工程師
財團法人MIH,【財團法人MIH】汽車零部件標準化資深工程師(硬體),機械工程師,電子工程師,電腦硬體研發工程師,,,零組件工程師,電機工程主管,機構工程師,PLC／自動控制工程師,電機技師／工程師
財團法人中衛發展中心,【財團法人中衛發展中心】CI(持續改善)儲備顧問師,儲備幹部,專業顧問,,,,電訪人員,國內業務人員,客服主管,汽車銷售人員,金融營業人員
財團法人中衛發展中心,【財團法人中衛發展中心】前瞻服務部 健康產業組 長照助理,護理助理(護佐),,,,,文字客服,活動企劃人員,採購助理,檔案資料管理人員,秘書
財團法人中衛發展中心,【財團法人中衛發展中心】地方生活組 時薪助理,行政助理,,,,,檔案資料管理人員,財務／會計助理,採購助理,電腦操作／資料輸入,活動企劃人員
財團法人中衛發展中心,【財團法人中衛發展中心】產業經營部 法人科專組 專案管理人員,其他專案管理師,,,,,客服主管,MIS／網管主管,國內業務人員,國外業務主管,編採主管
財團法人私立廣恩老人養護中心,"【財團法人私立廣恩老人養護中心】照顧服務員(薪資38,000元-42000元)",照顧服務／指導員,護理師,其他醫療從業人員,,,休閒娛樂事業從業人員,檔案資料管理人員,飯店／旅館服務人員,金融營業人員,房務人員
貳樓餐廳-台北中山店,【貳樓餐廳-台北中山店】暑假工讀 外場兼職,餐飲服務人員,,,,,飯店／旅館服務人員,侍酒師,調酒師／吧台人員,冷熱飲調製人員,門市／店員／專櫃人員
貳樓餐廳-台北仁愛店,【貳樓餐廳-台北仁愛店】暑期工讀 外場兼職,餐飲服務人員,,,,,飯店／旅館服務人員,侍酒師,調酒師／吧台人員,冷熱飲調製人員,門市／店員／專櫃人員
貳樓餐廳-台北公館店,【貳樓餐廳-台北公館店】暑期工讀 外場兼職,餐飲服務人員,,,,,飯店／旅館服務人員,侍酒師,調酒師／吧台人員,冷熱飲調製人員,門市／店員／專櫃人員
貳樓餐廳-台北師大店,【貳樓餐廳-台北師大店】暑期工讀 外場兼職,餐飲服務人員,,,,,侍酒師,飯店／旅館服務人員,調酒師／吧台人員,冷熱飲調製人員,門市／店員／專櫃人員
貳樓餐廳-微風南山店,【貳樓餐廳-微風南山店】暑期工讀 外場兼職 $220起,餐飲服務人員,,,,,飯店／旅館服務人員,侍酒師,調酒師／吧台人員,冷熱飲調製人員,門市／店員／專櫃人員
貳樓餐廳-華泰店,【貳樓餐廳-華泰店】暑期工讀 外場兼職,餐飲服務人員,,,,,侍酒師,飯店／旅館服務人員,調酒師／吧台人員,冷熱飲調製人員,門市／店員／專櫃人員
赤腹景觀,園藝施工人員【赤腹景觀】,花藝／園藝人員,,,,,水電工程師,水電工,PLC／自動控制工程師,冷凍空調技術人員／安裝員,弱電工程師
赤腹景觀,園藝施工人員【赤腹景觀】【南投縣】,花藝／園藝人員,,,,,水電工程師,水電工,PLC／自動控制工程師,土木工程師,消防專業人員
赤腹景觀,園藝施工人員【赤腹景觀】【台中市】,花藝／園藝人員,,,,,水電工程師,PLC／自動控制工程師,水電工,工業設計,智慧製程工程師
赤腹景觀,園藝施工人員【赤腹景觀】【台南市】,花藝／園藝人員,,,,,水電工程師,水電工,PLC／自動控制工程師,智慧製程工程師,電機技師／工程師
赤腹景觀,園藝施工人員【赤腹景觀】【台東縣】,花藝／園藝人員,,,,,水電工程師,水電工,PLC／自動控制工程師,土木技師,電機技師／工程師
赤腹景觀,園藝施工人員【赤腹景觀】【嘉義縣】,花藝／園藝人員,,,,,水電工程師,水電工,PLC／自動控制工程師,土木技師,電機技師／工程師
赤腹景觀,園藝施工人員【赤腹景觀】【屏東縣】,花藝／園藝人員,,,,,水電工程師,水電工,PLC／自動控制工程師,土木技師,電機技師／工程師
赤腹景觀,園藝施工人員【赤腹景觀】【彰化縣】,花藝／園藝人員,,,,,水電工程師,水電工,PLC／自動控制工程師,土木技師,電機技師／工程師
赤腹景觀,園藝施工人員【赤腹景觀】【花蓮縣】,花藝／園藝人員,,,,,水電工程師,水電工,PLC／自動控制工程師,土木技師,電機技師／工程師
赤腹景觀,園藝施工人員【赤腹景觀】【雲林縣】,花藝／園藝人員,,,,,水電工程師,水電工,PLC／自動控制工程師,電機技師／工程師,電機設備裝配員
赤腹景觀,園藝施工人員【赤腹景觀】【高雄市】,花藝／園藝人員,,,,,水電工程師,PLC／自動控制工程師,水電工,電機技師／工程師,工業設計
赤鬼,【赤鬼】外場晚班工讀(台灣大道店),餐飲服務人員,餐廚助手,,,,調酒師／吧台人員,冷熱飲調製人員,門市／店員／專櫃人員,飯店／旅館服務人員,侍酒師
赤鬼,【赤鬼】暑假工讀生(高雄博愛店),餐飲服務人員,餐廚助手,,,,冷熱飲調製人員,門市／店員／專櫃人員,調酒師／吧台人員,飯店／旅館服務人員,工讀生
越越 新越南料理,【越越 新越南料理】 - 櫃檯營運人員,會計／出納／記帳人員,,,,,金融營業人員,飯店／旅館櫃檯人員,飯店／旅館主管,資材主管,資材人員
越越 新越南料理,【越越 新越南料理】 店主廚/副廚,餐飲主管,其他料理廚師,,,,調酒師／吧台人員,西式廚師,冷熱飲調製人員,門市／店員／專櫃人員,餐廚助手
越越 新越南料理,【越越 新越南料理】 店經理/副理,餐飲主管,餐飲領班,,,,門市／店員／專櫃人員,售票／收銀人員,調酒師／吧台人員,資材主管,冷熱飲調製人員
越越 新越南料理,【越越 新越南料理】 廚務助理,餐廚助手,其他料理廚師,生鮮處理人員,,,電腦操作／資料輸入,業務助理,秘書,財務／會計助理,國貿助理
路科,H【夜班保全】高雄路竹區路科三路：廠辦，薪39200元/ 240H,管理員,保全人員／警衛,,,,包裝員／作業員,CNC車床人員,水電工,智慧製程工程師,技術人員
路科,"H【工地日班保全】高雄路竹區路科五路，月休6~7天-月薪45,480元/288H",管理員,保全人員／警衛,,,,調酒師／吧台人員,營建雜工／粗工,資材人員,倉管／物料管理員,資材主管
路科,"[高雄路科] 簡單易上手// 設備保養清潔人員｜周休二日,見紅休",技術人員,,,,,PLC／自動控制工程師,智慧製程工程師,水電工,電機技師／工程師,電機設備裝配員
路科,★★高雄路科★★ 設備保養清潔人員/周休二日/薪資$29500,維修技術人員,,,,,PLC／自動控制工程師,智慧製程工程師,水電工,電機技師／工程師,電機設備裝配員
路科,【日商★半導體產業】高雄路科_徵品管助理管理師,品管人員,檢驗人員,,,,生管／助理,保稅人員,資訊助理人員,文字客服,行銷企劃助理
路科,【正職】路科日商汽車大廠徵製程工程師(周休二日),汽車引擎技術人員,機車維修人員,生產技術／製程工程師,設備工程主管,包裝員／作業員,智慧製程工程師,汽車檢驗員,電機技師／工程師,塑膠押出技術人員,CNC車床人員
路科,內湖區瑞光路科技總部日.夜班保全(大7小6)49K起,保全人員／警衛,,,,,電機技師／工程師,生管主管,電機設備裝配員,電機工程主管,水電工
路科,內湖區瑞光路科技總部日班中控人員,保全人員／警衛,,,,,生管主管,水電工,電機設備裝配員,電機技師／工程師,PLC／自動控制工程師
路科,內湖區瑞光路科技總部日班保全(見紅休)41K起,保全人員／警衛,,,,,電機工程主管,生管主管,電機技師／工程師,電機設備裝配員,PLC／自動控制工程師
路科,楊梅高獅路科技廠駐衛警44000-46000,保全人員／警衛,管理員,,,,電機設備裝配員,電機技師／工程師,機械加工技術人員,CNC車床人員,水電工
路科,監控中心-職安人員(高雄路科AI園區)★年薪保障14個月！優渥留任及推薦獎金/租補,職業安全衛生管理人員,,,,,PLC／自動控制工程師,隨扈／安全人員,水電工程師,水電工,神秘客
路科,研發技術員(高雄路科AI園區)新廠擴編徵才★年薪保障14個月！優渥留任及推薦獎金/租補,PCB技術人員,領班／管理幹部,,,,汽車研發人員,電機設備裝配員,模具技術人員,機械加工技術人員,電機技師／工程師
路科,駐廠行政人員-高雄路科,行政助理,,,,,國貿人員,生管／助理,行政人員,電腦操作／資料輸入,採購助理
路科,高雄市路竹區路科兼職清潔人員,清潔／資源回收人員,建築物清潔人員,,,,房務人員,冷熱飲調製人員,飯店／旅館服務人員,門市／店員／專櫃人員,調酒師／吧台人員
路科,＜急徵＞桃園大園航翔路科技廠-安檢員288=50000,保全人員／警衛,隨扈／安全人員,,,,汽車檢驗員,食品檢驗人員,檢驗人員,品管人員,原料檢驗人員
路竹廠,(高雄路竹廠) 技術工程類 - 四班二輪夜班製程工程師【高雄】,生產技術／製程工程師,化學／化工工程師,材料研發人員,,,電機設備裝配員,電機技師／工程師,模具技術人員,塑膠模具技術人員,智慧製程工程師
路竹廠,MLCC製程工程師(路竹廠),生產技術／製程工程師,,,,,智慧製程工程師,電機技師／工程師,電機設備裝配員,塑膠押出技術人員,PLC／自動控制工程師
路竹廠,MLCC設備保修助理工程師(路竹廠),生產設備工程師,電子設備維修人員,,,,工程助理,冷凍空調繪圖／設計,組裝組立技術人員,CNC程式設計師,室內設計助理
路竹廠,MLCC設備工程師(路竹廠),生產設備工程師,機械工程師,,,,水電工程師,工業設計,PLC／自動控制工程師,機構工程師,土木技師
路竹廠,RF製程工程師(路竹廠),生產技術／製程工程師,,,,,智慧製程工程師,電機技師／工程師,CNC車床人員,電機設備裝配員,塑膠押出技術人員
路竹廠,【路竹廠】廢水處理人員,堆高機操作人員,環保／環境工程師／技師,,,,汽車檢驗員,包裝員／作業員,生鮮處理人員,CNC車床人員,檢驗人員
路竹廠,【路竹廠】緊急應變環安工程師/技士(輪班津貼另計&依證照敘薪)-年度擴編!,職業安全衛生管理人員,工廠安全衛生人員,工地安全衛生工程師,,,電機設備裝配員,機械加工技術人員,電機技師／工程師,模具技術人員,PLC／自動控制工程師
路竹廠,儀電輪班助理工程師(路竹廠),PLC／自動控制工程師,機電技師／工程師,電機技師／工程師,電子工程師,電子設備維修人員,工程助理,冷凍空調繪圖／設計,光電／半導體工程助理,機械設計／繪圖人員,棚內技術工程人員
路竹廠,日月光電氣配線施作人員(高雄路竹廠)可週領薪,光電／半導體工程助理,,,,,CNC車床人員,電機設備裝配員,電機技師／工程師,包裝員／作業員,技術人員
路竹廠,服務專員(裕益汽車(股)公司_路竹廠),客服人員,廠務助理,,,,智慧製程工程師,水電工,電機技師／工程師,PLC／自動控制工程師,神秘客
路竹廠,業務專員-路竹廠,國內業務人員,,,,,國外業務人員,國貿人員,國貿助理,業務助理,報關人員
路竹廠,機械工程師(路竹廠),機械操作人員,技術人員,機械工程師,機械設備組裝測試人員,電機維修人員,智慧製程工程師,電機技師／工程師,電機設備裝配員,PLC／自動控制工程師,水電工
路竹廠,正職♡路竹廠-輪班技術員KSD,包裝員／作業員,機械操作人員,,,,電機技師／工程師,電機設備裝配員,技術人員,模具技術人員,塑膠押出技術人員
路竹廠,生管人員(路竹廠),生管／助理,,,,,包裝員／作業員,智慧製程工程師,塑膠押出技術人員,CNC車床人員,生管主管
路竹廠,"路竹廠生產助理技術員【留任獎金月月領★三個月共領$12,000+簽約金】",包裝員／作業員,領班／管理幹部,技術人員,,,生管／助理,生產技術／製程工程師,軟體助理工程師,機械操作人員,採購助理
路竹廠,電容設備工程師(路竹廠),生產設備工程師,,,,,水電工程師,PLC／自動控制工程師,工業設計,機構工程師,土木工程師
路竹廠,（高雄路竹廠）技術工程類 - 製程/研發工程師【高雄】,生產技術／製程工程師,化學／化工工程師,材料研發人員,,,模具技術人員,電機設備裝配員,電機技師／工程師,特用化學工程師,汽車研發人員
躍越名店,【躍越名店】~美髮合作夥伴/設計師/店長,髮型設計師,美髮助理,,,,平面設計,室內設計助理,工業設計,建築繪圖／設計,PLC／自動控制工程師
輕井沢足體,【輕井沢足體】晚班櫃台PT人員,總機／接待／櫃檯人員,,,,,飯店／旅館服務人員,飯店／旅館櫃檯人員,售票／收銀人員,冷熱飲調製人員,遊樂景點工作人員
輕鬆購,【輕鬆購】電商平台出貨人員／客服人員／上架助理,電商行銷,倉儲物流人員,,,,生管／助理,採購助理,國貿助理,文字客服,業務助理
辦公用品供應商領導品牌-總務倉庫,門市櫃台客服(南港店)_[辦公用品供應商領導品牌-總務倉庫]][前四個月保障月薪3萬4千元][週休六日、日班無須輪班],門市／店員／專櫃人員,店長／門市管理人員,售票／收銀人員,,,資材人員,國貿人員,生管／助理,文字客服,秘書
農科廠,【農科廠】工廠技術員,包裝員／作業員,,,,,CNC車床人員,技術人員,電機設備裝配員,電機技師／工程師,汽車檢驗員
農科廠,【農科廠】生管,生管／助理,生產線工程師,倉管／物料管理員,,,包裝員／作業員,生管主管,智慧製程工程師,CNC車床人員,塑膠押出技術人員
農科廠,【農科廠】研發專員,食品研發人員,,,,,汽車研發人員,材料分析員,微生物分析師,生物科技研發人員,特用化學工程師
近金蘭醬油,睡到自然醒!!!(10點半上班) - 近金蘭醬油,倉儲物流人員,倉管／物料管理員,,,,調酒師／吧台人員,冷熱飲調製人員,門市／店員／專櫃人員,遊樂景點工作人員,洗碗人員
遇見時茶 Ⅱ店-東山店,【遇見時茶 Ⅱ店-東山店】餐食茶飲餐廳-廚房內場儲備幹部,餐飲領班,儲備幹部,,,,調酒師／吧台人員,餐飲主管,侍酒師,餐飲服務人員,品管／品保主管
遊台灣休閒事業,社群小編(遊台灣休閒事業有限公司),社群經營人員,數位行銷人員,電商行銷,,,遊樂景點工作人員,神秘客,休閒娛樂事業從業人員,公關企劃人員,房務人員
遊輪部,團控OP【遊輪部】,票務人員／旅行社人員,,,,,資材主管,客服主管,資材人員,飯店／旅館主管,儲備幹部
過嶺店,[過嶺店]正職人員/儲備幹部,餐廚助手,餐飲服務人員,,,,調酒師／吧台人員,冷熱飲調製人員,品管／品保主管,店長／門市管理人員,門市／店員／專櫃人員
達特楊,潭子【達特楊】店經理,護理師,專科護理師,,,,冷熱飲調製人員,調酒師／吧台人員,洗碗人員,門市／店員／專櫃人員,品管／品保主管
達特楊,潭子【達特楊】驗光師,驗光師,門市／店員／專櫃人員,其他醫療從業人員,,,調酒師／吧台人員,冷熱飲調製人員,品管人員,智慧製程工程師,原料檢驗人員
遠傳電信,轉換跑道挑戰高薪- 保障底薪3萬6 不倒扣_月均薪45K以上-南投遠傳電信門市人員,門市／店員／專櫃人員,店長／門市管理人員,國內業務人員,,,PLC／自動控制工程師,智慧製程工程師,房務人員,水電工程師,儲備幹部
遠傳電信,遠傳電信 新竹新埔加盟數位顧問,店長／門市管理人員,儲備幹部,國內業務人員,,,傳播媒體編輯企劃,行銷企劃人員,數位行銷人員,留學諮詢顧問,遊戲企劃人員
遠百信義A13,CONI美容顧問【遠百信義A13】專櫃 保障薪資32000~36000,門市／店員／專櫃人員,,,,,水電工程師,消防專業人員,客服主管,神秘客,ISO品保人員
遠雄,ABC-MART遠雄汐科 [早班工讀生],門市／店員／專櫃人員,,,,,工讀生,冷熱飲調製人員,飯店／旅館服務人員,飯店／旅館櫃檯人員,遊樂景點工作人員
遠雄,【兼職】汐止iFG遠雄廣場店_顧客服務專員 Customer Advisor-R00000004166228,門市／店員／專櫃人員,,,,,國貿人員,國貿助理,文字客服,業務助理,採購助理
遠雄,【新北新莊】夜班機電工程師 (近遠雄),機電技師／工程師,電機維修人員,,,,PLC／自動控制工程師,工業設計,電機設備裝配員,機構工程師,電機技師／工程師
遠雄,【機電員】-台北市信義區(遠雄金融中心)東京都管理機構-眾鼎機電部,電機維修人員,水電工程師,技術人員,,,電機工程主管,生管主管,水電工,PLC／自動控制工程師,智慧製程工程師
遠雄,【正職】汐止iFG遠雄廣場店_顧客服務專員 Customer Advisor-R00000004166155,門市／店員／專櫃人員,,,,,國貿人員,國貿助理,業務助理,文字客服,採購助理
遠雄,停車場管理員-遠雄IFG廣場,保全人員／警衛,管理員,,,,資材主管,產品經理,旅遊休閒類主管,售票／收銀人員,店長／門市管理人員
遠雄,報單繕打假日工讀生 (桃園市大園區遠雄自貿港旁),工讀生,,,,,資材人員,門市／店員／專櫃人員,電腦操作／資料輸入,售票／收銀人員,飯店／旅館服務人員
遠雄,報單繕打平日工讀生-晚班 (桃園市大園區遠雄自貿港旁),工讀生,,,,,資材人員,電腦操作／資料輸入,售票／收銀人員,門市／店員／專櫃人員,冷熱飲調製人員
遠雄,室裝專員 (台中-iFG遠雄廣場),水電及其他工程繪圖人員,消防繪圖人員,工程配管繪圖,,,PLC／自動控制工程師,智慧製程工程師,房務人員,水電工,電機技師／工程師
遠雄,工務科科長 (台中-iFG遠雄廣場),機電技師／工程師,電機技師／工程師,電機工程主管,,,建築繪圖／設計,嵌入式工程師,軟體工程師,IC佈局工程師,系統工程師
遠雄,清潔員-桃園二部〈大溪區-遠雄〉,清潔／資源回收人員,,,,,房務人員,資材主管,售票／收銀人員,資材人員,調酒師／吧台人員
遠雄,營業科主管(台中-iFG遠雄廣場),國內業務主管,國內業務人員,,,,餐飲主管,儲備幹部,店長／門市管理人員,品管／品保主管,資材主管
遠雄,物管部主管 (iFG遠雄廣場),機電技師／工程師,總幹事,,,,資材主管,資材人員,生管主管,領班／管理幹部,儲備幹部
遠雄,空運OP (工作地點：桃園遠雄倉儲),國貿人員,國貿助理,,,,倉儲物流人員,倉管／物料管理員,理貨人員,生管／助理,資材人員
遠雄,遠雄房地產-公共事務管理師(高階主管辦公室),特別助理,媒體公關人員,秘書,,,公關企劃人員,行政主管,股務人員,客服主管,銀行辦事人員
那米哥莊園,魚菜共生管理人員【工作地點：那米哥莊園(萬里)】(提供員工宿舍),水產養殖人員,農藝栽培專業人員,,,,門市／店員／專櫃人員,資材主管,調酒師／吧台人員,ISO品保人員,資材人員
酷澎,!!免面試!! 書審即錄取【酷澎電商】電商資訊管理人員 (LLS_834),行政人員,行政助理,,,,倉管／物料管理員,倉儲物流人員,理貨人員,PCB技術人員,噴漆技術人員
酷澎,SA【酷澎｜圖片美編人員】韓國龍頭電商集團，全新辦公室，工時固定，歡迎夜校學生,行政人員,行政助理,美編人員,,,生管／助理,資材人員,倉管／物料管理員,倉儲物流人員,理貨人員
酷澎,✨酷澎✨【觀音/大園】無經驗可✅書審錄取率高✅✨免費供餐✨酷DD,包裝員／作業員,倉儲物流人員,理貨人員,,,調酒師／吧台人員,冷熱飲調製人員,西式廚師,資材人員,門市／店員／專櫃人員
酷澎,【美商酷澎】  商品審核人員 ／ 35K 過試用期9000獎金／SOP有教育訓練  ／ 夜間在校生可 #AH,行政人員,行政助理,,,,倉儲物流人員,倉管／物料管理員,資材人員,生管／助理,理貨人員
酷澎,"【酷澎｜Associate, Brand Management】龍頭電商集團，全新辦公室，工時固定",加盟／招商人員,國內業務人員,,,,生管／助理,資材人員,倉管／物料管理員,倉儲物流人員,理貨人員
酷澎,【酷澎｜Pricing詢價人員】韓國龍頭電商集團，全新辦公室，工時固定，歡迎夜校學生,行政人員,檔案資料管理人員,電腦操作／資料輸入,,,倉管／物料管理員,倉儲物流人員,生管／助理,資材人員,理貨人員
酷澎,【酷澎｜電商資訊管理人員】韓國龍頭電商集團，全新辦公室，工時固定，歡迎夜校學生,行政人員,檔案資料管理人員,電腦操作／資料輸入,,,倉管／物料管理員,倉儲物流人員,資材人員,理貨人員,生管／助理
酷澎,全遠端！38-45K【百人專案】酷澎 客服人員 全面擴編!!#高轉正#筆電公司提供#短期三個月-LN,行政人員,行政助理,檔案資料管理人員,,,資材人員,生管／助理,國貿人員,採購助理,國貿助理
酷澎,書審即報到 【美商酷澎】採購助理 ／台北101上班 ／ 35K,行政人員,行政助理,,,,採購助理,國貿助理,秘書,行銷企劃助理,業務助理
酷澎,酷澎｜火箭物流【人資專員On-site HRM】年薪14個月✦高速成長✦前景看好✦外商環境_ro,人事／人力資源專員,人事助理,,,,資材人員,倉管／物料管理員,倉儲物流人員,國外業務人員,技術人員
酷澎 Coupang,居家辦公｜週休二日｜知名電商｜美編助理｜ 美商酷澎 Coupang_JT,美編人員,,,,,採購助理,國貿助理,秘書,行政人員,行銷企劃助理
酷澎Coupang,★月薪上看55k 電商龍頭★【酷澎Coupang】AM客戶管理專員#全新辦公室#履歷書審-BU,客戶成功經理,內勤業務,,,,文字客服,國貿人員,資材人員,報關人員,資料庫管理人員
酷澎Coupang,★韓國電商龍頭★ 桃園觀音區人才【酷澎Coupang】人資專員 HRM Specialist (晚班) _OCS 330,人事／人力資源專員,人事助理,總務人員,,,倉管／物料管理員,倉儲物流人員,理貨人員,資材人員,生管／助理
酷澎Coupang,"★韓國電商龍頭★【酷澎Coupang】Associate, Catalog Operation 新上架商品資訊審核人員_OCS330",行政人員,,,,,生管／助理,採購助理,文字客服,國貿助理,國貿人員
酷澎Coupang,"★韓國電商龍頭★【酷澎Coupang】Associate, Catalog Operation 電商文案美編人員_OCS330",美編人員,,,,,採購助理,國貿助理,秘書,生管／助理,行銷企劃助理
酷澎Coupang,"★韓國電商龍頭★【酷澎Coupang】價格合規人員 Associate, Pricing Operation _OCS330",行政人員,,,,,生管／助理,採購助理,文字客服,國貿人員,國貿助理
酷澎Coupang,"★韓國電商龍頭★【酷澎Coupang】文書作業人員 Associate, Pricing Operation _OCS330",行政助理,行政人員,檔案資料管理人員,,,生管／助理,採購助理,文字客服,國貿助理,國貿人員
酷澎Coupang,"★韓國電商龍頭★【酷澎Coupang】新上架商品資訊審核人員 Associate, Catalog Operation _OCS330",職業安全衛生管理人員,,,,,生管／助理,採購助理,文字客服,國貿人員,國貿助理
酷澎Coupang,★韓國電商龍頭★【酷澎Coupang】消費者審查專員 eCommerce Business Specialist_OCS330,行政人員,,,,,國外業務人員,資材人員,報關人員,生管／助理,倉儲物流人員
酷澎Coupang,"★韓國電商龍頭★【酷澎Coupang】電商文案美編人員 Associate, Catalog Operation _OCS330",美編人員,,,,,採購助理,國貿助理,秘書,電腦操作／資料輸入,財務／會計助理
酷澎Coupang,"★韓國電商龍頭★【酷澎Coupang】電商資訊管理人員 Associate, Catalog Operation_OCS330",行政人員,,,,,生管／助理,保稅人員,文字客服,採購助理,國貿人員
酷澎Coupang,"★韓國電商龍頭★【酷澎Coupang】電商資訊維運人員 Associate, Program Management _OCS330",行政人員,,,,,生管／助理,採購助理,保稅人員,文字客服,資訊助理人員
酷澎Coupang,★韓國電商龍頭★急徵!!桃園大園人才【酷澎Coupang】中文標籤管理人員 GS Administration Specialist _OCS330,行政人員,,,,,倉管／物料管理員,資材人員,倉儲物流人員,生管／助理,保稅人員
酷澎Coupang,"【美商酷澎Coupang】Associate, HRM 人資管理人員_OCS331 #人資敲門磚#組織管理#內勤行政管理",人事／人力資源專員,人事助理,,,,內勤業務,行政助理,秘書,電腦操作／資料輸入,財務／會計助理
酷澎Coupang,【酷澎Coupang】消費者審查專員_LLS834,電腦操作／資料輸入,行政助理,,,,神秘客,資材人員,資料庫管理人員,生管／助理,PLC／自動控制工程師
酷澎通運,"【酷澎通運】職業大貨車司機 (17噸)｜桃園龜山｜首月夜班 $59,000起/ 白班 $53,000起、短距配送、無長途高壓",大貨車司機,,,,,外務／快遞／送貨,小客車／小貨車司機,堆高機操作人員,塑膠押出技術人員,理貨人員
酷澎｜客戶關係管理,【酷澎｜客戶關係管理】電商集團，工時固定，週休二日,行政人員,行政助理,電腦操作／資料輸入,,,文字客服,國貿人員,資材人員,生管／助理,國外業務人員
里歐大竹店,[里歐大竹店］正職人員/儲備幹部,餐廚助手,餐飲服務人員,,,,調酒師／吧台人員,品管／品保主管,冷熱飲調製人員,店長／門市管理人員,門市／店員／專櫃人員
里歐歐式早午餐三峽中園店,[里歐歐式早午餐三峽中園店］正職人員/儲備幹部,餐廚助手,餐飲服務人員,,,,調酒師／吧台人員,品管／品保主管,餐飲主管,冷熱飲調製人員,店長／門市管理人員
里歐萬大店,[里歐萬大店］正職人員/儲備幹部,餐廚助手,餐飲服務人員,,,,調酒師／吧台人員,品管／品保主管,冷熱飲調製人員,店長／門市管理人員,門市／店員／專櫃人員
野柳館,【野柳館】餐廳出納員,餐飲服務人員,門市／店員／專櫃人員,,,,財務／會計助理,行政人員,電腦操作／資料輸入,秘書,業務助理
野饗鍋鍋物明誠店,【野饗鍋鍋物明誠店】火鍋店廚房正職 38K-42K,餐廚助手,其他料理廚師,,,,調酒師／吧台人員,侍酒師,飯店／旅館服務人員,冷熱飲調製人員,門市／店員／專櫃人員
金城機廠專案,【金城機廠專案】-建築專案工程師/主任,工地主管／主任,營建工程人員,工地安全衛生工程師,,,結構技師／工程師,水電工程師,土木工程師,電機工程主管,金屬建材架構人員
金大方鍋物,森川丼丼旗下【金大方鍋物】大慶店店長,餐廚助手,餐飲服務人員,,,,調酒師／吧台人員,餐飲主管,店長／門市管理人員,侍酒師,飯店／旅館服務人員
金華素食自助餐,【金華素食自助餐】廚師,中／港式點心廚師,,,,,調酒師／吧台人員,西式廚師,冷熱飲調製人員,餐廚助手,洗碗人員
金金禮寓,【金金禮寓】飯店房務員(兼職),房務人員,,,,,外送人員,調酒師／吧台人員,飯店／旅館服務人員,冷熱飲調製人員,侍酒師
金鞍龍潭廠,儲備工程師【金鞍龍潭廠】,傳統車床人員,機電技師／工程師,機械設計／繪圖人員,,,水電工程師,工業設計,PLC／自動控制工程師,機構工程師,BIOS工程師
金鞍龍潭廠,鉗工/氬焊/西工/組裝  工程師助理【金鞍龍潭廠】,焊接技術人員,機械設備組裝測試人員,機械加工技術人員,,,工程助理,組裝組立技術人員,CNC程式設計師,機械操作人員,冷凍空調繪圖／設計
金馬賓館當代美術館,【金馬賓館當代美術館】咖啡廳商店服務員,餐飲服務人員,,,,,侍酒師,飯店／旅館服務人員,調酒師／吧台人員,咖啡師,門市／店員／專櫃人員
金馬賓館當代美術館,【金馬賓館當代美術館】物業專員『月薪40000』,隨扈／安全人員,管理員,,,,資材人員,倉管／物料管理員,倉儲物流人員,生管／助理,資材主管
銀角零卡,【銀角零卡】社群經營實習生(學年實習計畫2026/7～2027/6),行銷企劃人員,行銷企劃助理,,,,文字客服,國貿人員,活動企劃人員,資料庫管理人員,媒體公關人員
銀角零卡,【銀角零卡】電話/文字客服人員（歡迎身障人士）,電話客服人員,客服人員,,,,文字客服,國貿人員,電腦操作／資料輸入,行政人員,秘書
長庚店,工務助理-A7長庚店,工務工管人員,工務助理,,,,秘書,國貿助理,業務助理,採購助理,電腦操作／資料輸入
長庚店,業務設計師/助理設計師-長庚店(室內設計、系統櫃),室內設計師,國內業務人員,門市／店員／專櫃人員,,,國貿助理,秘書,業務助理,採購助理,電腦操作／資料輸入
長庚店,炒台.油炸人員【長庚店】,中式廚師,其他料理廚師,,,,調酒師／吧台人員,冷熱飲調製人員,門市／店員／專櫃人員,洗碗人員,侍酒師
長春名人館,【長春名人館】副理(礁溪),餐飲主管,餐飲領班,飯店／旅館主管,,,電腦操作／資料輸入,秘書,財務／會計助理,業務助理,國貿助理
長榮,517 蘆洲長榮餐廳 大夜服務員(兼職),餐飲服務人員,餐廚助手,,,,飯店／旅館服務人員,調酒師／吧台人員,冷熱飲調製人員,侍酒師,門市／店員／專櫃人員
長榮,517 蘆洲長榮餐廳 早班服務員(兼職),餐飲服務人員,餐廚助手,,,,飯店／旅館服務人員,調酒師／吧台人員,侍酒師,冷熱飲調製人員,門市／店員／專櫃人員
長榮,517 蘆洲長榮餐廳 服務員(兼職),餐飲服務人員,餐廚助手,,,,飯店／旅館服務人員,調酒師／吧台人員,侍酒師,冷熱飲調製人員,門市／店員／專櫃人員
長榮,[中雲嘉]虎尾鎮 駐場(李長榮)清潔員,清潔／資源回收人員,建築物清潔人員,,,,房務人員,生鮮處理人員,資材人員,倉管／物料管理員,倉儲物流人員
長榮,《高薪禮聘》中壢長榮醫院【急診專科醫師】,醫師,,,,,藥師,藥師助理,獸醫／獸醫佐,獸醫助理,休閒娛樂事業從業人員
長榮,《高薪禮聘》中壢長榮醫院【感染科醫師】,醫師,,,,,藥師,藥師助理,獸醫／獸醫佐,獸醫助理,中醫師
長榮,《高薪禮聘》中壢長榮醫院【聯盟牙科診所】誠徵【合作牙醫師】,牙醫師,,,,,獸醫助理,診所助理,寵物禮儀師,獸醫／獸醫佐,外務／快遞／送貨
長榮,《高薪聘請》中壢長榮醫院【輔助醫學諮詢人員】,行銷企劃人員,其他醫療從業人員,,,,獸醫助理,藥師,藥師助理,診所助理,護理助理(護佐)
長榮,【兼職】中壢長榮醫院【癌篩助理員】,護理師,其他醫療從業人員,,,,藥師助理,資訊助理人員,電腦操作／資料輸入,護理助理(護佐),外送人員
長榮,【兼職】中壢長榮醫院【眼科跟診人員】,其他醫療從業人員,護理師,,,,藥師助理,飯店／旅館櫃檯人員,專任管理員,休閒娛樂事業從業人員,飯店／旅館服務人員
長榮,【正職】蘆洲長榮路店_顧客服務專員 Customer Advisor-R00000004166157,門市／店員／專櫃人員,,,,,國貿人員,文字客服,國貿助理,業務助理,國外業務人員
長榮,【長榮集團】在機場工作不是夢!!超高時薪!!!月薪最高60K還免費供餐! #ST19,清潔／資源回收人員,,,,,調酒師／吧台人員,洗碗人員,西式廚師,冷熱飲調製人員,餐廚助手
長榮,中壢長榮醫院【病房事務員】,其他醫療從業人員,,,,,房務人員,動物醫事助理,銀行辦事人員,醫院行政管理人員,休閒娛樂事業從業人員
長榮,中壢長榮醫院【癌篩個管師】,其他醫療從業人員,護理師,,,,中醫師,藥師,獸醫／獸醫佐,藥師助理,休閒娛樂事業從業人員
長榮,中壢長榮醫院【醫務行政秘書】,醫院行政管理人員,,,,,行政人員,電腦操作／資料輸入,秘書,財務／會計助理,檔案資料管理人員
長榮,中壢長榮醫院【門診事務員】,其他醫療從業人員,,,,,休閒娛樂事業從業人員,銀行辦事人員,藥師助理,動物醫事助理,飯店／旅館服務人員
長榮,司機自備大小貨車/無車者可以協助購車(新竹物流新富倉/大溪倉/長興A倉/長興B倉/長榮倉/楊梅倉/幼獅倉5-26噸),大貨車司機,小客車／小貨車司機,,,,倉管／物料管理員,理貨人員,倉儲物流人員,包裝員／作業員,生鮮處理人員
長榮,"派駐長榮空運倉儲安全人員，可領薪約NT$52,000~65,000(含加班費)",保全人員／警衛,,,,,倉管／物料管理員,倉儲物流人員,理貨人員,包裝員／作業員,水電工
長榮,長榮醫療體系【博榮健康美學診所】誠徵【櫃台人員】,總機／接待／櫃檯人員,,,,,資料庫管理人員,客服主管,診所助理,神秘客,醫院行政管理人員
長榮,長榮醫療體系【博榮健康美學診所】誠徵【諮詢師】,美容講師／技導,美容師,,,,專業顧問,神秘客,企管顧問,獸醫／獸醫佐,客服主管
長榮,長榮醫療體系【博榮健康美學診所】誠徵【醫學美容師】,美容師,,,,,醫美諮詢師,獸醫／獸醫佐,客服主管,醫學美容／整型,紋繡師
開南大學招生事務處,【開南大學招生事務處】教育部大學招生專業化計畫人員A,行政人員,研究助理,,,,人事／人力資源主管,軟體專案主管,事務部船員,授權／授信／徵信人員,公關企劃人員
開心幼兒園,【開心幼兒園】廚工,中式廚師,其他料理廚師,,,,冷熱飲調製人員,調酒師／吧台人員,洗碗人員,門市／店員／專櫃人員,西式廚師
開飯川食堂,【開飯川食堂】★服務專員★ 起薪36K起＿歡迎無經驗者加入【台中市北區】,餐飲服務人員,,,,,調酒師／吧台人員,門市／店員／專櫃人員,冷熱飲調製人員,飯店／旅館服務人員,侍酒師
開飯川食堂,【開飯川食堂】★服務專員★ 起薪36K起＿歡迎無經驗者加入【台中市西區】,餐飲服務人員,,,,,調酒師／吧台人員,飯店／旅館服務人員,冷熱飲調製人員,門市／店員／專櫃人員,侍酒師
開飯川食堂,【開飯川食堂】★服務專員★ 起薪36K起＿歡迎無經驗者加入【蘆竹區】,餐飲服務人員,,,,,調酒師／吧台人員,飯店／旅館服務人員,冷熱飲調製人員,門市／店員／專櫃人員,侍酒師
開飯川食堂｜真珠,【開飯川食堂｜真珠】★服務專員★ 起薪36K起＿歡迎無經驗者加入【中西區】,餐飲服務人員,,,,,調酒師／吧台人員,飯店／旅館服務人員,冷熱飲調製人員,門市／店員／專櫃人員,侍酒師
開飯川食堂｜饗泰多,【開飯川食堂｜饗泰多】★服務專員★ 起薪36K起＿歡迎無經驗者加入【中壢區】,餐飲服務人員,,,,,調酒師／吧台人員,飯店／旅館服務人員,門市／店員／專櫃人員,冷熱飲調製人員,侍酒師
閱讀樹托嬰中心,【閱讀樹托嬰中心】托育人員／保母｜月領 37K 起、18:00 準時下班、行政減量,保母／托育人員,教保員／保育員,,,,檔案資料管理人員,電腦操作／資料輸入,秘書,行政人員,財務／會計助理
闊 shabu shabu,"【闊 shabu shabu】 外場儲備幹部,月休8～10天,薪40,000～48,000",餐飲服務人員,洗碗人員,餐廚助手,,,品管／品保主管,調酒師／吧台人員,儲備幹部,智慧製程工程師,資材主管
闊佬shabu shabu,"【闊佬shabu shabu】晚班兼職人員,時薪200元起",餐飲服務人員,餐廚助手,,,,外送人員,調酒師／吧台人員,冷熱飲調製人員,飯店／旅館服務人員,門市／店員／專櫃人員
阿曼地產,【阿曼地產】不動產經紀《高專》營業員,國內業務人員,不動產經紀人／營業員,,,,店長／門市管理人員,門市／店員／專櫃人員,餐飲主管,儲備幹部,金融營業人員
阿秋大肥鵝-市政店,【阿秋大肥鵝-市政店】廚助,餐廚助手,,,,,電腦操作／資料輸入,售票／收銀人員,財務／會計助理,秘書,業務助理
阿秋大肥鵝-市政店,【阿秋大肥鵝-市政店】廚師-爐手,中式廚師,,,,,冷熱飲調製人員,調酒師／吧台人員,侍酒師,飯店／旅館服務人員,門市／店員／專櫃人員
阿秋大肥鵝-市政店,【阿秋大肥鵝-市政店】水檯人員,餐飲服務人員,生鮮處理人員,,,,冷熱飲調製人員,調酒師／吧台人員,飯店／旅館服務人員,售票／收銀人員,電腦操作／資料輸入
陶板屋八德大和店,【陶板屋八德大和店】餐飲服務/外場工讀兼職計時/大廳計時※有意者請速洽陳店長,工讀生,餐飲服務人員,,,,飯店／旅館服務人員,侍酒師,調酒師／吧台人員,冷熱飲調製人員,門市／店員／專櫃人員
陶板屋八德大和店,【陶板屋八德大和店】餐飲服務/外場正職服務人員/大廳正職服務員※有意者請速洽陳店長,餐飲服務人員,,,,,侍酒師,調酒師／吧台人員,飯店／旅館服務人員,冷熱飲調製人員,餐飲主管
陶板屋台北復興北店,【陶板屋台北復興北店】餐飲服務/外場工讀兼職計時/大廳計時※有意者請速洽李店長,工讀生,餐飲服務人員,,,,飯店／旅館服務人員,侍酒師,調酒師／吧台人員,冷熱飲調製人員,門市／店員／專櫃人員
陶板屋台北復興北店,【陶板屋台北復興北店】餐飲服務/外場正職服務人員/大廳正職服務員※有意者請速洽李店長,餐飲服務人員,,,,,調酒師／吧台人員,侍酒師,飯店／旅館服務人員,冷熱飲調製人員,餐飲主管
陶板屋台北復興北店,【陶板屋台北復興北店】餐飲服務/外場長期兼職/假日長期外場兼職/※有意者請速洽李店長,餐飲服務人員,,,,,調酒師／吧台人員,侍酒師,飯店／旅館服務人員,冷熱飲調製人員,門市／店員／專櫃人員
陶板屋汐止遠雄店,【陶板屋汐止遠雄店】餐飲服務/外場工讀兼職計時/大廳計時,工讀生,餐飲服務人員,,,,飯店／旅館服務人員,侍酒師,調酒師／吧台人員,冷熱飲調製人員,門市／店員／專櫃人員
陶板屋汐止遠雄店,【陶板屋汐止遠雄店】餐飲服務/外場正職服務人員/大廳正職服務員,餐飲服務人員,,,,,調酒師／吧台人員,侍酒師,飯店／旅館服務人員,冷熱飲調製人員,門市／店員／專櫃人員
陸弘股份,陸弘股份有限公司 夜間工讀生,工讀生,行政人員,,,,售票／收銀人員,門市／店員／專櫃人員,遊樂景點工作人員,休閒娛樂事業從業人員,資材人員
隆德天下,【隆德天下】行政保全,保全人員／警衛,管理員,,,,行政人員,電腦操作／資料輸入,秘書,財務／會計助理,檔案資料管理人員
隨意吧 政大公企中心,外場正職服務人員【隨意吧 政大公企中心】,餐飲服務人員,,,,,調酒師／吧台人員,門市／店員／專櫃人員,冷熱飲調製人員,飯店／旅館服務人員,侍酒師
隨意鳥地方 101 85樓,中班-外場兼職服務人員【隨意鳥地方 101 85樓】,餐飲服務人員,,,,,飯店／旅館服務人員,冷熱飲調製人員,調酒師／吧台人員,休閒娛樂事業從業人員,遊樂景點工作人員
隨意鳥地方 101 85樓,晚班-外場兼職服務人員【隨意鳥地方 101 85樓】,餐飲服務人員,,,,,飯店／旅館服務人員,冷熱飲調製人員,調酒師／吧台人員,遊樂景點工作人員,售票／收銀人員
隨意鳥地方 101 85樓,櫃檯助理【隨意鳥地方 101 85樓】,總機／接待／櫃檯人員,餐飲服務人員,,,,資訊助理人員,特別助理,禮賓接待人員,人事助理,醫院行政管理人員
隨意鳥地方 101 85樓,領檯櫃檯人員【隨意鳥地方 101 85樓】,總機／接待／櫃檯人員,,,,,診所助理,宗教／神職人員,飯店／旅館櫃檯人員,居家服務督導員,地勤人員
雅居廚櫃,【雅居廚櫃】影音企劃(桃園),剪輯師,影片製作技術人員,,,,活動企劃人員,秘書,電腦操作／資料輸入,業務助理,國貿助理
雅居廚櫃,【雅居廚櫃】業務人員(高雄三民),室內設計師,國內業務人員,門市／店員／專櫃人員,,,國外業務人員,國貿人員,國貿助理,業務助理,採購助理
雅居廚櫃,【雅居廚櫃】系統廚櫃直營門市儲備店長(中區),店長／門市管理人員,國內業務人員,設計助理,,,PLC／自動控制工程師,水電工程師,工業設計,智慧製程工程師,儲備幹部
雅居廚櫃,【雅居廚櫃】系統廚櫃直營門市儲備店長(北區),店長／門市管理人員,國內業務人員,設計助理,,,PLC／自動控制工程師,水電工程師,工業設計,智慧製程工程師,儲備幹部
雅居廚櫃,【雅居廚櫃】系統廚櫃直營門市儲備店長(南區),店長／門市管理人員,國內業務人員,設計助理,,,PLC／自動控制工程師,水電工程師,工業設計,智慧製程工程師,儲備幹部
雙橡園_台中七期豪宅,"【雙橡園_台中七期豪宅】社區秘書/櫃檯秘書(35,000-40,000元)，另享年終與績效獎金)",飯店／旅館服務人員,飯店／旅館櫃檯人員,,,,行政人員,秘書,電腦操作／資料輸入,財務／會計助理,特別助理
雙橡園_台中七期豪宅,【雙橡園_台中七期豪宅】精緻洗車服務組長/精緻洗車服務技師,汽車美容,,,,,加油服務,CNC車床人員,房務人員,水電工,電機技師／工程師
雙福分院,【雙福分院】助理員,其他醫療從業人員,,,,,資訊助理人員,電腦操作／資料輸入,人事助理,特別助理,行政人員
雙福分院,【雙福分院】院牧傳道,行政人員,,,,,宗教／神職人員,診所助理,獸醫助理,居家服務督導員,教保員／保育員
雙連店,【正職36K起｜儲備主管40K起】 周休二日、非兩頭班牛有廖Beefull雙連店/士林店擴大徵才,中式廚師,餐廚助手,餐飲服務人員,,,品管／品保主管,調酒師／吧台人員,店長／門市管理人員,西式廚師,麵包師
雙連店,【雙連店】美容師✦可獨立操作者,美容師,美療師／芳療師,,,,遊樂景點工作人員,售票／收銀人員,智慧製程工程師,門市／店員／專櫃人員,資材主管
雙連店,【雙連店】美睫師✦可獨立操作者,美睫師,,,,,包裝員／作業員,倉管／物料管理員,生鮮處理人員,沖床人員,CNC車床人員
雙連店,【雙連店】頭療師✦可獨立操作者,美容師,美療師／芳療師,,,,包裝員／作業員,智慧製程工程師,麵包師,木工,生鮮處理人員
雙連店,髮型設計師(雙連店),髮型設計師,美髮講師／技導,整體造型師,,,工業設計,平面設計,水電工程師,建築繪圖／設計,服裝設計
雙連社福基金會,【雙連社福基金會】弱勢家庭兒童課輔班工作人員,課業輔導老師,,,,,社會工作人員／督導,幼教老師,飯店／旅館服務人員,房務人員,休閒娛樂事業從業人員
雞吉君拉麵品牌/西門店,[雞吉君拉麵品牌/西門店] 內外場兼職.工讀生,工讀生,,,,,餐廚助手,洗碗人員,調酒師／吧台人員,冷熱飲調製人員,餐飲服務人員
雪坊,"雪坊優格服務專員-中壢SOGO/月薪36500元以上,每周休2天",門市／店員／專櫃人員,店長／門市管理人員,門市／店員／專櫃人員,,,房務人員,神秘客,休閒娛樂事業從業人員,電話客服人員,遊樂景點工作人員
雲品溫泉酒店日月潭,【雲品溫泉酒店日月潭】「雲水」行政酒廊禮賓接待員/服務員,餐飲主管,飯店／旅館主管,,,,電腦操作／資料輸入,行政人員,秘書,財務／會計助理,業務助理
雲品溫泉酒店日月潭,【雲品溫泉酒店日月潭】中廚房-尾鍋,中／港式點心廚師,,,,,調酒師／吧台人員,飯店／旅館服務人員,侍酒師,門市／店員／專櫃人員,餐飲主管
雲品溫泉酒店日月潭,【雲品溫泉酒店日月潭】中廚房二廚,中式廚師,其他料理廚師,,,,調酒師／吧台人員,冷熱飲調製人員,西式廚師,餐廚助手,門市／店員／專櫃人員
雲品溫泉酒店日月潭,【雲品溫泉酒店日月潭】休閒活動部-活動指導員,飯店／旅館服務人員,,,,,售票／收銀人員,資材人員,公關企劃人員,客服主管,產品企劃主管
雲品溫泉酒店日月潭,【雲品溫泉酒店日月潭】員工餐廳廚師,中式廚師,,,,,調酒師／吧台人員,侍酒師,冷熱飲調製人員,飯店／旅館服務人員,門市／店員／專櫃人員
雲品溫泉酒店日月潭,【雲品溫泉酒店日月潭】客戶電話服務主管,總機／接待／櫃檯人員,客服人員,飯店／旅館服務人員,,,客服主管,國外業務主管,資材人員,行政主管,儲備幹部
雲品溫泉酒店日月潭,【雲品溫泉酒店日月潭】房務部副理,飯店／旅館主管,,,,,售票／收銀人員,門市／店員／專櫃人員,調酒師／吧台人員,資材人員,業務助理
雲品溫泉酒店日月潭,【雲品溫泉酒店日月潭】樓層領班/組長/主任,飯店／旅館服務人員,房務人員,,,,補習班主任／主管,資材主管,儲備幹部,資材人員,調酒師／吧台人員
雲品溫泉酒店日月潭,【雲品溫泉酒店日月潭】禮賓會務主任/副理,飯店／旅館服務人員,,,,,財務／會計助理,秘書,電腦操作／資料輸入,行政人員,業務助理
雲品溫泉酒店日月潭,【雲品溫泉酒店日月潭】西廚房領班/副領班,西式廚師,其他料理廚師,,,,餐飲領班,調酒師／吧台人員,品管／品保主管,日式廚師,冷熱飲調製人員
雲品溫泉酒店日月潭,"西餐廳資深服務員/組長 (薪優40,000元起) 【雲品溫泉酒店日月潭】",餐飲服務人員,,,,,調酒師／吧台人員,侍酒師,冷熱飲調製人員,門市／店員／專櫃人員,飯店／旅館服務人員
雲林縣居服中心,【雲林縣居服中心】古坑-照顧服務員(可申請缺工獎勵),照顧服務／指導員,,,,,房務人員,休閒娛樂事業從業人員,居家服務督導員,電訪人員,神秘客
雲林縣居服中心,【雲林縣居服中心】大埤-照顧服務員(可申請缺工獎勵),照顧服務／指導員,,,,,房務人員,休閒娛樂事業從業人員,居家服務督導員,電訪人員,神秘客
雲林縣居服中心,【雲林縣居服中心】斗六-照顧服務員(可申請缺工獎勵),照顧服務／指導員,,,,,房務人員,休閒娛樂事業從業人員,電訪人員,神秘客,居家服務督導員
雲林縣居服中心,【雲林縣居服中心】斗南-照顧服務員(可申請缺工獎勵),照顧服務／指導員,,,,,房務人員,休閒娛樂事業從業人員,電訪人員,神秘客,居家服務督導員
雲林縣居服中心,【雲林縣居服中心】林內-照顧服務員(可申請缺工獎勵),照顧服務／指導員,,,,,客服人員,電話客服人員,房務人員,電訪人員,票務人員／旅行社人員
雲林縣居服中心,【雲林縣居服中心】莿桐-照顧服務員(可申請缺工獎勵),照顧服務／指導員,,,,,休閒娛樂事業從業人員,房務人員,居家服務督導員,電訪人員,神秘客
雲象泰式餐廳-台南總店,【雲象泰式餐廳-台南總店】早班外場兼職人員,餐飲服務人員,工讀生,,,,飯店／旅館服務人員,調酒師／吧台人員,侍酒師,冷熱飲調製人員,門市／店員／專櫃人員
雲象泰式餐廳-台南總店,【雲象泰式餐廳-台南總店】晚班外場兼職人員,餐飲服務人員,工讀生,,,,飯店／旅館服務人員,調酒師／吧台人員,侍酒師,冷熱飲調製人員,門市／店員／專櫃人員
雲起時景觀餐廳,【雲起時景觀餐廳】晚班全職餐飲人員,餐飲服務人員,,,,,調酒師／吧台人員,飯店／旅館服務人員,冷熱飲調製人員,侍酒師,門市／店員／專櫃人員
雲起時景觀餐廳,【雲起時景觀餐廳】晚班兼職人員、工讀,餐飲服務人員,,,,,飯店／旅館服務人員,調酒師／吧台人員,冷熱飲調製人員,門市／店員／專櫃人員,侍酒師
雲雀國際,【雲雀國際】【古拉爵】【涮乃葉】-台中地區 品管助理人員,品管人員,食品檢驗人員,,,,生管／助理,資訊助理人員,電腦操作／資料輸入,媒體公關人員,攝影助理
雲雀國際,【雲雀國際】【古拉爵】【涮乃葉】-台北地區 食品技師,食品檢驗人員,食品衛生管理師,,,,品管人員,檢驗人員,技術人員,塑膠押出技術人員,電機技師／工程師
雲雀國際,雲雀國際【古拉爵】【涮乃葉】-數值管理部兼職人員,行政助理,電腦操作／資料輸入,,,,資材人員,資材主管,生管主管,客服主管,PLC／自動控制工程師
電信,(5G電信龍頭_台哥大)_北一網路維運處_工管課_外務人員_【無經驗可/免加班】 #IL,客服工程師,弱電工程師,電信／通訊系統工程師,,,水電工,技術人員,電機設備裝配員,CNC車床人員,電機技師／工程師
電信,"(無經驗可)電信業的首選-直營門市/月薪30,000~45,000起,月休8-10天/完整培訓+快速晉升管道【高雄前鎮區】TWM",門市／店員／專櫃人員,,,,,PLC／自動控制工程師,智慧製程工程師,資材人員,資材主管,客服主管
電信,"(無經驗可)電信業的首選-直營門市/月薪30,000~45,000起,月休8-10天/完整培訓+快速晉升管道【高雄鼓山區】TWM",門市／店員／專櫃人員,客服人員,,,,PLC／自動控制工程師,資材人員,智慧製程工程師,資材主管,客服主管
電信,3C電信通訊業/帶貨小幫手｜高抽成🔥無經驗可,社群經營人員,電商行銷,表演／主持／直播人員,,,倉管／物料管理員,倉儲物流人員,生管／助理,理貨人員,資材人員
電信,[台中南屯] 電信_帳務催收/法務催收人員 #M655,帳款催收人員,電話行銷人員,電訪人員,,,會計／出納／記帳人員,查帳／審計人員,財務分析／財務人員,稅務人員,財務／會計助理
電信,【內湖科技園區】知名電信業徵行政工讀生/夜間部學生可,工讀生,行政助理,,,,資材人員,國貿人員,秘書,行政人員,電腦操作／資料輸入
電信,【台北市信義區】電信業內部-帳務處管理師,行政人員,,,,,稽核人員,稽核主管,內勤業務,金融專業主管,會計師
電信,【固定早班】知名電信公司-行政工讀生,行政助理,客服人員,,,,行政人員,電腦操作／資料輸入,秘書,財務／會計助理,排版人員
電信,【固定早班】知名電信公司-電銷服務專員(周休二日),電話行銷人員,,,,,廣告AE,神秘客,電話客服人員,客服人員,廣告設計
電信,【新竹北區】電信業行政助理-夜間部學生可、近新竹市政府,工讀生,行政助理,,,,秘書,業務助理,國貿助理,電腦操作／資料輸入,採購助理
電信,【月薪33K-38K】電信科技龍頭 💡 徵【資料分析助理】信義區/應屆可 AD,市場調查／分析人員,數據分析師／資料分析師,行政人員,,,生管／助理,資料庫管理人員,軟體助理工程師,資訊助理人員,採購助理
電信,【月薪33K-40K】電信科技龍頭 💡 徵【遊戲客服】信義區/應屆可,客服人員,電話客服人員,行政人員,,,生管／助理,資料庫管理人員,資材人員,神秘客,軟體助理工程師
電信,【無需銷售】【知名電信】電話市調專員(固定早班)(新北市三重區)(週休),電訪人員,客服人員,,,,門市／店員／專櫃人員,售票／收銀人員,行銷企劃人員,產品經理,神秘客
電信,【知名電信】中區網路維運處/工讀生(台中),工讀生,行政助理,,,,資材人員,休閒娛樂事業從業人員,飯店／旅館服務人員,房務人員,電話客服人員
電信,【知名電信】內勤工讀生,工讀生,,,,,客服人員,電話客服人員,餐廚助手,餐飲服務人員,稽核人員
電信,【知名電信】北一區網路維運處/工程師,電信／通訊系統工程師,弱電工程師,產品設備維修人員,,,嵌入式工程師,軟體工程師,IC佈局工程師,水電工程師,IC設計工程師
電信,【知名電信】北一區網路維運處/工讀生(內湖),工讀生,行政助理,,,,飯店／旅館櫃檯人員,資材人員,房務人員,遊樂景點工作人員,文字記者
電信,【知名電信】客戶開發暨維繫處/工讀生(台北),行銷企劃人員,行銷企劃助理,工讀生,,,電訪人員,產品企劃人員,神秘客,國外業務人員,國貿人員
電信,【知名電信】帳務處/管理師,行政人員,行政助理,業務助理,,,稅務人員,會計／出納／記帳人員,查帳／審計人員,會計師,財務／會計主管
電信,【知名電信】永續暨品牌發展處/管理師,公關企劃人員,網站企劃人員,檔案資料管理人員,,,客服主管,產品經理,產品企劃主管,儲備幹部,門市／店員／專櫃人員
電信,【知名電信】產品系統架構處/新創加值维運工程師,系統工程師,網路管理工程師,系統工程師,,,軟體工程師,PLC／自動控制工程師,嵌入式工程師,工業設計,PCB-Layout佈局工程師
電信,【知名電信】網路管理處/客訴工程師(內湖),客服工程師,客服人員,客服主管,,,網路管理工程師,嵌入式工程師,DevOps工程師,電信／配線繪圖,後端工程師
電信,【知名電信】網路管理處/客訴工程師(高雄),客服工程師,客服人員,客服主管,,,DevOps工程師,嵌入式工程師,網路管理工程師,電信／配線繪圖,系統工程師
電信,【知名電信】行動應用發展部/工讀生,工讀生,行政人員,行政助理,,,平面設計,客服主管,資料庫管理人員,資材人員,軟體專案主管
電信,【知名電信】行政管理處/工讀生,工讀生,,,,,行政人員,電腦操作／資料輸入,總務人員,秘書,排版人員
電信,【知名電信】資訊服務技術處/工讀生,資訊助理人員,,,,,電子設備維修人員,電信／配線繪圖,電器產品維修人員,通信維修人員,冷凍空調技術人員／安裝員
電信,【知名電信】電話行銷專員-固定週休二日(高雄三民區)(平均薪資40000),電話行銷人員,國內業務人員,,,,行銷企劃人員,活動企劃人員,廣告設計,國貿人員,國貿助理
電信,【知名電信】電話行銷專員-週休二日(高雄三民區)(平均薪資40000),電話行銷人員,國內業務人員,,,,行銷企劃人員,廣告設計,國貿人員,活動企劃人員,國貿助理
電信,【電信外撥】電信商品電話行銷人員(新店),電話客服人員,客服人員,電話行銷人員,,,行銷企劃人員,廣告設計,傳播媒體編輯企劃,產品企劃主管,廣告AE
電信,【電信外撥】電信商品電話行銷人員(板橋),電話客服人員,客服人員,電話行銷人員,,,行銷企劃人員,廣告設計,傳播媒體編輯企劃,廣告AE,產品企劃主管
電信,【電信外撥】電信商品電話行銷人員(龜山),電話客服人員,客服人員,電話行銷人員,,,行銷企劃人員,廣告設計,傳播媒體編輯企劃,廣告AE,融資／信用業務人員
電信,【龍頭電信關係企業】機房維運工程師_無經驗可_月休約15天_轉職工程師好選擇_適合想轉換跑道的夥伴_提供完善教育訓練,電腦組裝／維修,電腦操作／資料輸入,行政人員,,,BIOS工程師,PLC／自動控制工程師,IC佈局工程師,機構工程師,水電工程師
電信,台中南屯-【知名電信】上線客服專員 ★需輪班★,電話客服人員,客服人員,電訪人員,,,業務助理,文字客服,電腦操作／資料輸入,國貿助理,秘書
電信,國立臺灣大學電信工程學研究所 誠聘教師,教授／副教授／助理教授,,,,,韌體工程師,RF通訊工程師,數位IC設計工程師,數據分析師／資料分析師,軟／韌體測試工程師
電信,寬頻網路電信工程師,弱電工程師,網路管理工程師,電信／通訊系統工程師,,,RF通訊工程師,韌體工程師,嵌入式工程師,IC設計工程師,前端工程師
電信,新北三重-【知名電信】查號台/反詐騙客服專員 ★固定晚班★,電話客服人員,客服人員,電訪人員,,,業務助理,電腦操作／資料輸入,國貿助理,秘書,資材人員
電信,歡迎同業(台灣之星/亞太電信)提早卡位,門市／店員／專櫃人員,店長／門市管理人員,門市／店員／專櫃人員,,,資材人員,神秘客,廣告AE,電話客服人員,客服人員
電信,知名大電信-續約外撥人員(三重)底薪+獎金,電訪人員,電話行銷人員,補習班招生人員,,,資材人員,電腦操作／資料輸入,神秘客,生管／助理,資訊助理人員
電信,知名大電信-電話行銷人員(三民區),電話行銷人員,,,,,行銷企劃人員,廣告設計,融資／信用業務人員,傳播媒體編輯企劃,廣告AE
電信,知名大電信-電話行銷人員(南屯區),電話行銷人員,,,,,行銷企劃人員,廣告設計,傳播媒體編輯企劃,廣告AE,融資／信用業務人員
電信,知名電信公司-文件管理人員,資訊助理人員,,,,,電腦操作／資料輸入,行政人員,秘書,財務／會計助理,業務助理
電信,知名電信公司-文件管理人員(兼職),資訊助理人員,,,,,電腦操作／資料輸入,行政人員,秘書,財務／會計助理,業務助理
電信,網路/通訊/電信 工程師,弱電工程師,業務工程師,技術人員,,,嵌入式工程師,RF通訊工程師,IC設計工程師,韌體工程師,軟體工程師
電信,通信、電信技工,電信／通訊系統工程師,弱電工程師,,,,電器產品維修人員,技術人員,電機技師／工程師,電機設備裝配員,PLC／自動控制工程師
電信,通訊/電信 系統工程師,電信／通訊系統工程師,通信維修人員,弱電工程師,,,嵌入式工程師,IC設計工程師,軟體工程師,通訊軟體工程師,RF通訊工程師
電信,通訊/電信工程師(無經驗肯學習者),電信／通訊系統工程師,通信維修人員,弱電工程師,水電工程師,,嵌入式工程師,RF通訊工程師,韌體工程師,軟體工程師,IC佈局工程師
電信,通訊/電信工程師(需有相關經驗)薪資可在面議,電信／通訊系統工程師,通信維修人員,弱電工程師,水電工程師,電子設備維修人員,通訊軟體工程師,嵌入式工程師,RF通訊工程師,韌體工程師,IC設計工程師
電信,通訊電信工程師,電信／通訊系統工程師,弱電工程師,通信維修人員,保全工程技術人員,,RF通訊工程師,嵌入式工程師,IC設計工程師,通訊軟體工程師,韌體工程師
電信,電信/通信助理工程師(月薪30000-50000),電信／通訊系統工程師,通信維修人員,弱電工程師,,,光電／半導體工程助理,冷凍空調繪圖／設計,室內設計助理,機械設計／繪圖人員,設計助理
電信,電信/通訊工程人員(親洽或來電優先錄取),弱電工程師,通信維修人員,電信／通訊系統工程師,保全工程技術人員,,嵌入式工程師,RF通訊工程師,韌體工程師,IC設計工程師,數位IC設計工程師
電信,電信/通訊系統工程師-(學徒可),弱電工程師,通信維修人員,,,,IC設計工程師,IC佈局工程師,嵌入式工程師,RF通訊工程師,PCB-Layout佈局工程師
電信,電信工程人員,弱電工程師,水電工,營建工程人員,,,嵌入式工程師,IC設計工程師,RF通訊工程師,軟體工程師,韌體工程師
電信,電信工程人員(屏東縣市、恆春偏遠地區),弱電工程師,通信維修人員,電信／通訊系統工程師,,,建築繪圖／設計,軟體工程師,嵌入式工程師,資料庫管理人員,室內設計助理
電信,電信工程人員(新優__附勞健保+團保+勞退6),電信／通訊系統工程師,通信維修人員,,,,嵌入式工程師,IC設計工程師,軟體工程師,IC佈局工程師,水電工程師
電信,電信工程人員(高雄市岡山區),弱電工程師,通信維修人員,電信／通訊系統工程師,,,嵌入式工程師,軟體工程師,IC設計工程師,電信／配線繪圖,RF通訊工程師
電信,電信工程人員(高雄市旗山區),弱電工程師,通信維修人員,電信／通訊系統工程師,,,嵌入式工程師,軟體工程師,IC設計工程師,電信／配線繪圖,IC佈局工程師
電信,電信工程人員-學徒(第四台),通信維修人員,弱電工程師,,,,IC佈局工程師,嵌入式工程師,RF通訊工程師,IC設計工程師,韌體工程師
電信,電信工程人員_無經驗可,電信／通訊系統工程師,通信維修人員,弱電工程師,,,嵌入式工程師,韌體工程師,IC設計工程師,軟體工程師,RF通訊工程師
電信,電信工程學徒,弱電工程師,通信維修人員,焊接技術人員,學徒,技術人員,RF通訊工程師,IC設計工程師,韌體工程師,嵌入式工程師,IC佈局工程師
電信,電信工程師,弱電工程師,電信／通訊系統工程師,,,,IC設計工程師,嵌入式工程師,RF通訊工程師,IC佈局工程師,軟體工程師
電信,電信工程師(無經驗可),弱電工程師,通信維修人員,電子設備維修人員,學徒,弱電工程師,韌體工程師,嵌入式工程師,IC設計工程師,BIOS工程師,IC佈局工程師
電信,"電信工程師_大溪區/鶯歌區_(學經歷不拘,無經驗可)",弱電工程師,,,,,嵌入式工程師,韌體工程師,IC佈局工程師,IC設計工程師,RF通訊工程師
電信,"電信工程師_鶯歌區/大溪區_(學經歷不拘,無經驗可)",弱電工程師,,,,,嵌入式工程師,韌體工程師,IC佈局工程師,BIOS工程師,IC設計工程師
電信,電信工程技術學徒,弱電工程師,電信／通訊系統工程師,,,,通信維修人員,電信／配線繪圖,微機電工程師,電子設備維修人員,機車維修人員
電信,電信弱電工程師,電信／通訊系統工程師,學徒,,,,嵌入式工程師,IC設計工程師,軟體工程師,IC佈局工程師,水電工程師
電信,電信服務事業部-專案顧問(台中)_保障底薪+高獎金,國內業務人員,,,,,客服主管,客戶成功經理,公關企劃人員,平面設計,軟體專案主管
電信,電信服務事業部-專案顧問_保障底薪+高獎金,國內業務人員,,,,,客戶成功經理,軟體專案主管,客服主管,事務部船員,公關企劃人員
電信,電信業務管理 中階主管(總部),經營管理主管,專案管理主管,,,,國內業務主管,國外業務主管,客服主管,產品企劃主管,儲備幹部
電信,電信櫃檯服務專員（遠傳電信民雄頭橋店）(無倒扣機制）+獎金（無上限）,總機／接待／櫃檯人員,門市／店員／專櫃人員,,,,飯店／旅館櫃檯人員,空服人員,神秘客,資材人員,資訊助理人員
電信,電信維修通訊系統外勤人員(技術/台北市南港區),通信維修人員,產品設備維修人員,弱電工程師,,,電腦組裝／維修,冷凍空調技術人員／安裝員,電器產品維修人員,PLC／自動控制工程師,工業設計
電信,電信網路佈接工程人員,弱電工程師,技術人員,,,,電信／配線繪圖,嵌入式工程師,IC佈局工程師,IC設計工程師,PCB-Layout佈局工程師
電信,電信網路系統工程師(新店),電信／通訊系統工程師,產品設備維修人員,網路管理工程師,,,軟體工程師,嵌入式工程師,IC設計工程師,建築繪圖／設計,後端工程師
電信,電信網路裝機工程人員(台北市北投、士林)士林面試＞無經驗可,弱電工程師,通信維修人員,電腦組裝／維修,電信／通訊系統工程師,產品設備維修人員,通訊軟體工程師,韌體工程師,IC設計工程師,軟／韌體測試工程師,軟體工程師
電信,電信線路技術員(搶修維護),弱電工程師,電信／通訊系統工程師,,,,電子設備維修人員,維修技術人員,冷凍空調技術人員／安裝員,電機維修人員,電器產品維修人員
電信,電信線路技術員(無經驗可),弱電工程師,電信／通訊系統工程師,,,,電機設備裝配員,技術人員,電器產品維修人員,PLC／自動控制工程師,電機技師／工程師
電信,電信設備BD,電信／通訊系統工程師,硬體工程研發主管,系統工程師,,,PLC／自動控制工程師,水電工程師,神秘客,資料庫管理人員,工業設計
電信,電信設備BD(課級~理級)_知名電腦大廠 (3007648),客戶成功經理,,,,,PLC／自動控制工程師,水電工,工業設計,電機技師／工程師,電機設備裝配員
電信,電信設備工程師 (無經驗可),電信／通訊系統工程師,通信維修人員,產品設備維修人員,,,IC設計工程師,嵌入式工程師,軟體工程師,韌體工程師,IC佈局工程師
電信,電信首選-直營門市人員 【新北三峽區】,客服人員,電話客服人員,,,,冷熱飲調製人員,調酒師／吧台人員,飯店／旅館服務人員,門市／店員／專櫃人員,侍酒師
電信,📢台北信義區電信業★客戶開發暨維繫處行政管理師★,行政人員,行政助理,業務助理,,,國貿人員,客服主管,文字客服,活動企劃人員,資料庫管理人員
電信,📱知名電信-北區電話客服專員(正職),電話客服人員,客服工程師,電話行銷人員,,,業務助理,國貿助理,秘書,電腦操作／資料輸入,採購助理
電信,📱知名電信-南區電話客服專員(正職),電話客服人員,客服工程師,電話行銷人員,,,業務助理,國貿助理,秘書,電腦操作／資料輸入,採購助理
電機技師,汽車引擎.電機技師.西工.電銲..,汽車維修人員,,,,,汽車檢驗員,電機技師／工程師,電機設備裝配員,智慧製程工程師,CNC車床人員
電機技師,汽車電機技師,汽車維修人員,汽車引擎技術人員,其他車輛維修人員,,,電機技師／工程師,智慧製程工程師,電機設備裝配員,汽車檢驗員,水電工
電機技師,電機技師事務所-機電設計助理工程師,水電及其他工程繪圖人員,電信／配線繪圖,,,,冷凍空調繪圖／設計,機械設計／繪圖人員,室內設計助理,CAD／CAM工程師,工程助理
需4年以上,中央投資總處(需配合海外出差)｜公司私募基金投資管理與項目案源開發主管（需4年以上經驗）,經營管理主管,財務／會計主管,理財專員,,,軟體相關管理師,客服主管,硬體工程研發主管,專案業務主管,產品管理師
霖雲國際開發股份,霖雲國際開發股份有限公司阿里山營業處 賓客服務接待 Guest Service Agent,總機／接待／櫃檯人員,飯店／旅館櫃檯人員,,,,電話客服人員,客服人員,國貿人員,文字客服,業務助理
青埔店,"(青埔店)美甲師,上班8hr月休8天.保障月薪32000,有意者速洽戴小姐(03)3840-265",美甲彩繪師,,,,,智慧製程工程師,水電工,ISO品保人員,水電工程師,營建雜工／粗工
青埔店,"【青埔店】頭皮芳療師,上班8hr月休8天.資薪45000UP,有意者速洽戴小姐(03)3840-265",美髮助理,美療師／芳療師,,,,調酒師／吧台人員,麵包師,冷熱飲調製人員,餐廚助手,餐飲服務人員
青埔店,大全聯青埔店 - 正職-熟食生產人員（無經驗可）,生鮮處理人員,餐廚助手,中式廚師,,,包裝員／作業員,品管人員,智慧製程工程師,汽車檢驗員,塑膠押出技術人員
青埔店,業務設計師/助理設計師-桃園青埔店(室內設計、系統櫃),室內設計師,國內業務人員,門市／店員／專櫃人員,,,國貿助理,秘書,業務助理,採購助理,電腦操作／資料輸入
青山校區,【青山校區】資源中心資訊組 AI 教育科技工程師（EdTech Specialist）,AI工程師,軟體工程師,電腦補習班老師,,,RF通訊工程師,BIOS工程師,IC佈局工程師,IC設計工程師,測量／儀校人員
青山校區,青山校區 幼兒園清潔保育人員,清潔／資源回收人員,,,,,教保員／保育員,幼教老師,安親課輔老師,補習班導師,特殊教育教師
青山校區,青山校區小學部國際處 英文老師,語文補習班老師,國小教師,,,,資材人員,授權／授信／徵信人員,客服主管,教材編輯人員,品管／品保主管
青山校區,青山校區小學部教務處  	自然專任教師,國小教師,,,,,客服主管,資材人員,補習班主任／主管,行政主管,資材主管
青山校區,青山校區小學部教務處 專任教師,國小教師,其他教育類老師,,,,客服主管,行政主管,資材人員,飯店／旅館主管,專任管理員
青山校區,青山校區幼兒園專員,行政人員,,,,,幼教老師,教保員／保育員,補習班導師,安親課輔老師,資材人員
青山校區,青山校區資訊組 程式設計師,MIS工程師,網站程式設計師,系統工程師,,,嵌入式工程師,數位IC設計工程師,軟體工程師,軟／韌體測試工程師,RF通訊工程師
青山校區,駐點清潔人員~青山校區,家事服務／洗衣,清潔／資源回收人員,,,,房務人員,工讀生,遊樂景點工作人員,特殊教育教師,幼教老師
青峰店,[青峰店]正職人員/儲備幹部,餐廚助手,餐飲服務人員,,,,調酒師／吧台人員,冷熱飲調製人員,品管／品保主管,店長／門市管理人員,門市／店員／專櫃人員
韓國一隻雞,TPASS全額補貼【韓國一隻雞】南港店-外場儲備幹部,餐飲服務人員,餐飲領班,飯店／旅館櫃檯人員,,,品管／品保主管,調酒師／吧台人員,店長／門市管理人員,儲備幹部,餐飲主管
韓國一隻雞,【韓國一隻雞】林口店-外場儲備幹部,餐飲服務人員,,,,,調酒師／吧台人員,品管／品保主管,餐飲主管,店長／門市管理人員,門市／店員／專櫃人員
韓國家電,【桃園龜山】知名韓國家電｜入庫檢查人員｜須搬重物、會excel,行政助理,行政人員,,,,資材人員,生管／助理,資料庫管理人員,報關人員,倉儲物流人員
韓國家電,【知名韓國家電】電話聯繫工讀🔥#日班 #彈性 #穩定,電訪人員,行政人員,行政助理,,,資材人員,房務人員,倉管／物料管理員,生管／助理,倉儲物流人員
韓國家電,【韓國家電集團】 MIS Specialist,MIS／網管主管,MIS工程師,網路管理工程師,,,房務人員,調酒師／吧台人員,木工,冷熱飲調製人員,門市／店員／專櫃人員
韓國料理bibim,【韓國料理bibim】台中店-美食街儲備幹部,餐飲服務人員,,,,,調酒師／吧台人員,餐飲主管,店長／門市管理人員,品管／品保主管,門市／店員／專櫃人員
韓國料理bibim,【韓國料理bibim】台中店-美食街儲備店長,餐飲服務人員,,,,,調酒師／吧台人員,門市／店員／專櫃人員,冷熱飲調製人員,侍酒師,餐飲主管
韓國料理bibim,【韓國料理bibim】林口店-美食街儲備幹部,餐飲服務人員,,,,,調酒師／吧台人員,品管／品保主管,店長／門市管理人員,餐飲主管,門市／店員／專櫃人員
韓姜熙的小廚房,【韓姜熙的小廚房】北投榮總店-服務專員,餐飲服務人員,儲備幹部,,,,門市／店員／專櫃人員,飯店／旅館服務人員,調酒師／吧台人員,冷熱飲調製人員,房務人員
韓姜熙的小廚房,【韓姜熙的小廚房】夢廣場店-服務專員,餐飲服務人員,儲備幹部,,,,門市／店員／專櫃人員,調酒師／吧台人員,飯店／旅館服務人員,冷熱飲調製人員,房務人員
韓姜熙的小廚房,【韓姜熙的小廚房】新光A11店-服務專員,餐飲服務人員,儲備幹部,,,,門市／店員／專櫃人員,調酒師／吧台人員,飯店／旅館服務人員,冷熱飲調製人員,房務人員
韓州豆腐鍋專賣店,韓州豆腐鍋專賣店_美麗華美食街_工讀,餐飲服務人員,餐廚助手,,,,飯店／旅館服務人員,調酒師／吧台人員,侍酒師,冷熱飲調製人員,門市／店員／專櫃人員
韓本家,台中韓本家／台中遠百美食街 [韓本家] _正職人員,餐飲服務人員,餐廚助手,,,,調酒師／吧台人員,門市／店員／專櫃人員,冷熱飲調製人員,侍酒師,售票／收銀人員
頂溪門市,CONI銷售顧問【頂溪門市】保障薪資32000~36000,門市／店員／專櫃人員,,,,,國內業務人員,國外業務主管,儲備幹部,國內業務主管,客服主管
順昶塑膠股份,〔順昶塑膠股份有限公司〕製造課＿助理掌機工程師 (新北樹林_固定中班),機械加工技術人員,印刷技術人員,,,,CNC程式設計師,工程助理,CAD／CAM工程師,組裝組立技術人員,機械設計／繪圖人員
順昶塑膠股份,〔順昶塑膠股份有限公司〕製造課＿助理掌機工程師 (新北樹林_固定早班),機械加工技術人員,印刷技術人員,,,,CNC程式設計師,工程助理,CAD／CAM工程師,機械設計／繪圖人員,冷凍空調繪圖／設計
順昶塑膠股份,〔順昶塑膠股份有限公司〕製造課＿助理掌機工程師 (新北樹林_固定晚班),機械加工技術人員,印刷技術人員,,,,CNC程式設計師,工程助理,CAD／CAM工程師,機械設計／繪圖人員,冷凍空調繪圖／設計
順昶塑膠股份,〔順昶塑膠股份有限公司〕製造課＿助理掌機工程師 (新北樹林_輪班制),機械加工技術人員,印刷技術人員,,,,工程助理,CNC程式設計師,CAD／CAM工程師,機械設計／繪圖人員,冷凍空調繪圖／設計
飛鷹中環-臻鷹雄,【飛鷹中環-臻鷹雄】百人規模的頂尖團隊 (無經驗可),不動產經紀人／營業員,國內業務人員,,,,智慧製程工程師,PLC／自動控制工程師,木工,電機技師／工程師,資材人員
饌囍堂伸港店,［饌囍堂伸港店］廚房助手兼職,其他料理廚師,中式廚師,西式廚師,,,調酒師／吧台人員,冷熱飲調製人員,飯店／旅館服務人員,侍酒師,門市／店員／專櫃人員
饗 A Joy,【饗 A Joy 】台北101店｜外場顧客服務儲備幹部,餐飲主管,店長／門市管理人員,侍酒師,,,客服主管,資材人員,儲備幹部,國內業務人員,資材主管
饗 A Joy,【饗 A Joy 】台北101店｜資深西點/甜點師傅｜一起打造世界級甜點饗宴,中式廚師,餐飲主管,,,,調酒師／吧台人員,冷熱飲調製人員,麵包師,西式廚師,侍酒師
饗泰多,【饗泰多】★服務專員★ 起薪36K起＿歡迎無經驗者加入【八德區】,餐飲服務人員,,,,,房務人員,門市／店員／專櫃人員,調酒師／吧台人員,售票／收銀人員,飯店／旅館服務人員
饗賓,饗賓集團【URBAN PARADISE】★重磅進駐新竹巨城★中/西/日廚 廚務組長_起薪40000元＿歡迎喜愛料理的您一同加入,日式廚師,中式廚師,西式廚師,,,調酒師／吧台人員,餐廚助手,門市／店員／專櫃人員,資材人員,儲備幹部
饗賓,饗賓集團【全品牌】誠徵西餐主廚｜優渥起薪、穩定發展【台北區】,西式廚師,餐飲主管,,,,門市／店員／專櫃人員,調酒師／吧台人員,冷熱飲調製人員,侍酒師,店長／門市管理人員
饗賓,饗賓集團【全品牌】誠徵西餐主廚｜優渥起薪、穩定發展【新北區】,西式廚師,餐飲主管,,,,門市／店員／專櫃人員,調酒師／吧台人員,冷熱飲調製人員,侍酒師,店長／門市管理人員
饗賓,饗賓集團【全品牌】誠徵西餐主廚｜優渥起薪、穩定發展【新竹區】,西式廚師,餐飲主管,,,,門市／店員／專櫃人員,調酒師／吧台人員,冷熱飲調製人員,店長／門市管理人員,侍酒師
饗賓,饗賓集團｜中央廚房_食品技師,食品衛生管理師,,,,,智慧製程工程師,電機技師／工程師,PLC／自動控制工程師,檢驗人員,電機設備裝配員
饗食天堂,【饗食天堂】★服務專員★ 起薪36K起＿歡迎無經驗者加入【中壢區】,餐飲服務人員,,,,,調酒師／吧台人員,門市／店員／專櫃人員,冷熱飲調製人員,飯店／旅館服務人員,房務人員
饗食天堂,【饗食天堂】★服務專員★ 起薪36K起＿歡迎無經驗者加入【新竹市東區】,餐飲服務人員,,,,,調酒師／吧台人員,冷熱飲調製人員,門市／店員／專櫃人員,飯店／旅館服務人員,侍酒師
饗食天堂,【饗食天堂】★服務專員★ 起薪36K起＿歡迎無經驗者加入【西屯區】,餐飲服務人員,,,,,調酒師／吧台人員,冷熱飲調製人員,門市／店員／專櫃人員,飯店／旅館服務人員,售票／收銀人員
饗食天堂｜果然匯,【饗食天堂｜果然匯】★中/西/日廚 廚務專員★ 起薪36K起＿歡迎無經驗者加入【桃園區】,西式廚師,餐廚助手,日式廚師,,,門市／店員／專櫃人員,房務人員,調酒師／吧台人員,資材人員,客服人員
饗食天堂｜果然匯,【饗食天堂｜果然匯】★服務專員★ 起薪36K起＿歡迎無經驗者加入【桃園區】,餐飲服務人員,,,,,調酒師／吧台人員,冷熱飲調製人員,門市／店員／專櫃人員,飯店／旅館服務人員,售票／收銀人員
饗食天堂｜果然匯,【饗食天堂｜果然匯】★服務專員★ 起薪36K起＿歡迎無經驗者加入【苓雅區】,餐飲服務人員,,,,,調酒師／吧台人員,冷熱飲調製人員,門市／店員／專櫃人員,飯店／旅館服務人員,售票／收銀人員
饗饗,【饗饗】★服務專員★ 起薪36K起＿歡迎無經驗者加入【新莊區】,餐飲服務人員,,,,,房務人員,門市／店員／專櫃人員,資材人員,神秘客,電話客服人員
饗饗,【饗饗】★西點專員/師傅★ 起薪36K起＿歡迎相關經驗者來詳談【新莊區】,西點蛋糕師,餐飲服務人員,餐廚助手,,,木工,品管人員,智慧製程工程師,營建雜工／粗工,倉儲物流人員
饗饗｜旭集｜URBAN PARADISE,【饗饗｜旭集｜URBAN PARADISE】★中/西/日廚 廚務專員★ 起薪36K起＿歡迎無經驗者加入【信義區】,餐廚助手,日式廚師,西式廚師,,,房務人員,資材人員,客服人員,電話客服人員,倉管／物料管理員
饗饗｜旭集｜URBAN PARADISE,【饗饗｜旭集｜URBAN PARADISE】★中/西/日廚 廚務專員★ 起薪36K起＿歡迎無經驗者加入【士林區】,餐廚助手,日式廚師,西式廚師,,,房務人員,資材人員,客服人員,電話客服人員,倉管／物料管理員
饗饗｜旭集｜URBAN PARADISE,【饗饗｜旭集｜URBAN PARADISE】★中/西/日廚 廚務專員★ 起薪36K起＿歡迎無經驗者加入【松山區】,餐廚助手,日式廚師,西式廚師,,,房務人員,資材人員,客服人員,電話客服人員,倉管／物料管理員
饗饗｜旭集｜URBAN PARADISE,【饗饗｜旭集｜URBAN PARADISE】★服務專員★ 起薪36K起＿歡迎無經驗者加入【信義區】,餐飲服務人員,,,,,房務人員,遊樂景點工作人員,調酒師／吧台人員,飯店／旅館服務人員,門市／店員／專櫃人員
饗饗｜旭集｜URBAN PARADISE,【饗饗｜旭集｜URBAN PARADISE】★服務專員★ 起薪36K起＿歡迎無經驗者加入【士林區】,餐飲服務人員,,,,,房務人員,遊樂景點工作人員,調酒師／吧台人員,飯店／旅館服務人員,門市／店員／專櫃人員
饗饗｜旭集｜URBAN PARADISE,【饗饗｜旭集｜URBAN PARADISE】★服務專員★ 起薪36K起＿歡迎無經驗者加入【松山區】,餐飲服務人員,,,,,房務人員,遊樂景點工作人員,調酒師／吧台人員,飯店／旅館服務人員,門市／店員／專櫃人員
饗點鍋-五結創始店,【饗點鍋-五結創始店】正職人員,餐飲服務人員,,,,,調酒師／吧台人員,侍酒師,冷熱飲調製人員,飯店／旅館服務人員,門市／店員／專櫃人員
饗點鍋-五結店,【饗點鍋-五結店】 正職人員,餐飲服務人員,,,,,調酒師／吧台人員,侍酒師,冷熱飲調製人員,飯店／旅館服務人員,門市／店員／專櫃人員
馥華枕月,【馥華枕月】嬰兒室保母(嬰兒照護人員),護理師,診所助理,保母／托育人員,,,調酒師／吧台人員,冷熱飲調製人員,飯店／旅館服務人員,房務人員,專任管理員
馥華枕月,【馥華枕月】客服行政銷售(高獎金),客服人員,客服主管,,,,業務助理,秘書,國貿助理,活動企劃人員,電腦操作／資料輸入
馨苑小料理-台北店,【馨苑小料理-台北店】★儲備主廚★2027年1月開幕,中式廚師,儲備幹部,,,,調酒師／吧台人員,冷熱飲調製人員,西式廚師,品管／品保主管,門市／店員／專櫃人員
馬修嚴選,[馬修嚴選] 中班技術員(13:30-22:30),包裝員／作業員,,,,,技術人員,電機設備裝配員,電機技師／工程師,CNC車床人員,水電工
馬修嚴選,[馬修嚴選] 早班技術員,包裝員／作業員,,,,,技術人員,電機設備裝配員,電機技師／工程師,電器產品維修人員,水電工
馬公店,享溫馨KTV-馬公店 中班 外場正職人員★｜保障底薪＋獎金分紅｜★,餐飲服務人員,,,,,調酒師／吧台人員,門市／店員／專櫃人員,冷熱飲調製人員,餐飲主管,售票／收銀人員
馬公店,享溫馨KTV-馬公店 晚班 外場正職人員★｜保障底薪＋獎金分紅｜★,餐飲服務人員,,,,,調酒師／吧台人員,門市／店員／專櫃人員,冷熱飲調製人員,品管／品保主管,店長／門市管理人員
馬友友印度餐廳,★馬友友印度餐廳★【三芝店】餐廳正職服務員,餐飲服務人員,餐廚助手,,,,調酒師／吧台人員,侍酒師,冷熱飲調製人員,飯店／旅館服務人員,門市／店員／專櫃人員
馬友友印度餐廳,★馬友友印度餐廳★【台中店】餐廳正職服務員,工讀生,餐飲服務人員,餐廚助手,,,調酒師／吧台人員,侍酒師,冷熱飲調製人員,飯店／旅館服務人員,門市／店員／專櫃人員
馬友友印度餐廳,★馬友友印度餐廳★【大直店】外場服務人員-兼職，工讀,餐飲服務人員,,,,,飯店／旅館服務人員,調酒師／吧台人員,侍酒師,冷熱飲調製人員,門市／店員／專櫃人員
馬友友印度餐廳,★馬友友印度餐廳★【大直店】餐廳服務員-正職,餐飲服務人員,,,,,調酒師／吧台人員,侍酒師,冷熱飲調製人員,飯店／旅館服務人員,門市／店員／專櫃人員
馬友友印度餐廳,★馬友友印度餐廳★【忠孝店】餐廳正職服務員,餐飲服務人員,,,,,調酒師／吧台人員,侍酒師,冷熱飲調製人員,飯店／旅館服務人員,門市／店員／專櫃人員
馬友友印度餐廳,★馬友友印度餐廳★【桃園店】餐廳正職服務員,餐飲服務人員,,,,,調酒師／吧台人員,侍酒師,冷熱飲調製人員,飯店／旅館服務人員,門市／店員／專櫃人員
馬辣,"馬辣-公館店 晚班儲備幹部 (一頭班)月薪43,000~53,000",餐飲服務人員,,,,,調酒師／吧台人員,品管／品保主管,西式廚師,其他料理廚師,麵包師
駐名間竹秀苑日照中心,[駐名間竹秀苑日照中心]-日照照顧服務員,照顧服務／指導員,,,,,休閒娛樂事業從業人員,房務人員,電話客服人員,客服人員,專任管理員
駿禾興團隊,【駿禾興團隊】不動產經紀人員,不動產經紀人／營業員,,,,,飯店／旅館主管,儲備幹部,店長／門市管理人員,金融營業人員,國內業務主管
騷豆花,時薪$220-250【騷豆花】晚班PT,餐廚助手,,,,,冷熱飲調製人員,調酒師／吧台人員,洗碗人員,外送人員,門市／店員／專櫃人員
高島屋店,岩島成日式麵包內場烘焙員[高島屋店],麵包師,,,,,餐廚助手,餐飲服務人員,調酒師／吧台人員,西式廚師,洗碗人員
高級健檢中心,【高級健檢中心】事務員,行政助理,,,,,檔案資料管理人員,醫院行政管理人員,股務人員,文字客服,國貿人員
高級健檢中心,【高級健檢中心】聽力師,其他醫療從業人員,,,,,實驗／化驗人員,休閒娛樂事業從業人員,藥師,品管人員,調酒師／吧台人員
高級健檢中心,【高級健檢中心】腸胃鏡檢查醫師(兼任可),醫師,,,,,休閒娛樂事業從業人員,藥師助理,神秘客,門市／店員／專櫃人員,藥師
高級健檢中心,【高級健檢中心】超音波技術員,護理師,,,,,技術人員,電機設備裝配員,電機技師／工程師,模具技術人員,復健技術師
高級健檢中心,高級健檢中心-報告組護理人員〝核對〝報告,護理師,,,,,心理學研究人員,護理長,護理助理(護佐),理賠人員,神秘客
高鐵嘉義,【兼職】摩斯高鐵嘉義店(140mos),餐飲服務人員,,,,,外送人員,調酒師／吧台人員,門市／店員／專櫃人員,冷熱飲調製人員,侍酒師
高鐵嘉義,摩斯漢堡高鐵嘉義店 計時人員,餐飲服務人員,,,,,調酒師／吧台人員,冷熱飲調製人員,侍酒師,門市／店員／專櫃人員,飯店／旅館服務人員
高雄 UKAI,【高雄 UKAI】兼職  餐廳服務,餐飲服務人員,工讀生,,,,飯店／旅館服務人員,調酒師／吧台人員,侍酒師,冷熱飲調製人員,門市／店員／專櫃人員
高雄 UKAI,【高雄 UKAI】兼職 餐廳服務,餐飲服務人員,工讀生,,,,飯店／旅館服務人員,調酒師／吧台人員,侍酒師,冷熱飲調製人員,門市／店員／專櫃人員
高雄 漢來物管,【高雄 漢來物管】人資副主任,人事／人力資源專員,人事／人力資源主管,,,,資材人員,資材主管,倉管／物料管理員,生管／助理,生管主管
高雄-榮民之家,【高雄-榮民之家】廚師,中式廚師,,,,,調酒師／吧台人員,冷熱飲調製人員,西式廚師,門市／店員／專櫃人員,餐廚助手
高雄中山店,【兼職】摩斯高雄中山店(021mos),餐飲服務人員,,,,,門市／店員／專櫃人員,外送人員,飯店／旅館服務人員,調酒師／吧台人員,冷熱飲調製人員
高雄五甲店,【高雄五甲店】陳列員(30700~32600含加班費/津貼),門市／店員／專櫃人員,店長／門市管理人員,售票／收銀人員,,,生鮮處理人員,包裝員／作業員,倉管／物料管理員,資材人員,倉儲物流人員
高雄人派,[高雄人派]楠梓區 工程清潔員(假日點工),清潔／資源回收人員,建築物清潔人員,,,,嵌入式工程師,軟體工程師,IC設計工程師,房務人員,土木工程師
高雄人派,[高雄人派]楠梓區 工程環境維護員,清潔／資源回收人員,建築物清潔人員,,,,DevOps工程師,電子設備維修人員,冷凍空調技術人員／安裝員,嵌入式工程師,IC設計工程師
高雄人派,[高雄人派]楠梓區 案場清潔員(點工),清潔／資源回收人員,建築物清潔人員,,,,房務人員,遊樂景點工作人員,倉儲物流人員,軟體相關管理師,神秘客
高雄佳醫居服,【高雄佳醫居服】A個案管理人員-仁武/三民,護理師,社會工作人員／督導,個案管理師,,,軟體相關管理師,獸醫／獸醫佐,資料庫管理人員,水電工,資材人員
高雄台積電,工安主管(高雄台積電),職業安全衛生管理人員,,,,,電機工程主管,設備工程主管,工地品管員／工程師,水電工程師,結構技師／工程師
高雄台積電,工安人員 (駐點高雄台積電),職業安全衛生管理人員,,,,,遊樂景點工作人員,飯店／旅館服務人員,調酒師／吧台人員,門市／店員／專櫃人員,工讀生
高雄台積電,工安人員 (駐點高雄台積電)(高薪),職業安全衛生管理人員,,,,,遊樂景點工作人員,調酒師／吧台人員,飯店／旅館服務人員,門市／店員／專櫃人員,工讀生
高雄台積電,工安工程師 /工安助理(高雄台積電),職業安全衛生管理人員,,,,,室內設計助理,冷凍空調繪圖／設計,音響／音控技術人員,設計助理,軟體助理工程師
高雄台積電,工安工程師(高雄台積電）｜確保工作場所的安全，預防工傷事故,工地安全衛生工程師,職業安全衛生管理人員,工廠安全衛生人員,,,水電工程師,消防專業人員,冷凍空調技術人員／安裝員,PLC／自動控制工程師,工業設計
高雄台積電,高雄台積電半導體製程設備調機工程師 tsmc,機電技師／工程師,半導體製程工程師,半導體工程師,,,電機技師／工程師,智慧製程工程師,電機設備裝配員,工業設計,PLC／自動控制工程師
高雄台積電,高雄台積電配線,技術人員,機械操作人員,,,,調酒師／吧台人員,電機技師／工程師,智慧製程工程師,PLC／自動控制工程師,電機設備裝配員
高雄夢時代,395 高雄夢時代餐廳 服務員(兼職),餐飲服務人員,餐廚助手,,,,調酒師／吧台人員,飯店／旅館服務人員,侍酒師,冷熱飲調製人員,門市／店員／專櫃人員
高雄夢時代,CONI美容顧問【高雄夢時代】專櫃 保障薪資29500~36000,門市／店員／專櫃人員,,,,,神秘客,房務人員,水電工程師,客服主管,ISO品保人員
高雄夢時代,這一鍋高雄夢時代殿【平假日廚務PT招募】邀請您成為宮廷御廚的一員！,餐廚助手,工讀生,,,,調酒師／吧台人員,侍酒師,冷熱飲調製人員,飯店／旅館服務人員,門市／店員／專櫃人員
高雄夢時代,這一鍋高雄夢時代殿【平假日營運PT招募】歡迎您與我們一起營造美味與歡樂！,餐飲服務人員,,,,,侍酒師,調酒師／吧台人員,餐飲主管,門市／店員／專櫃人員,飯店／旅館服務人員
高雄夢時代,高雄夢時代-上菜片皮鴨專賣店 領班/儲備幹部,餐飲服務人員,,,,,品管／品保主管,調酒師／吧台人員,餐飲領班,補習班主任／主管,儲備幹部
高雄夢時代,高雄夢時代-上菜片皮鴨專賣店 餐廳出納,會計／出納／記帳人員,,,,,財務／會計助理,電腦操作／資料輸入,秘書,行政人員,業務助理
高雄夢時代,高雄夢時代-採購部 驗收人員,採購人員,採購助理,倉管／物料管理員,,,技術人員,模具技術人員,電機設備裝配員,電機技師／工程師,生管主管
高雄夢時代,高雄夢時代-溜溜酸菜魚餐廳 假日 外場工讀生 PT,工讀生,餐飲服務人員,,,,飯店／旅館服務人員,調酒師／吧台人員,侍酒師,門市／店員／專櫃人員,冷熱飲調製人員
高雄夢時代,高雄夢時代-溜溜酸菜魚餐廳 儲備幹部,餐飲服務人員,,,,,餐飲主管,調酒師／吧台人員,侍酒師,店長／門市管理人員,門市／店員／專櫃人員
高雄夢時代,高雄夢時代-溜溜酸菜魚餐廳 領班,餐飲服務人員,,,,,調酒師／吧台人員,侍酒師,飯店／旅館服務人員,冷熱飲調製人員,餐飲主管
高雄夢時代,高雄夢時代-漢來上海湯包 服務員 工讀 PT,餐飲服務人員,,,,,飯店／旅館服務人員,房務人員,遊樂景點工作人員,調酒師／吧台人員,門市／店員／專櫃人員
高雄夢時代,高雄夢時代-漢來上海湯包 領班,餐飲服務人員,儲備幹部,,,,木工,領班／管理幹部,包裝員／作業員,智慧製程工程師,CNC車床人員
高雄夢時代,﹝FUJI按摩椅﹞業務專員(高雄夢時代),門市／店員／專櫃人員,儲備幹部,,,,國外業務人員,國貿人員,國貿助理,業務助理,活動企劃人員
高雄夢時代店,(湯姆熊-高雄夢時代店)外場客服人員,客服人員,門市／店員／專櫃人員,,,,資材人員,文字客服,國貿助理,業務助理,電腦操作／資料輸入
高雄夢時代店,【8月新開店!!】黑毛屋 高雄夢時代店-正職儲備幹部『起薪36.5K』,餐飲服務人員,日式廚師,,,,調酒師／吧台人員,品管／品保主管,西式廚師,餐飲主管,店長／門市管理人員
高雄夢時代店,【8月新開店!!】黑毛屋鍋物 高雄夢時代店-計時社員『時薪最高280』,餐飲服務人員,,,,,調酒師／吧台人員,飯店／旅館服務人員,侍酒師,冷熱飲調製人員,門市／店員／專櫃人員
高雄大昌店,【高雄大昌店】陳列員(30700~32600含加班費/津貼),門市／店員／專櫃人員,售票／收銀人員,店長／門市管理人員,,,生鮮處理人員,包裝員／作業員,倉管／物料管理員,資材人員,調酒師／吧台人員
高雄大遠百店,【時薪202~290】高雄大遠百店【涮乃葉】兼職人員及大專院校實習生,餐飲服務人員,餐廚助手,洗碗人員,,,工讀生,學徒,實習律師,外送人員,調酒師／吧台人員
高雄大順店,【兼職】摩斯高雄大順店(236mos),餐飲服務人員,,,,,外送人員,調酒師／吧台人員,門市／店員／專櫃人員,冷熱飲調製人員,侍酒師
高雄居家,[高雄居家]北區家事服務員,家事服務／洗衣,清潔／資源回收人員,,,,房務人員,居家服務督導員,空服人員,神秘客,銀行辦事人員
高雄居家,[高雄居家]北區家事服務員(半天),家事服務／洗衣,清潔／資源回收人員,,,,房務人員,空服人員,神秘客,居家服務督導員,銀行辦事人員
高雄居家,[高雄居家]南區家事服務員,家事服務／洗衣,清潔／資源回收人員,,,,房務人員,居家服務督導員,空服人員,神秘客,銀行辦事人員
高雄居家,[高雄居家]南區家事服務員(半天),家事服務／洗衣,清潔／資源回收人員,,,,房務人員,空服人員,神秘客,居家服務督導員,銀行辦事人員
高雄居家,[高雄居家]管家人員(全天班),家事服務／洗衣,清潔／資源回收人員,,,,資材主管,資材人員,房務人員,水產養殖人員,產品經理
高雄居家,[高雄居家]管家人員(半天),家事服務／洗衣,清潔／資源回收人員,,,,資材主管,資材人員,產品經理,房務人員,客服主管
高雄岡山區-TDC人才資源發展中心,【高雄岡山區-TDC人才資源發展中心】業務督導員,人事／人力資源專員,其他專案管理師,行政主管,,,採購助理,活動企劃人員,檔案資料管理人員,國貿助理,業務助理
高雄左營環球店,【高雄左營環球店】服務員/訓練員｜無經驗可｜快速晉升,餐飲服務人員,餐廚助手,儲備幹部,,,調酒師／吧台人員,門市／店員／專櫃人員,智慧製程工程師,冷熱飲調製人員,品管人員
高雄巨蛋門市,ZARA_ Senior Sales Assistant-高雄巨蛋門市,店長／門市管理人員,門市／店員／專櫃人員,,,,採購助理,行銷企劃助理,秘書,國貿助理,電腦操作／資料輸入
高雄建國服務中心,全球知名3C品牌【高雄建國服務中心】資深維修工程師/副站長│獎金多多│營運管理×技術管理_DE,產品設備維修人員,電器產品維修人員,,,,設備工程主管,水電工,PLC／自動控制工程師,冷凍空調技術人員／安裝員,水電工程師
高雄所,★偵探調查員★(高雄所),外務／快遞／送貨,保全人員／警衛,國內業務人員,外送人員,攝影記者,神秘客,資料庫管理人員,資材人員,生管／助理,工業設計
高雄所,★偵探調查員主任★(高雄所)月薪5萬起~挑戰年薪百萬,小客車／小貨車司機,保全人員／警衛,國內業務人員,攝影記者,隨扈／安全人員,結構技師／工程師,工業工程師,電機工程主管,智慧製程工程師,PLC／自動控制工程師
高雄所,工安人員-高雄所（依個人績效，平均年薪16個月以上）,職業安全衛生管理師,職業安全衛生管理人員,儲備幹部,,,資材人員,營建雜工／粗工,智慧製程工程師,房務人員,PLC／自動控制工程師
高雄所,業務主任/宅配員(高雄區高雄所),外務／快遞／送貨,小客車／小貨車司機,倉儲物流人員,,,國內業務人員,國外業務主管,國外業務人員,客服主管,國內業務主管
高雄所,車隊長-高雄所（上班地點：高雄林園) (依個人績效，平均年薪16個月以上）,儲備幹部,運輸調度管理人員,,,,CNC車床人員,智慧製程工程師,電機技師／工程師,PLC／自動控制工程師,工業設計
高雄所,車隊長（高雄所) (依個人績效，平均年薪16個月以上）,運輸調度管理人員,儲備幹部,,,,CNC車床人員,電機技師／工程師,電機設備裝配員,生管主管,水電工
高雄所,醫藥物流集配助理(高雄所),外務／快遞／送貨,小客車／小貨車司機,,,,生管／助理,資訊助理人員,影片製作技術人員,採購助理,執行製作／助理
高雄楠梓- 台積電廠區,營造業-現場工程師【高雄楠梓- 台積電廠區】,內業工程人員,營造工程師,工務工管人員,,,營建工程人員,營建雜工／粗工,工業設計,PLC／自動控制工程師,土木技師
高雄楠梓- 台積電廠區,營造業-甲種職業安全衛生業務主管【高雄楠梓- 台積電廠區】,職業安全衛生管理師,,,,,客服主管,儲備幹部,國外業務主管,國內業務主管,國內業務人員
高雄楠梓照護中心,【高雄楠梓照護中心】早餐廚師,餐廚助手,其他料理廚師,,,,冷熱飲調製人員,調酒師／吧台人員,休閒娛樂事業從業人員,護理長,藥師助理
高雄榮民總醫院停車場,【高雄榮民總醫院停車場】假日兼職管理員,工讀生,管理員,保全人員／警衛,,,專任管理員,售票／收銀人員,門市／店員／專櫃人員,休閒娛樂事業從業人員,資材主管
高雄榮民總醫院停車場,【高雄榮民總醫院停車場】早晚機動班管理員,管理員,保全人員／警衛,,,,售票／收銀人員,資材人員,資材主管,休閒娛樂事業從業人員,資料庫管理人員
高雄榮民總醫院停車場,【高雄榮民總醫院停車場】早班管理員,管理員,保全人員／警衛,,,,售票／收銀人員,專任管理員,獸醫／獸醫佐,資材主管,門市／店員／專櫃人員
高雄榮民總醫院停車場,【高雄榮民總醫院停車場】晚班管理員,管理員,保全人員／警衛,,,,售票／收銀人員,專任管理員,獸醫／獸醫佐,休閒娛樂事業從業人員,資材主管
高雄營業所,業務司機(高雄營業所),外務／快遞／送貨,大客車司機,,,,國外業務人員,廣告AE,空運／船務,報關人員,國貿人員
高雄營業所,維修技術工程師(高雄營業所),產品設備維修人員,,,,,維修技術人員,電機設備裝配員,電機技師／工程師,電器產品維修人員,冷凍空調技術人員／安裝員
高雄義大,416 高雄義大餐廳 早班服務員(兼職),餐飲服務人員,餐廚助手,,,,飯店／旅館服務人員,調酒師／吧台人員,冷熱飲調製人員,侍酒師,門市／店員／專櫃人員
高雄義大,416 高雄義大餐廳 服務員(兼職),餐飲服務人員,餐廚助手,,,,調酒師／吧台人員,飯店／旅館服務人員,侍酒師,冷熱飲調製人員,門市／店員／專櫃人員
高雄義大,ABC-MART高雄義大 [檔期工讀生],門市／店員／專櫃人員,,,,,工讀生,冷熱飲調製人員,外送人員,飯店／旅館服務人員,遊樂景點工作人員
高雄義大,Visual Merchandising Team 視覺陳列專員 (高雄義大),櫥窗／會場設計人員,,,,,資材人員,神秘客,生管／助理,PLC／自動控制工程師,工業設計
高雄義大,宿舍管理師-高雄義大,人力／外勞仲介,,,,,水電工,資材主管,PLC／自動控制工程師,資材人員,智慧製程工程師
高雄義大,短期工讀人員(高雄義大店),餐飲服務人員,餐廚助手,,,,冷熱飲調製人員,門市／店員／專櫃人員,調酒師／吧台人員,飯店／旅館服務人員,藥師助理
高雄鼓山/左營區 漢來物管,【高雄鼓山/左營區 漢來物管】豪宅社區經理,專案管理主管,,,,,資材主管,資材人員,倉管／物料管理員,倉儲物流人員,生管／助理
鮨中澤,【鮨中澤】※ 高級日式餐飲 ※ 米其林指南推薦 ※ 《店經理》最低起薪6萬,飯店／旅館主管,店長／門市管理人員,餐飲服務人員,,,餐飲主管,調酒師／吧台人員,西式廚師,中式廚師,門市／店員／專櫃人員
鱻盅鍋物龍井店,【鱻盅鍋物龍井店】外場服務人員,餐飲服務人員,,,,,飯店／旅館服務人員,調酒師／吧台人員,門市／店員／專櫃人員,侍酒師,冷熱飲調製人員
鱻盅鍋物龍井店,【鱻盅鍋物龍井店】外場服務人員(兼職),餐飲服務人員,,,,,飯店／旅館服務人員,調酒師／吧台人員,侍酒師,門市／店員／專櫃人員,冷熱飲調製人員
鱻盅鍋物龍井店,【鱻盅鍋物龍井店】餐廳內場主管,其他料理廚師,,,,,餐飲主管,調酒師／吧台人員,店長／門市管理人員,侍酒師,品管／品保主管
鱻盅鍋物龍井店,【鱻盅鍋物龍井店】餐廳外場主管,經營管理主管,,,,,餐飲主管,店長／門市管理人員,調酒師／吧台人員,侍酒師,飯店／旅館服務人員
鴨寮街-義享二店,【鴨寮街-義享二店】兼職外場服務人員,餐飲服務人員,,,,,飯店／旅館服務人員,調酒師／吧台人員,冷熱飲調製人員,門市／店員／專櫃人員,侍酒師
鴨寮街-義享二店,【鴨寮街-義享二店】外場領班,餐飲服務人員,門市／店員／專櫃人員,,,,調酒師／吧台人員,冷熱飲調製人員,餐飲領班,飯店／旅館服務人員,日式廚師
鴨寮街-鳳山店,【鴨寮街-鳳山店】外場領班,餐飲服務人員,門市／店員／專櫃人員,,,,調酒師／吧台人員,冷熱飲調製人員,餐飲領班,飯店／旅館服務人員,日式廚師
鴻海,中央投資總處(內湖)｜基金公司經驗的人資主管(3年以上工作經驗有鴻海與基金人資經驗佳),人事／人力資源專員,人事／人力資源主管,,,,理財專員,資材主管,產品經理,金融營業人員,客服主管
鴻海,土城鴻海頂浦園區日班（不困難）45000元––––––––––––二處,保全人員／警衛,,,,,倉管／物料管理員,生鮮處理人員,資材人員,木工,倉儲物流人員
鴻海子,HN–【大園ˍ鴻海子公司】ˍ免費交通車ˍ【週休二日ˍ可不加班】ˍ高錄取,機械操作人員,品管人員,,,,包裝員／作業員,倉管／物料管理員,理貨人員,倉儲物流人員,CNC車床人員
鴻海子,JE🐠【鴻海子公司擴大徵才｜免費供餐・交通車接送｜安檢、產線、行政熱烈招募中】,包裝員／作業員,品管人員,總務人員,,,資材人員,電腦操作／資料輸入,生管／助理,採購助理,業務助理
鴻海研究院,【鴻海研究院】半導體研究員,半導體工程師,應用科學研究人員,,,,微生物分析師,病理藥理研究人員,物理相關研究人員,醫藥研發人員,材料分析員
麗寶Outlet Mall,【麗寶Outlet Mall】－行政副課長,總務主管,工務助理,行政主管,,,行政人員,秘書,財務／會計助理,電腦操作／資料輸入,排版人員
麗寶樂園店,麗寶樂園店-中餐廚房二廚(台中后里),中式廚師,,,,,調酒師／吧台人員,冷熱飲調製人員,門市／店員／專櫃人員,餐飲主管,侍酒師
麗寶樂園店,麗寶樂園店-大廳主管 (台中后里),飯店／旅館主管,,,,,餐飲主管,調酒師／吧台人員,飯店／旅館服務人員,侍酒師,門市／店員／專櫃人員
麗寶熊大店,【台中】【麗寶熊大店】平假日工讀,工讀生,,,,,調酒師／吧台人員,冷熱飲調製人員,飯店／旅館服務人員,門市／店員／專櫃人員,侍酒師
麥記燒臘松山機場店,【麥記燒臘松山機場店】兼職外場服務人員,餐飲服務人員,,,,,飯店／旅館服務人員,調酒師／吧台人員,冷熱飲調製人員,門市／店員／專櫃人員,侍酒師
黃政維企業,【黃政維企業】直播主/直播銷售/保底60000 月休8天,休閒娛樂事業從業人員,表演／主持／直播人員,,,,行銷企劃人員,儲備幹部,國內業務主管,國內業務人員,產品企劃主管
黎明店,(台中市黎明店)斯朵利美甲招募美甲師、美甲助理、儲備幹部,美甲彩繪師,,,,,售票／收銀人員,行政主管,門市／店員／專櫃人員,美甲助理,資訊助理人員
黎明店,SDOREE黎明店 誠徵~美髮 設計師~助理~,髮型設計師,美髮助理,,,,室內設計助理,設計助理,資訊助理人員,軟體助理工程師,冷凍空調繪圖／設計
黎明店,健身教練(World Gym台中黎明店),運動教練,才藝類老師,,,,調酒師／吧台人員,冷熱飲調製人員,侍酒師,門市／店員／專櫃人員,品管／品保主管
黎明店,健身諮詢專員(World Gym台中黎明店),國內業務人員,產品企劃人員,電話行銷人員,,,門市／店員／專櫃人員,神秘客,調酒師／吧台人員,售票／收銀人員,客服主管
黎明店,公益麵攤（黎明店早班）,餐飲服務人員,餐廚助手,,,,調酒師／吧台人員,冷熱飲調製人員,門市／店員／專櫃人員,洗碗人員,侍酒師
黎明店,公益麵攤［黎明店］餐飲晚班服務人員,餐飲服務人員,餐廚助手,,,,調酒師／吧台人員,冷熱飲調製人員,門市／店員／專櫃人員,侍酒師,飯店／旅館服務人員
黎明店,兼職清潔人員(World Gym台中黎明店),清潔／資源回收人員,,,,,調酒師／吧台人員,冷熱飲調製人員,飯店／旅館服務人員,房務人員,門市／店員／專櫃人員
黎明店,外場櫃台-台中黎明店,餐飲服務人員,餐廚助手,,,,調酒師／吧台人員,飯店／旅館服務人員,冷熱飲調製人員,飯店／旅館櫃檯人員,售票／收銀人員
黎明店,客服工讀生(World Gym台中黎明店),客服人員,門市／店員／專櫃人員,總機／接待／櫃檯人員,,,業務助理,資材人員,電腦操作／資料輸入,文字客服,秘書
黎明店,清潔人員(World Gym台中黎明店),清潔／資源回收人員,工讀生,,,,調酒師／吧台人員,房務人員,冷熱飲調製人員,門市／店員／專櫃人員,洗碗人員
黎明店,美容師(台中-黎明店),美容助理,美容師,美療師／芳療師,,,調酒師／吧台人員,門市／店員／專櫃人員,售票／收銀人員,飯店／旅館服務人員,冷熱飲調製人員
黎明店,美容師（薪資上看50K)-黎明店,美療師／芳療師,美容師,,,,調酒師／吧台人員,冷熱飲調製人員,門市／店員／專櫃人員,售票／收銀人員,飯店／旅館服務人員
黎明店,這一小鍋台中黎明店【平假日PT招募】鍋物饗宴，共創美味,餐飲服務人員,,,,,侍酒師,調酒師／吧台人員,餐飲主管,飯店／旅館服務人員,門市／店員／專櫃人員
點水樓,【點水樓】★南崁店-外場出納,餐飲服務人員,門市／店員／專櫃人員,飯店／旅館服務人員,,,電腦操作／資料輸入,財務／會計助理,秘書,行政人員,排版人員
點水樓,【點水樓】南京店-江浙廚師砧板助手,中式廚師,其他料理廚師,,,,調酒師／吧台人員,冷熱飲調製人員,西式廚師,侍酒師,餐廚助手
點水樓,【點水樓】南京店-江浙廚排菜,中式廚師,其他料理廚師,,,,調酒師／吧台人員,西式廚師,冷熱飲調製人員,餐飲服務人員,洗碗人員
點水樓,【點水樓】林口店(三井Outlet)-中餐三櫈/二櫈/櫈子,中式廚師,其他料理廚師,,,,調酒師／吧台人員,冷熱飲調製人員,洗碗人員,餐廚助手,餐飲服務人員
點水樓,【點水樓】林口店(三井Outlet)-中餐冷盤,中式廚師,其他料理廚師,,,,冷熱飲調製人員,調酒師／吧台人員,飯店／旅館服務人員,門市／店員／專櫃人員,侍酒師
點水樓,【點水樓】林口店(三井Outlet)-江浙廚師砧板助手,中式廚師,其他料理廚師,,,,調酒師／吧台人員,冷熱飲調製人員,侍酒師,西式廚師,餐飲服務人員
鼎倫,【鼎倫】桃園區社會住宅包租代管管理師,國內業務人員,不動產經紀人／營業員,通路開發人員,,,土木工程師,儲備幹部,ISO品保人員,房務人員,客服主管
鼎倫-北桃,【鼎倫-北桃】桃園區社會住宅包租代管管理師,國內業務人員,不動產經紀人／營業員,通路開發人員,,,房務人員,儲備幹部,ISO品保人員,客服主管,土木工程師
鼎王公益店,"鼎王公益店 副主廚47,550元~70,000元",餐飲主管,飯店／旅館主管,經營管理主管,,,調酒師／吧台人員,西式廚師,品管／品保主管,冷熱飲調製人員,餐廚助手
鼎王公益店,"鼎王公益店 店襄理47,550元~70,000元",餐飲主管,飯店／旅館主管,經營管理主管,,,調酒師／吧台人員,西式廚師,冷熱飲調製人員,洗碗人員,餐廚助手
鼎王漢口店,"鼎王漢口店 副主廚47,550元~70,000元",餐飲主管,飯店／旅館主管,經營管理主管,,,調酒師／吧台人員,西式廚師,品管／品保主管,冷熱飲調製人員,店長／門市管理人員
鼎王漢口店,"鼎王漢口店 店襄理47,550元~70,000元",餐飲主管,飯店／旅館主管,經營管理主管,,,調酒師／吧台人員,西式廚師,冷熱飲調製人員,洗碗人員,餐廚助手
鼎珍旺國際事業,鼎珍旺國際事業有限公司 人資計時人員,人事助理,,,,,調酒師／吧台人員,冷熱飲調製人員,門市／店員／專櫃人員,資材人員,房務人員
鼎珍旺國際事業,鼎珍旺國際事業有限公司 品牌營運經理,經營管理主管,店長／門市管理人員,,,,儲備幹部,產品經理,產品企劃主管,旅遊休閒類主管,金融營業人員
鼎珍旺國際事業,鼎珍旺國際事業有限公司 肉品物流主管 65000起,其他料理廚師,生鮮處理人員,,,,資材主管,儲備幹部,資材人員,生管主管,產品經理
龍潭廠,【A/T BU】產品專案(資深)工程師(PM)-龍潭廠,其他專案管理師,業務工程師,,,,PCB-Layout佈局工程師,BIOS工程師,工業設計,IC佈局工程師,產品管理師
龍潭廠,【A/T BU】製程整合PIE工程師(周休二日)-龍潭廠,半導體製程工程師,,,,,鉗工,太陽能技術工程師,CNC車床人員,智慧製程工程師,電機技師／工程師
龍潭廠,【A/T BU】設備工程師(做二休二固定夜班12H)-龍潭廠,生產設備工程師,半導體設備工程師,半導體工程師,,,PLC／自動控制工程師,BIOS工程師,電機設備裝配員,工業設計,機構工程師
龍潭廠,【A/T BU】設備工程師(做二休二固定日班12H)-龍潭廠,生產設備工程師,半導體設備工程師,半導體工程師,,,BIOS工程師,PLC／自動控制工程師,電機設備裝配員,機構工程師,電機技師／工程師
龍潭廠,【AT BU】設備調機員(做二休二12H輪班)-龍潭廠,機械操作人員,機械加工技術人員,,,,CNC車床人員,電機技師／工程師,電機設備裝配員,包裝員／作業員,智慧製程工程師
龍潭廠,假日計時員【龍潭廠】,工讀生,,,,,調酒師／吧台人員,智慧製程工程師,生鮮處理人員,冷熱飲調製人員,洗碗人員
龍潭廠,助理 檢驗員【龍潭廠區 】,食品檢驗人員,,,,,生管／助理,機械操作人員,組裝組立技術人員,工程助理,生產技術／製程工程師
龍潭廠,助理品管員 【龍潭廠區】,品管人員,ISO品保人員,品保工程師,,,生管／助理,攝影助理,室內設計助理,資訊助理人員,影片製作技術人員
龍潭廠,清潔員【金鞍機械 龍潭廠】,清潔／資源回收人員,,,,,房務人員,CNC車床人員,水電工,電機技師／工程師,智慧製程工程師
龍潭廠,龍潭廠 工安人員,職業安全衛生管理人員,,,,,CNC車床人員,電機技師／工程師,電器產品維修人員,電機設備裝配員,水電工
龍潭有機農場,【龍潭有機農場】農場從業人員,花藝／園藝人員,農藝栽培專業人員,,,,房務人員,冷熱飲調製人員,飯店／旅館服務人員,調酒師／吧台人員,遊樂景點工作人員
龍爺鳳娘會館,【龍爺鳳娘會館】主廚~請直接電洽 0903016168 鐘小姐,中式廚師,,,,,調酒師／吧台人員,冷熱飲調製人員,飯店／旅館服務人員,門市／店員／專櫃人員,洗碗人員
龍爺鳳娘會館,【龍爺鳳娘會館】爐台師傅/副爐~請直接電洽 0903016168 鐘小姐,中式廚師,,,,,調酒師／吧台人員,冷熱飲調製人員,飯店／旅館服務人員,咖啡師,侍酒師
龍軒傳承粵菜港點餐廳,【龍軒傳承粵菜港點餐廳】三鍋,中式廚師,餐廚助手,,,,侍酒師,調酒師／吧台人員,飯店／旅館服務人員,冷熱飲調製人員,門市／店員／專櫃人員
龍軒傳承粵菜港點餐廳,【龍軒傳承粵菜港點餐廳】外場副理,經營管理主管,飯店／旅館主管,飯店／旅館櫃檯人員,,,調酒師／吧台人員,侍酒師,門市／店員／專櫃人員,飯店／旅館服務人員,冷熱飲調製人員
龍軒傳承粵菜港點餐廳,【龍軒傳承粵菜港點餐廳】櫃台人員,總機／接待／櫃檯人員,,,,,調酒師／吧台人員,飯店／旅館服務人員,侍酒師,冷熱飲調製人員,門市／店員／專櫃人員
龍軒傳承粵菜港點餐廳,【龍軒傳承粵菜港點餐廳】港點師傅,中式廚師,,,,,調酒師／吧台人員,侍酒師,冷熱飲調製人員,飯店／旅館服務人員,門市／店員／專櫃人員
龍軒傳承粵菜港點餐廳,【龍軒傳承粵菜港點餐廳】門市人員,總機／接待／櫃檯人員,,,,,調酒師／吧台人員,侍酒師,冷熱飲調製人員,飯店／旅館服務人員,門市／店員／專櫃人員
龍軒傳承駐點餐廳,【龍軒傳承駐點餐廳】店長兼廚師,中式廚師,儲備幹部,經營管理主管,,,侍酒師,調酒師／吧台人員,飯店／旅館服務人員,冷熱飲調製人員,門市／店員／專櫃人員
龍門美食育樂館,【龍門美食育樂館】清潔人員,清潔／資源回收人員,,,,,冷熱飲調製人員,洗碗人員,調酒師／吧台人員,門市／店員／專櫃人員,飯店／旅館服務人員
龜記茗品-大巨蛋店,【龜記茗品-大巨蛋店】晚班兼職人員(時薪$206),餐飲服務人員,工讀生,,,,調酒師／吧台人員,冷熱飲調製人員,飯店／旅館服務人員,門市／店員／專櫃人員,外送人員
