類別,雜訊字詞,出現次數
1_地區,台中,2852
1_地區,台北,2797
1_地區,桃園,2568
1_地區,高雄,2495
1_地區,台南,1887
1_地區,新竹,1568
1_地區,新北市,687
1_地區,台北市,686
1_地區,新北,657
1_地區,嘉義,640
1_地區,彰化,515
1_地區,台中市,496
1_地區,桃園市,427
1_地區,屏東,412
1_地區,台南市,346
1_地區,宜蘭,331
1_地區,高雄市,328
1_地區,苗栗,322
1_地區,基隆,301
1_地區,花蓮,206
1_地區,南投,199
1_地區,雲林,191
1_地區,北市,178
1_地區,臺北市,174
1_地區,新竹市,171
1_地區,台東,134
1_地區,新竹縣,118
1_地區,彰化縣,103
1_地區,嘉義縣,94
1_地區,臺北,71
1_地區,基隆市,62
1_地區,臺中,58
1_地區,雲林縣,56
1_地區,苗栗縣,55
1_地區,屏東縣,49
1_地區,臺中市,45
1_地區,嘉義市,44
1_地區,彰化市,41
1_地區,澎湖,37
1_地區,宜蘭縣,36
1_地區,屏東市,33
1_地區,南投縣,32
1_地區,苗栗市,31
1_地區,金門,29
1_地區,臺東,28
1_地區,花蓮縣,26
1_地區,宜蘭市,25
1_地區,臺南市,23
1_地區,花蓮市,20
1_地區,台東市,19
1_地區,臺南,18
1_地區,南投市,14
1_地區,台東縣,12
1_地區,桃園縣,10
1_地區,金門縣,9
1_地區,澎湖縣,9
1_地區,金門市,6
1_地區,竹市,5
1_地區,南市,4
1_地區,馬祖,3
1_地區,中市,3
1_地區,臺東縣,2
1_地區,基隆縣,2
1_地區,台南縣,2
1_地區,台中縣,2
1_地區,竹縣,2
1_地區,連江縣,2
1_地區,澎湖市,1
2_分區,店,15041
2_分區,廠,4719
2_分區,處,1243
2_分區,館,1182
2_分區,北區,1083
2_分區,中壢,807
2_分區,南區,806
2_分區,板橋,652
2_分區,林口,608
2_分區,中區,603
2_分區,新莊,593
2_分區,東區,531
2_分區,新店,511
2_分區,竹北,499
2_分區,中山,443
2_分區,內湖,440
2_分區,中和,391
2_分區,土城,390
2_分區,三重,355
2_分區,板橋區,353
2_分區,桃園區,350
2_分區,中正,341
2_分區,信義,310
2_分區,信義區,304
2_分區,樹林,291
2_分區,新莊區,291
2_分區,南港,285
2_分區,中山區,278
2_分區,內湖區,278
2_分區,楠梓,272
2_分區,龜山,271
2_分區,平鎮,265
2_分區,鳳山,253
2_分區,士林,252
2_分區,楊梅,249
2_分區,大園,226
2_分區,永和,221
2_分區,汐止,219
2_分區,中壢區,216
2_分區,八德,215
2_分區,淡水,215
2_分區,龍潭,215
2_分區,中和區,213
2_分區,大安區,211
2_分區,岡山,206
2_分區,復興,206
2_分區,觀音,204
2_分區,西屯區,199
2_分區,蘆洲,195
2_分區,大里,193
2_分區,大樹,193
2_分區,新店區,188
2_分區,三重區,188
2_分區,蘆竹,185
2_分區,永康,183
2_分區,五股,180
2_分區,湖口,178
2_分區,三峽,175
2_分區,員林,169
2_分區,左營,167
2_分區,南屯區,167
2_分區,松山區,165
2_分區,西區,160
2_分區,龜山區,157
2_分區,中正區,157
2_分區,豐原,156
2_分區,頭份,154
2_分區,太平,154
2_分區,樹林區,148
2_分區,竹南,147
2_分區,斗六,143
2_分區,北屯,143
2_分區,松山,141
2_分區,林口區,139
2_分區,北投,139
2_分區,三民,138
2_分區,中部,136
2_分區,大安,135
2_分區,北屯區,133
2_分區,文山區,132
2_分區,路竹,131
2_分區,士林區,131
2_分區,西屯,127
2_分區,南港區,127
2_分區,大溪,127
2_分區,新營,126
2_分區,蘆竹區,125
2_分區,淡水區,120
2_分區,南屯,115
2_分區,土城區,115
2_分區,新市,112
2_分區,北投區,110
2_分區,新豐,110
2_分區,大雅,104
2_分區,大甲,103
2_分區,大園區,100
2_分區,泰山,99
2_分區,仁武,99
2_分區,永和區,99
2_分區,后里,96
2_分區,萬華區,96
2_分區,八德區,95
2_分區,汐止區,95
2_分區,三民區,92
2_分區,大台北,90
2_分區,虎尾,89
2_分區,小港,86
2_分區,善化,85
2_分區,鶯歌,84
2_分區,永康區,84
2_分區,大同區,83
2_分區,大寮,82
2_分區,直營門市,82
2_分區,三峽區,81
2_分區,安平,81
2_分區,鹿港,79
2_分區,楠梓區,79
2_分區,竹東,79
2_分區,楊梅區,78
2_分區,大同,78
2_分區,安南區,78
2_分區,沙鹿,78
2_分區,新興,72
2_分區,烏日,72
2_分區,梧棲,72
2_分區,仁德,72
2_分區,左營區,72
2_分區,YOTA服務廠,72
2_分區,泰山區,71
2_分區,潮州,69
2_分區,五股區,69
2_分區,蘆洲區,69
2_分區,竹北市,68
2_分區,前鎮,65
2_分區,前鎮區,65
2_分區,八里,65
2_分區,二林,64
2_分區,駐廠,63
2_分區,苓雅區,61
2_分區,麻豆,61
2_分區,鼓山區,61
2_分區,南部,60
2_分區,觀音區,59
2_分區,鳳山區,59
2_分區,文山,59
2_分區,平鎮區,58
2_分區,新屋,58
2_分區,柳營,58
2_分區,永安,58
2_分區,安南,57
2_分區,工廠,57
2_分區,太平區,53
2_分區,小港區,50
2_分區,大里區,50
2_分區,東港,49
2_分區,高雄廠,49
2_分區,安平區,49
2_分區,和美,49
2_分區,萬華,48
2_分區,善化區,48
2_分區,清水,47
2_分區,佳里,47
2_分區,戰年薪百萬】門市,47
2_分區,苑裡,46
2_分區,豐原區,46
2_分區,t店,45
2_分區,橋頭,44
2_分區,大寮區,44
2_分區,東山,44
2_分區,潭子,44
2_分區,霧峰,42
2_分區,嘉義市,42
2_分區,斗南,42
2_分區,仁武區,41
2_分區,北部,41
2_分區,龍潭區,41
2_分區,鶯歌區,41
2_分區,百萬藥師】門市,41
2_分區,內衣專櫃/門市,41
2_分區,林口廠,40
2_分區,烏日區,40
2_分區,北港,39
2_分區,】JINS_門市,39
2_分區,鼓山,38
2_分區,彰化市,38
2_分區,朴子,38
2_分區,燕巢,36
2_分區,溪湖,36
2_分區,大社,35
2_分區,岡山區,35
2_分區,台中廠,35
2_分區,新市區,35
2_分區,大雅區,35
2_分區,桃園廠,35
2_分區,歸仁,35
2_分區,路竹區,34
2_分區,O店,34
2_分區,仁德區,34
2_分區,半導體設備大廠,34
2_分區,蘆竹廠,34
2_分區,北斗,32
2_分區,旗山,32
2_分區,官田,32
2_分區,苗栗市,31
2_分區,山鶯廠,31
2_分區,服務廠,31
2_分區,科技廠,31
2_分區,梧棲區,30
2_分區,屏東市,30
2_分區,新竹廠,30
2_分區,北門,30
2_分區,六甲,29
2_分區,晚班門市,29
2_分區,前金區,29
2_分區,新興區,28
2_分區,苓雅,28
2_分區,潭子區,28
2_分區,大甲區,28
2_分區,清水區,28
2_分區,斗六廠,27
2_分區,楊梅廠,27
2_分區,太保,27
2_分區,恆春,27
2_分區,業務｜健身工廠,27
2_分區,中壢廠,26
2_分區,大園廠,26
2_分區,西螺,26
2_分區,_知名電腦大廠,25
2_分區,新化,24
2_分區,八里區,24
2_分區,000#另有門市,24
2_分區,❤蝦皮店到店門市,24
2_分區,神岡,23
2_分區,沙鹿區,23
2_分區,早班門市,22
2_分區,員林市,22
2_分區,新豐廠,22
2_分區,大溪區,21
2_分區,二廠,21
2_分區,新營區,21
2_分區,新社區,21
2_分區,嘉義廠,20
2_分區,后里區,20
2_分區,歸仁區,20
2_分區,台南廠,20
2_分區,通霄,20
2_分區,竹東區,20
2_分區,瑞芳,20
2_分區,安定,19
2_分區,泰國廠,19
2_分區,01店,19
2_分區,_電腦週邊大廠,19
2_分區,林園,18
2_分區,台中分公司,18
2_分區,大社區,17
2_分區,前金,17
2_分區,深坑區,17
2_分區,田中,17
2_分區,A8店,17
2_分區,南投廠,17
2_分區,屏東廠,17
2_分區,新豐鄉,17
2_分區,大台中,17
2_分區,高雄分公司,16
2_分區,竹北區,16
2_分區,鳥松,16
2_分區,k店,16
2_分區,鳥松區,16
2_分區,關廟,16
2_分區,頭份市,16
2_分區,橋頭區,16
2_分區,新化區,16
2_分區,新屋區,16
2_分區,佳里區,15
2_分區,a店,15
2_分區,大溪廠,15
2_分區,歐都納門市,15
2_分區,oCo都可】門市,15
2_分區,阿蓮,14
2_分區,路竹廠,14
2_分區,中央工廠,14
2_分區,C廠,14
2_分區,美濃,14
2_分區,霧峰區,13
2_分區,鹽埕,13
2_分區,o店,13
2_分區,梓官,13
2_分區,瑞芳區,13
2_分區,知名PCB大廠,13
2_分區,美商半導體大廠,13
2_分區,電子零組件大廠,13
2_分區,0以上#另有門市,13
2_分區,_食品加工大廠,13
2_分區,北門市,12
2_分區,麻豆區,12
2_分區,燕巢廠,12
2_分區,斗六市,12
2_分區,安定區,12
2_分區,大樹區,12
2_分區,湖內區,12
2_分區,桃園大園廠,12
2_分區,七股,12
2_分區,三芝區,12
2_分區,神岡區,12
2_分區,鹿港廠,11
2_分區,T店,11
2_分區,A9店,11
2_分區,冷氣廠,11
2_分區,統一超商門市,11
2_分區,超商門市,11
2_分區,三芝,11
2_分區,岡山廠,11
2_分區,#另有門市,11
2_分區,彰濱廠,11
2_分區,新竹分公司,11
2_分區,2館,11
2_分區,蘆二廠,11
2_分區,中鋼駐廠,11
2_分區,7-11門市,10
2_分區,中和廠,10
2_分區,竹北廠,10
2_分區,湖口鄉,10
2_分區,_醫療器材大廠,10
2_分區,湖口廠,10
2_分區,湖口區,10
2_分區,竹南鎮,10
2_分區,林園區,10
2_分區,燕巢區,10
2_分區,1館,10
2_分區,台北分公司,10
2_分區,外埔,10
2_分區,台南分公司,10
2_分區,學園區)#新廠,10
2_分區,觀音廠,10
2_分區,新豐工廠,10
2_分區,A8館,10
2_分區,平鎮廠,10
2_分區,接待｜健身工廠,10
2_分區,S1廠,10
2_分區,S3廠,10
2_分區,湖內,9
2_分區,食品廠,9
2_分區,一超商-壯圍門市,9
2_分區,新營廠,9
2_分區,雲林斗六廠,9
2_分區,柳營區,9
2_分區,後壁,9
2_分區,A店,9
2_分區,大夜班門市,9
2_分區,GAP兼職門市,9
2_分區,越南廠,9
2_分區,鹽水,9
2_分區,管_半導體大廠,9
2_分區,合江廠,9
2_分區,阿蓮區,9
2_分區,職🍤蝦皮智取門市,9
2_分區,光復新廠,9
2_分區,台積電廠,9
2_分區,EXUS服務廠,9
2_分區,膜/3C產品門市,8
2_分區,FT門市,8
2_分區,頭份廠,8
2_分區,K店,8
2_分區,觀光工廠,8
2_分區,彰化廠,8
2_分區,自行車零件大廠,8
2_分區,一超商-冬山門市,8
2_分區,一超商-壯志門市,8
2_分區,擴廠,8
2_分區,南崁廠,8
2_分區,彰化分公司,8
2_分區,_知名光電大廠,8
2_分區,潮州鎮,8
2_分區,臨海廠,8
2_分區,竹東鎮,8
2_分區,關廟區,8
2_分區,_知名氣體大廠,8
2_分區,斗六區,8
2_分區,深坑,8
2_分區,五股廠,8
2_分區,7-11愿景門市,8
2_分區,新廠,8
2_分區,鹽水區,8
2_分區,S店,8
2_分區,鹽埕區,8
2_分區,職人員★歡迎門市,8
2_分區,幼獅廠,8
2_分區,M店,8
2_分區,記憶體模組大廠,8
2_分區,內湖廠,8
2_分區,_汽車零件大廠,8
2_分區,S2廠,8
2_分區,萬~70萬】門市,8
2_分區,A館,8
2_分區,及雙北13間門市,8
2_分區,情，全省實體門市,8
2_分區,le授權經銷門市,7
2_分區,二林廠,7
2_分區,店_兼職早班門市,7
2_分區,夜班門市,7
2_分區,/五股廠,7
2_分區,竹南廠,7
2_分區,蛋品廠,7
2_分區,小港廠,7
2_分區,飼料廠,7
2_分區,官田廠,7
2_分區,GAP全職門市,7
2_分區,彌陀,7
2_分區,將軍區,7
2_分區,和美鎮,7
2_分區,-台哥大電信門市,7
2_分區,汐止廠,7
2_分區,管_PCB大廠,7
2_分區,餐飲門市,7
2_分區,桃園觀音廠,7
2_分區,新社,7
2_分區,煮丹】茶飲_門市,7
2_分區,桃園分公司,7
2_分區,_工業電腦大廠,7
2_分區,_金屬製造大廠,7
2_分區,新市鎮,7
2_分區,名PCB製造廠,7
2_分區,_車用電子大廠,7
2_分區,新埔廠,7
2_分區,屏東分公司,7
2_分區,名汽車零件大廠,7
2_分區,級廢棄物處理廠,7
2_分區,土城廠,7
2_分區,苗栗廠,7
2_分區,楠梓廠,7
2_分區,加工區)科技廠,7
2_分區,龜山科技新廠,7
2_分區,兼職門市,6
2_分區,徵門市,6
2_分區,花蓮廠,6
2_分區,全家超商門市,6
2_分區,台正職人員及門市,6
2_分區,將軍,6
2_分區,】門市,6
2_分區,太平廠,6
2_分區,全家便利商店門市,6
2_分區,員林廠,6
2_分區,中壢營業所,6
2_分區,洗衣廠,6
2_分區,學甲,6
2_分區,旗山區,6
2_分區,新北服務處,6
2_分區,西港,6
2_分區,務人員/百貨門市,6
2_分區,{高雄工廠,6
2_分區,後龍,6
2_分區,_知名汽車大廠,6
2_分區,中班門市,6
2_分區,n-Dazs門市,6
2_分區,旗津,6
2_分區,2H)-龍潭廠,6
2_分區,前金分公司,6
2_分區,_金屬加工大廠,6
2_分區,連鎖門市,6
2_分區,板橋廠,6
2_分區,壢工業區：工廠,6
2_分區,南崁服務廠,6
2_分區,南科嘉義營運廠,6
2_分區,太保市,6
2_分區,查修直營廠,6
2_分區,石門區,6
2_分區,竹北科技廠,6
2_分區,中科大雅】廠,6
2_分區,B館,6
2_分區,釣具門市,5
2_分區,桃園龜山廠,5
2_分區,基隆門市,5
2_分區,】知名科技大廠,5
2_分區,藥局門市,5
2_分區,大夜門市,5
2_分區,北屯市,5
2_分區,家便利商店-門市,5
2_分區,食品加工廠,5
2_分區,大里廠,5
2_分區,7-11保成門市,5
2_分區,食品工廠,5
2_分區,北高廠,5
2_分區,北台北辦事處,5
2_分區,朴子市,5
2_分區,七股區,5
2_分區,西港區,5
2_分區,後壁區,5
2_分區,北斗鎮,5
2_分區,鹿港鎮,5
2_分區,溪湖鎮,5
2_分區,梓官區,5
2_分區,臺中服務處,5
2_分區,西螺區,5
2_分區,三廠,5
2_分區,招募門市,5
2_分區,k樂扣樂扣-門市,5
2_分區,底薪+門市,5
2_分區,1店,5
2_分區,大村廠,5
2_分區,溪口廠,5
2_分區,石岡區,5
2_分區,宜蘭廠,5
2_分區,內湖分公司,5
2_分區,嘉義分公司,5
2_分區,大林廠,5
2_分區,】東星眼鏡－門市,5
2_分區,A廠,5
2_分區,台北新廠,5
2_分區,名超商食品大廠,5
2_分區,_知名電聲大廠,5
2_分區,JINS_門市,5
2_分區,北興廠,5
2_分區,中壢市,5
2_分區,2店,5
2_分區,🦐蝦皮店到店門市,5
2_分區,烘焙】中央工廠,5
2_分區,A11店,5
2_分區,旗山廠,5
2_分區,消費性電子大廠,5
2_分區,麻豆廠,5
2_分區,_知名紡織大廠,5
2_分區,A11館,5
2_分區,桃園南崁廠,5
2_分區,白河,5
2_分區,永安市,5
2_分區,生物製劑廠,5
2_分區,桃園大遠百門市,5
2_分區,長期駐廠,5
2_分區,拉亞漢堡杭南門市,5
2_分區,就近上班｜🦐門市,5
2_分區,⭐智取｜自選門市,5
2_分區,田中鎮,5
2_分區,外埔區,5
2_分區,下營區,5
2_分區,優面議)藥局門市,5
2_分區,營造廠,5
2_分區,新港台塑廠,5
2_分區,海外廠,5
2_分區,tant資深門市,5
2_分區,代檢廠,5
2_分區,_電子元件大廠,5
2_分區,工程師-仁義廠,5
2_分區,_上市電子大廠,5
2_分區,市中壢區內壢分公司,5
2_分區,環安廠,5
2_分區,龍潭廠,5
2_分區,導體與高科技廠,5
2_分區,潮州廠,5
2_分區,北門區,5
2_分區,污水處理廠,5
2_分區,統一超商金磚門市,4
2_分區,士林門市,4
2_分區,嘉義大林廠,4
2_分區,宜蘭員山廠,4
2_分區,『中壢龍岡廠,4
2_分區,7-11松復門市,4
2_分區,A13店,4
2_分區,新店門市,4
2_分區,台南官田廠,4
2_分區,新莊】藥廠,4
2_分區,虎尾廠,4
2_分區,桃園營業所,4
2_分區,新屋廠,4
2_分區,正職門市,4
2_分區,店_兼職晚班門市,4
2_分區,店_兼職午班門市,4
2_分區,全家門市,4
2_分區,**食品廠,4
2_分區,_知名化工大廠,4
2_分區,永康廠,4
2_分區,仁武廠,4
2_分區,商山崎｜林口廠,4
2_分區,台北門市,4
2_分區,美濃區,4
2_分區,統一超商海王門市,4
2_分區,區)聯合招募門市,4
2_分區,購-美廉社-門市,4
2_分區,半導體科技大廠,4
2_分區,統一超商聖央門市,4
2_分區,科技睡眠品牌門市,4
2_分區,東港鎮,4
2_分區,永安分公司,4
2_分區,林口二廠,4
2_分區,縣竹北市竹北分公司,4
2_分區,市林口區林口分公司,4
2_分區,市東勢區東勢分公司,4
2_分區,大安分公司,4
2_分區,北港廠,4
2_分區,虎尾鎮,4
2_分區,官田區,4
2_分區,後龍鎮,4
2_分區,二林鎮,4
2_分區,7-11崴盛門市,4
2_分區,山上,4
2_分區,_知名網通大廠,4
2_分區,桃科廠,4
2_分區,斗南區,4
2_分區,后里廠,4
2_分區,新北樹林廠,4
2_分區,中壢門市,4
2_分區,知名記憶體大廠,4
2_分區,店］加盟店徵門市,4
2_分區,統一超商港寰門市,4
2_分區,一超商愛之船門市,4
2_分區,永安區,4
2_分區,新營分公司,4
2_分區,土城分公司,4
2_分區,臺北服務處,4
2_分區,新店廠,4
2_分區,_知名散熱大廠,4
2_分區,師_連接器大廠,4
2_分區,統一超商府中門市,4
2_分區,7-11東英門市,4
2_分區,半導體材料大廠,4
2_分區,科技大廠,4
2_分區,新竹門市,4
2_分區,必勝客-全職門市,4
2_分區,A4館,4
2_分區,電子廠,4
2_分區,🌟蝦皮店到店門市,4
2_分區,電源供應器大廠,4
2_分區,楊梅新農廠,4
2_分區,商IC設計大廠,4
2_分區,蛋品洗選廠,4
2_分區,團】食品加工廠,4
2_分區,泰山廠,4
2_分區,LED燈泡工廠,4
2_分區,漢堡永和安樂門市,4
2_分區,島成日式麵包門市,4
2_分區,台中二廠,4
2_分區,寶山-台積電廠,4
2_分區,44K】屏東門市,4
2_分區,石門,4
2_分區,保養廠,4
2_分區,新開店〞正職門市,4
2_分區,高時薪264門市,4
2_分區,班彈性】彰化門市,4
2_分區,鹿港區,4
2_分區,金門分公司,4
2_分區,上市PCB大廠,4
2_分區,名電腦週邊大廠,4
2_分區,0萬元)藥局門市,4
2_分區,職人員◆全新門市,4
2_分區,正職非約聘-廠,4
2_分區,台中工廠,4
2_分區,濱江廠,4
2_分區,軋鋼廠,4
2_分區,花藝門市,4
2_分區,食品工廠】一廠,4
2_分區,龍潭分公司,4
2_分區,顧客服務處,4
2_分區,廠務駐廠,4
2_分區,12吋廠,4
2_分區,民族廠,4
2_分區,鳳林廠,4
2_分區,九如廠,4
2_分區,鳳山廠,4
2_分區,東港廠,4
2_分區,新竹服務廠,4
2_分區,麟洛廠,4
2_分區,銅科廠,4
2_分區,事務機耗材大廠,4
2_分區,建廠,4
2_分區,】樂活眼鏡_門市,4
2_分區,塑南亞-嘉義廠,4
2_分區,/新港廠,4
2_分區,復興區,4
2_分區,_知名電源大廠,4
2_分區,方城市門市,3
2_分區,7-11富砡門市,3
2_分區,7-11砡安門市,3
2_分區,伊蕾門市,3
2_分區,大園市,3
2_分區,台中美村門市,3
2_分區,衡陽門市,3
2_分區,里港廠,3
2_分區,VE新莊宏匯門市,3
2_分區,德民廠,3
2_分區,藥師助理/門市,3
2_分區,百貨專櫃檔期門市,3
2_分區,一超商南海七門市,3
2_分區,得晴門市,3
2_分區,文心廠,3
2_分區,新竹營業所,3
2_分區,南崁營業所,3
2_分區,艾訊一廠,3
2_分區,松運門市,3
2_分區,統一超商振陞門市,3
2_分區,店_晚班兼職門市,3
2_分區,中山天津門市,3
2_分區,長津門市,3
2_分區,山大夜班超商門市,3
2_分區,-門市,3
2_分區,韓系女裝門市,3
2_分區,新壢智門市,3
2_分區,7-11清茂門市,3
2_分區,大甲廠,3
2_分區,中科廠,3
2_分區,台北廠,3
2_分區,師_工具機大廠,3
2_分區,統一超商升榮門市,3
2_分區,高雄營業所,3
2_分區,苑裡鎮,3
2_分區,＜後壁廠,3
2_分區,中正廠,3
2_分區,原廠,3
2_分區,東興一門市,3
2_分區,文守門市,3
2_分區,中壢食品大廠,3
2_分區,一超商-吉豐門市,3
2_分區,東部,3
2_分區,縣苗栗市苗栗分公司,3
2_分區,市仁愛區基隆分公司,3
2_分區,市安平區台南分公司,3
2_分區,縣彰化市彰化分公司,3
2_分區,市南屯區台中分公司,3
2_分區,縣頭份市頭份分公司,3
2_分區,市豐原區豐原分公司,3
2_分區,南京分公司,3
2_分區,仁德廠,3
2_分區,斗南鎮,3
2_分區,北港鎮,3
2_分區,白河區,3
2_分區,田寮區,3
2_分區,旗津區,3
2_分區,7-11建泰門市,3
2_分區,知名連接器大廠,3
2_分區,遠傳電信門市,3
2_分區,廢棄物回收大廠,3
2_分區,雲科廠,3
2_分區,桃園蘆竹廠,3
2_分區,彰化市區,3
2_分區,台北大巨蛋門市,3
2_分區,06⭐餅乾大廠,3
2_分區,統一超商開封門市,3
2_分區,山上區,3
2_分區,7-11益慶門市,3
2_分區,國安門市,3
2_分區,屏東市區,3
2_分區,楠梓區-日星門市,3
2_分區,短期門市,3
2_分區,超商_群創六廠,3
2_分區,7-11裕田門市,3
2_分區,IKE複合式門市,3
2_分區,權金門市,3
2_分區,7-11里農門市,3
2_分區,台兼職人員及門市,3
2_分區,文康門市,3
2_分區,商南機場社宅門市,3
2_分區,統一超商留公門市,3
2_分區,全家仁武水管門市,3
2_分區,雲林廠,3
2_分區,eMart-門市,3
2_分區,統一超商德陽門市,3
2_分區,霧峰廠,3
2_分區,本廠,3
2_分區,富亦門市,3
2_分區,統一超商文東門市,3
2_分區,士林分公司,3
2_分區,東湖分公司,3
2_分區,宜蘭分公司,3
2_分區,竹南分公司,3
2_分區,★泰國廠,3
2_分區,_汽車飾件大廠,3
2_分區,豐原分公司,3
2_分區,北高雄分公司,3
2_分區,南區分公司,3
2_分區,桃一廠,3
2_分區,☆桃園新廠,3
2_分區,-S2A廠,3
2_分區,7-11擎天門市,3
2_分區,全家福華門市,3
2_分區,ne麵包連鎖門市,3
2_分區,板橋門市,3
2_分區,高雄門市,3
2_分區,班正職_功興門市,3
2_分區,林口食品廠,3
2_分區,程師_光電大廠,3
2_分區,11永芳門市,3
2_分區,7-11樂平門市,3
2_分區,-11好家庭門市,3
2_分區,7-11暘民門市,3
2_分區,橋頭五里林店門市,3
2_分區,行政門市,3
2_分區,工程師-后科廠,3
2_分區,西屯市,3
2_分區,台積電外包廠,3
2_分區,驗可｜穩定大廠,3
2_分區,工程師-外埔廠,3
2_分區,職夥伴】士林門市,3
2_分區,經驗可)直營門市,3
2_分區,85C門市,3
2_分區,台中門市,3
2_分區,七彩雲南南平門市,3
2_分區,竹)派駐科技廠,3
2_分區,苗栗服務廠,3
2_分區,大園紙器廠,3
2_分區,忠孝廠,3
2_分區,職✨蝦皮智取門市,3
2_分區,大內,3
2_分區,漢堡大安延吉門市,3
2_分區,時人員/餐飲門市,3
2_分區,pple產品門市,3
2_分區,新門市,3
2_分區,雲林營業所,3
2_分區,-食品調理廠,3
2_分區,七彩雲南伍陽門市,3
2_分區,名車用電子大廠,3
2_分區,🍤蝦皮店到店門市,3
2_分區,驗可】ABB門市,3
2_分區,★排班彈性】門市,3
2_分區,台北內湖堤頂分店,3
2_分區,北區區,3
2_分區,7-11春流門市,3
2_分區,金另計】桃園門市,3
2_分區,管理師｜林口廠,3
2_分區,梧棲廠,3
2_分區,《大溪廠,3
2_分區,七彩雲南三民門市,3
2_分區,主管_電源大廠,3
2_分區,自由分公司,3
2_分區,樹林店_保養廠,3
2_分區,沙鹿店_保養廠,3
2_分區,中壢店_保養廠,3
2_分區,桃園服務廠,3
2_分區,竹北店｜服務廠,3
2_分區,班彈性】台中門市,3
2_分區,/高雄)#新廠,3
2_分區,中華廠,3
2_分區,預製廠,3
2_分區,彈性】ABQ門市,3
2_分區,三重廠,3
2_分區,上市公司-駐廠,3
2_分區,板橋分公司,3
2_分區,台北101門市,3
2_分區,"日,夜班工廠",3
2_分區,市大甲區大甲分公司,3
2_分區,湖)_電腦大廠,3
2_分區,●台哥大直營門市,3
2_分區,_汽車電子大廠,3
2_分區,⾏⾞電控系統廠,3
2_分區,)_PCB大廠,3
2_分區,新莊廠,3
2_分區,車體廠,3
2_分區,屏東工廠,3
2_分區,日商半導體原廠,3
2_分區,新竹店_保養廠,3
2_分區,維修廠,3
2_分區,鹿港平板廠,3
2_分區,員-城西營運廠,3
2_分區,彰化科技廠,3
2_分區,中華路：科技廠,3
2_分區,頭份服務廠,3
2_分區,斗南廠,3
2_分區,:30開放到廠,3
2_分區,學甲區,3
2_分區,_電子零件大廠,3
2_分區,食品工廠】二廠,3
2_分區,_系統整合大廠,3
2_分區,仁義廠,3
2_分區,行車記錄器原廠,3
2_分區,寵物門市,3
2_分區,兼)門市,3
2_分區,蘆洲廠,3
2_分區,湖口二廠,3
2_分區,高雄服務處,3
2_分區,-廠,3
2_分區,exus保養廠,3
2_分區,AF特約保養廠,3
2_分區,)-保養廠,3
2_分區,宜蘭服務廠,3
2_分區,安平廠,3
2_分區,知名半導體大廠,3
2_分區,平溪區,3
2_分區,八德服務廠,3
2_分區,湖內廠,3
2_分區,台南南科廠,3
2_分區,三重分公司,3
2_分區,湖口三廠,3
2_分區,電動車品牌｜門市,3
2_分區,程】覆晶封裝廠,3
2_分區,竹竹東】電子廠,3
2_分區,_機械設備大廠,3
2_分區,林口文化店】門市,3
2_分區,林口仁愛店】門市,3
2_分區,南港廠,3
2_分區,長_PCB大廠,3
2_分區,三峽廠,3
2_分區,自動化設備大廠,3
2_分區,一廠,3
2_分區,駐苗栗通宵電廠,3
2_分區,環安廠務類】廠,3
2_分區,銅鑼污水廠,3
2_分區,頭份店｜服務廠,3
2_分區,新營店_保養廠,3
2_分區,崇德店_保養廠,3
2_分區,板橋店_保養廠,3
2_分區,八德店_保養廠,3
2_分區,國泰店_保養廠,3
2_分區,巡檢人員-原廠,3
2_分區,石岡,3
2_分區,高雄路竹廠,3
2_分區,系統廚櫃直營門市,3
2_分區,下營,3
2_分區,2H)-竹北廠,3
2_分區,台南後壁蘭科廠,3
2_分區,壢區】知名車廠,3
2_分區,員-橋頭營運廠,3
2_分區,園區污水處理廠,3
2_分區,新聖明門市,2
2_分區,7-11資砡門市,2
2_分區,民生東路門市,2
2_分區,C封裝代工大廠,2
2_分區,忠孝門市,2
2_分區,后里記憶體大廠,2
2_分區,宜蘭新城廠,2
2_分區,林口三井二期門市,2
2_分區,l店,2
2_分區,｜日班｜五股廠,2
2_分區,｜夜班｜五股廠,2
2_分區,新北滅菌廠,2
2_分區,)公司_民族廠,2
2_分區,)公司_清水廠,2
2_分區,巧克力專門店門市,2
2_分區,雙北地區分店,2
2_分區,區諮詢藥師_門市,2
2_分區,傢具門市,2
2_分區,新竹巨城門市,2
2_分區,統一超商富有門市,2
2_分區,加盟店徵晚班門市,2
2_分區,7-11岩投門市,2
2_分區,統一超商忠福門市,2
2_分區,統一超商道成門市,2
2_分區,兼職超商晚班門市,2
2_分區,內衣門市,2
2_分區,銷售/專櫃/門市,2
2_分區,大林店】直營門市,2
2_分區,★廠,2
2_分區,⭐南廠,2
2_分區,知名自行車大廠,2
2_分區,區）聯合招募門市,2
2_分區,️平鎮電子大廠,2
2_分區,_兼職大夜班門市,2
2_分區,店_午班兼職門市,2
2_分區,7-11夜班門市,2
2_分區,赤山門市,2
2_分區,7-11復安門市,2
2_分區,長城門市,2
2_分區,統一超商哨臨門市,2
2_分區,隆恩門市,2
2_分區,✦超商晚班門市,2
2_分區,林口長庚門市,2
2_分區,所-桃園八德門市,2
2_分區,西門門市,2
2_分區,鳳城門市,2
2_分區,瑞順門市,2
2_分區,✦超商大夜班門市,2
2_分區,大晉門市,2
2_分區,7-11晚班門市,2
2_分區,家便利商店徵門市,2
2_分區,嘉義市區,2
2_分區,假日班門市,2
2_分區,愛家門市,2
2_分區,7-11耀康門市,2
2_分區,耀康門市,2
2_分區,福興厰、彰濱廠,2
2_分區,沙鹿廠,2
2_分區,)公司_員林廠,2
2_分區,台南大廠,2
2_分區,】專案部-建廠,2
2_分區,7-11六福門市,2
2_分區,7-11里春門市,2
2_分區,7-11羅正門市,2
2_分區,fone直營門市,2
2_分區,統一超商英巧門市,2
2_分區,台中太平廠,2
2_分區,/楊梅乳品二廠,2
2_分區,富岡廠,2
2_分區,中華電信特約門市,2
2_分區,民族營業所,2
2_分區,中華營業所,2
2_分區,屏東營業所,2
2_分區,內湖營業所,2
2_分區,明升遷制度｜門市,2
2_分區,休二日/冷氣廠,2
2_分區,晚班，大夜-門市,2
2_分區,➤✦超商晚班門市,2
2_分區,7-11重清門市,2
2_分區,彰化店特賣會門市,2
2_分區,休二日✨冷氣廠,2
2_分區,🩵中和光電大廠,2
2_分區,I廠,2
2_分區,📢廠,2
2_分區,食品廠廠,2
2_分區,螺絲廠,2
2_分區,晚、大夜班-門市,2
2_分區,7-11愛家門市,2
2_分區,慶東門市,2
2_分區,銷售門市,2
2_分區,商-晚班正職門市,2
2_分區,A19店,2
2_分區,物流大廠,2
2_分區,▼✦早/晚班門市,2
2_分區,早班兼職門市,2
2_分區,✦早/晚班門市,2
2_分區,市中正區中正分公司,2
2_分區,市淡水區淡水分公司,2
2_分區,市大安區古亭分公司,2
2_分區,縣朴子市朴子分公司,2
2_分區,縣台東市東昇分公司,2
2_分區,市板橋區板橋分公司,2
2_分區,2)大寮食品廠,2
2_分區,南市安南區工廠,2
2_分區,台中港廠,2
2_分區,前鎮區廠,2
2_分區,員/麻豆麵包廠,2
2_分區,)大發-橡膠廠,2
2_分區,西螺鎮,2
2_分區,東山區,2
2_分區,楠西區,2
2_分區,六龜區,2
2_分區,彌陀區,2
2_分區,一超商民生北門市,2
2_分區,夜班工廠,2
2_分區,固定早班門市,2
2_分區,+1童鞋全職門市,2
2_分區,古運動品牌｜門市,2
2_分區,仁德區工廠,2
2_分區,南投南崗廠,2
2_分區,作業員-下湖廠,2
2_分區,東港門市,2
2_分區,統一超商武嶺門市,2
2_分區,生醫廠,2
2_分區,中壢知名食品廠,2
2_分區,請親自到廠,2
2_分區,大溪知名食品廠,2
2_分區,新豐區,2
2_分區,內湖區廠,2
2_分區,!中壢食品大廠,2
2_分區,西店加盟店徵門市,2
2_分區,大連門市,2
2_分區,7-11文潭門市,2
2_分區,滿峊門市,2
2_分區,店-全職夜班門市,2
2_分區,京明門市,2
2_分區,翔盛門市,2
2_分區,統一超商得晴門市,2
2_分區,台北ATT門市,2
2_分區,統一超商峽北門市,2
2_分區,華民門市,2
2_分區,生態園區門市,2
2_分區,統一超商早班門市,2
2_分區,7-11憲金門市,2
2_分區,7-11蘆民門市,2
2_分區,統一超商庚運門市,2
2_分區,超商歸仁正權門市,2
2_分區,科技城門市,2
2_分區,國悅門市,2
2_分區,-11港高鐵門市,2
2_分區,和區聯合招募門市,2
2_分區,7-11樹豐門市,2
2_分區,理_鋁合金大廠,2
2_分區,7-11麗騰門市,2
2_分區,7-11樸隱門市,2
2_分區,羅東門市,2
2_分區,信義分公司,2
2_分區,台中豐原門市,2
2_分區,-台北大巨蛋門市,2
2_分區,永和門市,2
2_分區,藥助/門市,2
2_分區,信科門市,2
2_分區,統一超商信福門市,2
2_分區,#新廠,2
2_分區,加祿堂門市,2
2_分區,_手機配件_門市,2
2_分區,寶雅】正職門市,2
2_分區,茶-新竹竹科門市,2
2_分區,鑫工和門市,2
2_分區,11巡大夜班門市,2
2_分區,晚班正職門市,2
2_分區,中和立德街廠,2
2_分區,高雄市小港區廠,2
2_分區,員_連接器大廠,2
2_分區,松江分公司,2
2_分區,青埔簡易分公司,2
2_分區,敦南分公司,2
2_分區,師_PCB大廠,2
2_分區,管_LED大廠,2
2_分區,_數位影像大廠,2
2_分區,級)_電腦大廠,2
2_分區,線馬驅動器大廠,2
2_分區,主管_光電大廠,2
2_分區,主管_機車大廠,2
2_分區,管_記憶體大廠,2
2_分區,_線材加工大廠,2
2_分區,7-11線西門市,2
2_分區,星眼鏡－晚班門市,2
2_分區,人員-後庄門市,2
2_分區,4萬2仟元】門市,2
2_分區,急徵中壢區工廠,2
2_分區,新莊區廠,2
2_分區,_工業設備大廠,2
2_分區,誠徵門市,2
2_分區,名食品加工大廠,2
2_分區,_金屬扣件大廠,2
2_分區,APPLE門市,2
2_分區,加盟店)門市,2
2_分區,盟店)大夜班門市,2
2_分區,7-11建丞門市,2
2_分區,家電類商品》門市,2
2_分區,通訊類商品》門市,2
2_分區,11郵政園區門市,2
2_分區,大坑門市,2
2_分區,全家超商豐吉門市,2
2_分區,專業門市,2
2_分區,桃園地區】門市,2
2_分區,國祥門市,2
2_分區,石牌門市,2
2_分區,港中門市,2
2_分區,寵物公園】門市,2
2_分區,苗栗頭份廠,2
2_分區,岡山物流大廠,2
2_分區,豐洲廠,2
2_分區,便利商店門市,2
2_分區,安南門市,2
2_分區,_知名食品大廠,2
2_分區,早中晚班門市,2
2_分區,六甲區,2
2_分區,統一超商祥和門市,2
2_分區,三重門市,2
2_分區,楠梓區–日星門市,2
2_分區,7-11茂豐門市,2
2_分區,豐亞、央大門市,2
2_分區,7-11美吉門市,2
2_分區,寵物用品門市,2
2_分區,7-11寶斗門市,2
2_分區,7-11二水門市,2
2_分區,星眼鏡－早班門市,2
2_分區,道-鼎山明誠門市,2
2_分區,Laport門市,2
2_分區,高雄汽車保養廠,2
2_分區,大埔美廠,2
2_分區,80店,2
2_分區,大寮廠,2
2_分區,新竹工廠,2
2_分區,台積電駐廠,2
2_分區,石先生】科技廠,2
2_分區,桃園六福路廠,2
2_分區,湖口科技廠,2
2_分區,水果門市,2
2_分區,穩定大廠,2
2_分區,門廠,2
2_分區,竹縣竹北市】門市,2
2_分區,5度台中北平門市,2
2_分區,頭份區,2
2_分區,到店】土城區門市,2
2_分區,湖口】科技大廠,2
2_分區,⭕知名藥品大廠,2
2_分區,台中后里科技廠,2
2_分區,屯-台中精科廠,2
2_分區,穩定保養廠,2
2_分區,竹東廠,2
2_分區,中和區】廠,2
2_分區,大內區,2
2_分區,藝文特區門市,2
2_分區,嘉義門市,2
2_分區,職夥伴】濟南門市,2
2_分區,拉亞漢堡農安門市,2
2_分區,東門市,2
2_分區,小米之家門市,2
2_分區,⭐北廠,2
2_分區,鎮工業區湧豐廠,2
2_分區,板南廠,2
2_分區,拉亞漢堡安樂門市,2
2_分區,Cama咖啡門市,2
2_分區,南科大廠,2
2_分區,訓地點:八德廠,2
2_分區,花蓮辦事處,2
2_分區,區｜上市公司廠,2
2_分區,半導體設計大廠,2
2_分區,梁社漢兼職門市,2
2_分區,吐司廠,2
2_分區,永和分公司,2
2_分區,中壢分公司,2
2_分區,天母分公司,2
2_分區,韓國分公司,2
2_分區,食藥署基隆港辦事處,2
2_分區,南投分公司,2
2_分區,柳營生技飼料廠,2
2_分區,驗可】ABQ門市,2
2_分區,台北木柵廠,2
2_分區,北市環保局駐廠,2
2_分區,區-龍潭店】門市,2
2_分區,位通訊】手機門市,2
2_分區,台中歐風門市,2
2_分區,永康分公司,2
2_分區,南區區,2
2_分區,一心廠,2
2_分區,N店,2
2_分區,薪210蝦皮門市,2
2_分區,薪269蝦皮門市,2
2_分區,/台南六甲廠,2
2_分區,7-11伊級門市,2
2_分區,名金屬加工大廠,2
2_分區,銷企劃部客戶服務處,2
2_分區,7-11山好門市,2
2_分區,agen永康廠,2
2_分區,服專員｜公部門市,2
2_分區,公部門市,2
2_分區,汽車散熱片大廠,2
2_分區,美商記憶體大廠,2
2_分區,美商玻璃面板廠,2
2_分區,金另計】新竹門市,2
2_分區,知名氣門嘴大廠,2
2_分區,麵】牛孨乾坤門市,2
2_分區,漢堡台中民權門市,2
2_分區,台南柳營廠,2
2_分區,台南仁德廠,2
2_分區,雲科廠/嘉義廠,2
2_分區,外商記憶體大廠,2
2_分區,南科駐廠,2
2_分區,水族部門市,2
2_分區,新嘉勝門市,2
2_分區,桃園門市,2
2_分區,朝馬店_保養廠,2
2_分區,永康店｜服務廠,2
2_分區,烘焙門市,2
2_分區,屏東縣長治鄉廠,2
2_分區,全球藥局ˍ門市,2
2_分區,高雄楠梓廠,2
2_分區,區🌸蝦皮智取門市,2
2_分區,班彈性】南投門市,2
2_分區,】ABC苗栗門市,2
2_分區,金另計】新北門市,2
2_分區,培訓門市,2
2_分區,工地、廠,2
2_分區,雙北13間門市,2
2_分區,南科偏光板大廠,2
2_分區,2.百貨門市,2
2_分區,環保廠,2
2_分區,誠徵科技廠,2
2_分區,Dutti門市,2
2_分區,萬－大溪康莊門市,2
2_分區,85K起__門市,2
2_分區,基隆分公司,2
2_分區,東台廠,2
2_分區,_知名設備大廠,2
2_分區,竹科聯詠】駐廠,2
2_分區,部/中壢龍岡廠,2
2_分區,牛孨乾坤門市,2
2_分區,屏南廠,2
2_分區,萬－桃園南平門市,2
2_分區,◆全新門市,2
2_分區,伸東門市,2
2_分區,團-台北天母分店,2
2_分區,七彩雲南金陵門市,2
2_分區,七彩雲南龍潭門市,2
2_分區,七彩雲南忠貞門市,2
2_分區,大肚PC廠,2
2_分區,嘉義太保廠,2
2_分區,車資深技師&門市,2
2_分區,宜蘭廣興廠,2
2_分區,行政廠,2
2_分區,外商廠,2
2_分區,朔膠射出廠,2
2_分區,P7廠,2
2_分區,洗衣廠廠,2
2_分區,晚班)-高雄分公司,2
2_分區,工程師-竹北廠,2
2_分區,立專案/優質廠,2
2_分區,台泥-和平廠,2
2_分區,24022-廠,2
2_分區,工程師｜林口廠,2
2_分區,南科廠,2
2_分區,部-蔬果截切廠,2
2_分區,仁德洗衣廠,2
2_分區,平鎮服務廠,2
2_分區,員《西藥製藥廠,2
2_分區,S2A廠,2
2_分區,夜班廠,2
2_分區,】大園區：工廠,2
2_分區,區東園路：工廠,2
2_分區,竹東服務廠,2
2_分區,汽車新莊服務廠,2
2_分區,汽車北投服務廠,2
2_分區,岡山服務廠,2
2_分區,台南三廠,2
2_分區,日美廠,2
2_分區,工程類-湖口廠,2
2_分區,煉鋼廠,2
2_分區,_通訊產品大廠,2
2_分區,eer｜林口廠,2
2_分區,-歡迎直接至門市,2
2_分區,溪湖廠,2
2_分區,名日商電器大廠,2
2_分區,中工業區科技廠,2
2_分區,修人員-中彰廠,2
2_分區,松山分公司,2
2_分區,中正分公司,2
2_分區,早/晚班】門市,2
2_分區,的首選-直營門市,2
2_分區,管_連接器大廠,2
2_分區,彰濱二廠,2
2_分區,潮音廠,2
2_分區,台哥大客服門市,2
2_分區,沙鹿鎮,2
2_分區,a館,2
2_分區,-三重中央工廠,2
2_分區,E廠,2
2_分區,店經理】濟南門市,2
2_分區,瑞昱竹北生醫廠,2
2_分區,PCB上市大廠,2
2_分區,駐台哥大直營門市,2
2_分區,輪班)-高雄分公司,2
2_分區,龍潭服務廠,2
2_分區,苑裡服務廠,2
2_分區,淡水廠,2
2_分區,永華門市,2
2_分區,台南六甲廠,2
2_分區,_金屬製品大廠,2
2_分區,－亞洲生產廠,2
2_分區,南科科技廠,2
2_分區,大崗服務廠,2
2_分區,園渴望園區】廠,2
2_分區,】廠,2
2_分區,1-LDS駐廠,2
2_分區,理_連接器大廠,2
2_分區,嘉義服務處,2
2_分區,4.1萬起』門市,2
2_分區,_知名機電大廠,2
2_分區,理貨員⭐冷氣廠,2
2_分區,基隆廠,2
2_分區,工業區】科技廠,2
2_分區,業六路】科技廠,2
2_分區,員-美光桃園廠,2
2_分區,士林區門市,2
2_分區,中清分公司,2
2_分區,中壢駐廠,2
2_分區,公司-泰語駐廠,2
2_分區,科學園區科技廠,2
2_分區,建國廠,2
2_分區,亞灣廠,2
2_分區,博愛廠,2
2_分區,北屏廠,2
2_分區,桃鶯服務廠,2
2_分區,瑞豐廠,2
2_分區,右昌廠,2
2_分區,三多廠,2
2_分區,汽車MG大里廠,2
2_分區,混凝土廠,2
2_分區,-台積電新建廠,2
2_分區,八德廠,2
2_分區,汽車MG南投廠,2
2_分區,雙和分公司,2
2_分區,農科廠,2
2_分區,名醫療器材大廠,2
2_分區,台北辦事處,2
2_分區,_IC設計大廠,2
2_分區,anager門市,2
2_分區,_台中老虎城門市,2
2_分區,_晶圓代工大廠,2
2_分區,南屯市,2
2_分區,11廠,2
2_分區,經理_環保大廠,2
2_分區,安南廠,2
2_分區,五權廠,2
2_分區,汽車MG員林廠,2
2_分區,_知名電子大廠,2
2_分區,台中光電廠,2
2_分區,，近龜山造幣廠,2
2_分區,維修廠廠,2
2_分區,管_工具機大廠,2
2_分區,】美商科技大廠,2
2_分區,屏東一廠,2
2_分區,工業區)科技廠,2
2_分區,-知名電梯大廠,2
2_分區,潮州區,2
2_分區,00徵觀音電廠,2
2_分區,_知名通訊大廠,2
2_分區,_金屬零件大廠,2
2_分區,嘉義民雄店-門市,2
2_分區,嘉義朴子店-門市,2
2_分區,和美廠,2
2_分區,區》南科科技廠,2
2_分區,北港區,2
2_分區,啡廳餐飲外場門市,2
2_分區,臺東辦事處,2
2_分區,_電子代工大廠,2
2_分區,桃二廠,2
2_分區,景碩科技新豐廠,2
2_分區,大雅區-科技廠,2
2_分區,支援新竹科技廠,2
2_分區,中壢服務廠,2
2_分區,南新竹服務廠,2
2_分區,澄清廠,2
2_分區,美食達人台北分公司,2
2_分區,知名工具機大廠,2
2_分區,系統櫃工廠,2
2_分區,台南科技大廠,2
2_分區,金馬店_保養廠,2
2_分區,松江店_保養廠,2
2_分區,員林店_保養廠,2
2_分區,蘆洲店_保養廠,2
2_分區,林口店_保養廠,2
2_分區,宜蘭店_保養廠,2
2_分區,嘉義店_保養廠,2
2_分區,桃園店_保養廠,2
2_分區,中興店_保養廠,2
2_分區,#多廠,2
2_分區,遠傳客服門市,2
2_分區,6個月*-原廠,2
2_分區,包子-中央工廠,2
2_分區,天有工作.工廠,2
2_分區,中壢工廠,2
2_分區,部｜直播主/廠,2
2_分區,［南港機廠,2
2_分區,隊派駐科技大廠,2
2_分區,生物製劑廠廠,2
2_分區,現場廠,2
2_分區,中區分公司,2
2_分區,區三路：科技廠,2
2_分區,金鞍龍潭廠,2
2_分區,TA彰化花壇廠,2
2_分區,YOTA員林廠,2
2_分區,A01-門市,2
2_分區,日商空調大廠,2
2_分區,0~220】門市,2
2_分區,市公司中壢新廠,2
2_分區,玉井,2
2_分區,部-肉品加工廠,2
2_分區,公司開發部】門市,2
2_分區,文書行政門市,2
2_分區,迷你倉–南港門市,2
2_分區,D穿洞日常】門市,2
2_分區,安南區廠,2
2_分區,_知名光學大廠,2
2_分區,頭橋廠,2
2_分區,方寵物南屯店門市,2
2_分區,_健身器材大廠,2
2_分區,理_印表機大廠,2
2_分區,/資深門市,2
2_分區,彰化服務處,2
2_分區,內門,2
2_分區,台積電F22廠,2
2_分區,F22廠,2
2_分區,物流部-廠,2
2_分區,管專員-鮮食廠,2
2_分區,員-安平營運廠,2
2_分區,電力自動化大廠,2
2_分區,區科技七路工廠,2
2_分區,徵日夜工廠,2
2_分區,桃園區科技工廠,2
2_分區,服事業群北區服務處,2
2_分區,金屬廠,2
2_分區,Amway】門市,2
2_分區,知名加油站大廠,2
2_分區,女裝門市,1
2_分區,五金賣場門市,1
2_分區,清潔廠,1
2_分區,北車微風廣場門市,1
2_分區,服飾門市,1
2_分區,7-11旭豐門市,1
2_分區,熱烈籌備中】門市,1
2_分區,特賣會門市,1
2_分區,灣大哥大直營門市,1
2_分區,製膜二廠,1
2_分區,幼獅工業區】廠,1
2_分區,VE桃園華泰門市,1
2_分區,麟洛－食品大廠,1
2_分區,信封廠,1
2_分區,正職-上市大廠,1
2_分區,E台北大巨蛋門市,1
2_分區,】中壢科技大廠,1
2_分區,工業區製藥大廠,1
2_分區,週休二日｜擴廠,1
2_分區,麟洛-食品大廠,1
2_分區,柳營水產飼料廠,1
2_分區,工作站、冷氣廠,1
2_分區,知名泡麵大廠,1
2_分區,中園廠,1
2_分區,台南滅菌廠,1
2_分區,三結廠,1
2_分區,半導體機台大廠,1
2_分區,式餐飲集團】廠,1
2_分區,)公司_台南廠,1
2_分區,)公司_新竹廠,1
2_分區,鶯歌廠,1
2_分區,美廉社】門市,1
2_分區,統一超商福百門市,1
2_分區,平鎮區/光電廠,1
2_分區,cina南西門市,1
2_分區,雄小港)早班門市,1
2_分區,品-台南高鐵門市,1
2_分區,SPORT)門市,1
2_分區,.藥師助理/門市,1
2_分區,新店分店,1
2_分區,傳桃園大竹二門市,1
2_分區,經驗可】藥局門市,1
2_分區,台化連鎖藥局門市,1
2_分區,藥師門市,1
2_分區,后里門市,1
2_分區,大甲門市,1
2_分區,淡水英專門市,1
2_分區,大雅區工廠,1
2_分區,統一超商景茂門市,1
2_分區,-仁雄登發】門市,1
2_分區,7-11圓武門市,1
2_分區,7-11茂源門市,1
2_分區,店忠誠店早班門市,1
2_分區,盟店-大夜班門市,1
2_分區,高雄豐強店-門市,1
2_分區,超商夥伴！🌟門市,1
2_分區,商店徵早班-門市,1
2_分區,-11九曲堂門市,1
2_分區,統一超商成商門市,1
2_分區,7-11逢仁門市,1
2_分區,車頭加盟店徵門市,1
2_分區,門市櫃台/門市,1
2_分區,華電信】特約門市,1
2_分區,和⭕知名光電廠,1
2_分區,老牌拉鍊廠,1
2_分區,統一超商汐德門市,1
2_分區,文雅店】直營門市,1
2_分區,溪口店】直營門市,1
2_分區,中華店】直營門市,1
2_分區,軍輝店】直營門市,1
2_分區,日商輪胎大廠,1
2_分區,朵拉⛅新屋新廠,1
2_分區,梅幼獅物流大廠,1
2_分區,理專員-鮮食廠,1
2_分區,總公司：保養廠,1
2_分區,新工業店早班門市,1
2_分區,餐具門市,1
2_分區,新竹市-新竹營業所,1
2_分區,_檢測設備大廠,1
2_分區,加奬金)彰化分公司,1
2_分區,氣首選✨冷氣廠,1
2_分區,供餐❤️冷氣廠,1
2_分區,急徵】工廠,1
2_分區,觀音上市電子廠,1
2_分區,義大利商大廠,1
2_分區,交易員-桃園分公司,1
2_分區,高雄)儲備門市,1
2_分區,半導體封裝大廠,1
2_分區,徵◆擴大徵才門市,1
2_分區,s百貨專櫃/門市,1
2_分區,竹東營業所,1
2_分區,龜山營業所,1
2_分區,桃鶯營業所,1
2_分區,品牌松菸誠品門市,1
2_分區,知名上市電子廠,1
2_分區,啦‼️大園新廠,1
2_分區,卡位｜鴻海新廠,1
2_分區,1K韓國歐巴廠,1
2_分區,❥全新乾淨大廠,1
2_分區,利班/知名大廠,1
2_分區,🌈蘆竹空調大廠,1
2_分區,️知名食品大廠,1
2_分區,‼️觀音電子廠,1
2_分區,嘉義高薪食品廠,1
2_分區,急徵】門市,1
2_分區,德-半山夢工廠,1
2_分區,林店加盟店徵門市,1
2_分區,專職門市,1
2_分區,嘉新加盟店徵門市,1
2_分區,7-11鹽行門市,1
2_分區,人員-仟翔門市,1
2_分區,全家晚班門市,1
2_分區,店彰化前站店門市,1
2_分區,早晚班PT門市,1
2_分區,利商店建國店門市,1
2_分區,利商店後站店門市,1
2_分區,利商店金泰店門市,1
2_分區,商店白沙坑店門市,1
2_分區,利商店林森店門市,1
2_分區,商店芬園全家門市,1
2_分區,上楓樹門市,1
2_分區,利商店前站店門市,1
2_分區,豐春門市,1
2_分區,早晚班門市,1
2_分區,早／晚班門市,1
2_分區,7_11觀林門市,1
2_分區,7-11和金門市,1
2_分區,鑫廣門市,1
2_分區,豐采門市,1
2_分區,澤康門市,1
2_分區,全家蓮潭門市,1
2_分區,《早班》超商門市,1
2_分區,逢貿門市,1
2_分區,鑫楷門市,1
2_分區,統一超商隆陞門市,1
2_分區,，大夜，早班門市,1
2_分區,向上門市,1
2_分區,鑫康門市,1
2_分區,7-11易京門市,1
2_分區,中和-光電大廠,1
2_分區,派駐台糖材料廠,1
2_分區,和站】光電大廠,1
2_分區,★五股醫材大廠,1
2_分區,簡易沙拉食品廠,1
2_分區,️加入電子大廠,1
2_分區,GPS電子大廠,1
2_分區,⭐冷氣廠,1
2_分區,加盟店-晚班門市,1
2_分區,豐原區】直營門市,1
2_分區,7-11勤美門市,1
2_分區,售公司-新竹門市,1
2_分區,軍青鯤鯓大夜門市,1
2_分區,九和店）早班門市,1
2_分區,龜山】門市,1
2_分區,陽二店】直營門市,1
2_分區,統一超商海正門市,1
2_分區,1土城區城林門市,1
2_分區,1土城區清和門市,1
2_分區,關聯門市,1
2_分區,7-11和安門市,1
2_分區,七老爺門市,1
2_分區,金寶店-門市,1
2_分區,民善店】門市,1
2_分區,-11金順利門市,1
2_分區,7-11金磚門市,1
2_分區,晚班)彩券門市,1
2_分區,7-11玉成門市,1
2_分區,s/台北榮總門市,1
2_分區,台北西寧店】門市,1
2_分區,超商中班雅玥門市,1
2_分區,義市區】直營門市,1
2_分區,忠孝店】直營門市,1
2_分區,員-台中北屯門市,1
2_分區,7-11正職門市,1
2_分區,民善店】兼職門市,1
2_分區,超商)寶山街門市,1
2_分區,超商水上門市,1
2_分區,加盟店徵大夜門市,1
2_分區,安定海寮門市,1
2_分區,統一超商長坑門市,1
2_分區,嘉雅中班正職門市,1
2_分區,徵大夜班門市,1
2_分區,鹿港金寶店-門市,1
2_分區,超商大夜班門市,1
2_分區,7-11采鋺門市,1
2_分區,統一超商廣昌門市,1
2_分區,安店加盟店徵門市,1
2_分區,保人員｜冷氣廠,1
2_分區,力🤍光電大廠,1
2_分區,化工廠,1
2_分區,_塑膠零件大廠,1
2_分區,空調廠,1
2_分區,可培訓｜林口廠,1
2_分區,証統廠,1
2_分區,每周二、四☀廠,1
2_分區,電腦組裝的工廠,1
2_分區,台中龍井分公司,1
2_分區,)公司_苗栗廠,1
2_分區,)公司_士林廠,1
2_分區,《中央工廠,1
2_分區,楊梅大廠,1
2_分區,美商自動化原廠,1
2_分區,台南電商大廠,1
2_分區,7-11崙背門市,1
2_分區,商正職大夜班門市,1
2_分區,晚班）門市,1
2_分區,統一超商全鎮門市,1
2_分區,售人員-青海門市,1
2_分區,區)統一超商門市,1
2_分區,鹽忠門市,1
2_分區,保成門市,1
2_分區,7-11米奇門市,1
2_分區,班美濃區正職門市,1
2_分區,山區晚班超商門市,1
2_分區,業區🍜麵食大廠,1
2_分區,工業區/食品廠,1
2_分區,取☀每周安排廠,1
2_分區,選3天☀冷氣廠,1
2_分區,市物流/冷氣廠,1
2_分區,竹-冷氣物流廠,1
2_分區,★➤蔬果廠,1
2_分區,】西點工廠,1
2_分區,)公司_新營廠,1
2_分區,外派東南亞廠,1
2_分區,Q💖中壢食品廠,1
2_分區,業區知名零食廠,1
2_分區,素食廠,1
2_分區,二日）-龍潭廠,1
2_分區,豐彩科工廠,1
2_分區,竹北分公司,1
2_分區,上班地點鶯歌廠,1
2_分區,】上市光電大廠,1
2_分區,經驗可-冷氣廠,1
2_分區,專櫃/門市,1
2_分區,北斗遠傳電信門市,1
2_分區,板橋店門市,1
2_分區,澄清營業所,1
2_分區,大崗營業所,1
2_分區,北投營業所,1
2_分區,新莊營業所,1
2_分區,南中壢營業所,1
2_分區,英倫MG新莊營業所,1
2_分區,MG汽車林口營業所,1
2_分區,大中營業所,1
2_分區,MG內湖營業所,1
2_分區,MG中和營業所,1
2_分區,*專品藥局全門市,1
2_分區,民生店)門市,1
2_分區,信義店)門市,1
2_分區,名電信】直營門市,1
2_分區,南部區,1
2_分區,包裝員/冷氣廠,1
2_分區,觀音食品廠,1
2_分區,蘇澳鎮零食大廠,1
2_分區,‼️觀音全新廠,1
2_分區,金屬加工製造廠,1
2_分區,／平鎮電子大廠,1
2_分區,你不加｜冷氣廠,1
2_分區,智能手錶大廠,1
2_分區,首選✨中壢新廠,1
2_分區,區高薪光電大廠,1
2_分區,✿內衣銷售門市,1
2_分區,早、中、晚班門市,1
2_分區,✦門市,1
2_分區,止光明店午班門市,1
2_分區,7-11集成門市,1
2_分區,7-11政戰門市,1
2_分區,店_早班正職門市,1
2_分區,店_午班正職門市,1
2_分區,詠富門市,1
2_分區,上市櫃電子大廠,1
2_分區,口光纖通訊大廠,1
2_分區,！中英日韓-門市,1
2_分區,7-11庚運門市,1
2_分區,嘉義區】門市,1
2_分區,依居住地鄰近門市,1
2_分區,7-11海王門市,1
2_分區,保義店】直營門市,1
2_分區,中庄店】直營門市,1
2_分區,員/永康食品廠,1
2_分區,20元#食品廠,1
2_分區,首選✨平鎮大廠,1
2_分區,萬丹廠,1
2_分區,鹽埔廠,1
2_分區,選✨平鎮AI廠,1
2_分區,五股電子大廠,1
2_分區,"免學歷,冷氣廠",1
2_分區,X隱形眼鏡工廠,1
2_分區,R輪班🧸冷氣廠,1
2_分區,手機殼大廠,1
2_分區,聯⭐光電大廠,1
2_分區,🏆️夢想電子廠,1
2_分區,四廠,1
2_分區,-11新洛華門市,1
2_分區,楠梓區-楠鎮門市,1
2_分區,全家便利超商門市,1
2_分區,系鐘錶品牌】門市,1
2_分區,7–11鳳甲門市,1
2_分區,SOGO忠孝門市,1
2_分區,統一超商假日門市,1
2_分區,文科店)晚班門市,1
2_分區,新興店)晚班門市,1
2_分區,伸港新港店）門市,1
2_分區,超商早班兼職門市,1
2_分區,右昌店門市,1
2_分區,7-11鹿野門市,1
2_分區,517-門市,1
2_分區,桃園統領門市,1
2_分區,台北車站店】門市,1
2_分區,➤✦門市,1
2_分區,手機配件門市,1
2_分區,梓聖門市,1
2_分區,統一超商廣大門市,1
2_分區,統一超商正莊門市,1
2_分區,】暑期兼職/門市,1
2_分區,人員-迪化街門市,1
2_分區,售人員-自強門市,1
2_分區,展間門市,1
2_分區,售助理】需有門市,1
2_分區,北嶺門市,1
2_分區,頂崁門市,1
2_分區,店＞3C產品門市,1
2_分區,專賣店_北新門市,1
2_分區,專賣店_圓山門市,1
2_分區,新店中山門市,1
2_分區,SOGO百貨門市,1
2_分區,工九路日班工廠,1
2_分區,鏈再生晶圓大廠,1
2_分區,包裝員-烘焙廠,1
2_分區,I導航手錶大廠,1
2_分區,食品大廠,1
2_分區,柚木家具門市,1
2_分區,高雄大立百貨門市,1
2_分區,JINS｜門市,1
2_分區,畫｜挑戰全台門市,1
2_分區,es)-八德廠,1
2_分區,新二店】直營門市,1
2_分區,統一超商勝福門市,1
2_分區,鼓山臨海晚班門市,1
2_分區,】早班，晚班門市,1
2_分區,澳發明館早班門市,1
2_分區,新光三越左營門市,1
2_分區,牌)_食品大廠,1
2_分區,浙江廠,1
2_分區,五股高亞店「門市,1
2_分區,317)中工廠,1
2_分區,新店營業所,1
2_分區,倉管-五股工廠,1
2_分區,莎咖啡-嘉豐門市,1
2_分區,理_新竹巨城門市,1
2_分區,商品部–門市,1
2_分區,敏盛門市,1
2_分區,蜜-忠孝店】門市,1
2_分區,中壢夯食品大廠,1
2_分區,🥗中壢生鮮大廠,1
2_分區,工業區】食品廠,1
2_分區,市大安區敦南分公司,1
2_分區,市楠梓區楠梓分公司,1
2_分區,市鳳山區鳳山分公司,1
2_分區,義市西區嘉義分公司,1
2_分區,市前金區高雄分公司,1
2_分區,勤人員-中港分公司,1
2_分區,市新莊區新莊分公司,1
2_分區,縣潮州鎮潮州分公司,1
2_分區,市麻豆區麻豆分公司,1
2_分區,🌟桃園美光廠,1
2_分區,肉品包裝廠,1
2_分區,H-😍食品廠,1
2_分區,務助理-路竹廠,1
2_分區,林】知名科技廠,1
2_分區,/出納-博賢廠,1
2_分區,計人員-溪湖廠,1
2_分區,購助理-鮮食廠,1
2_分區,中港分公司,1
2_分區,昌平廠,1
2_分區,斗六工廠,1
2_分區,急徵〝新店區廠,1
2_分區,周休★食品工廠,1
2_分區,徵-小港區工廠,1
2_分區,南區日夜班工廠,1
2_分區,]🎉楠梓科技廠,1
2_分區,冰涼一夏，冰廠,1
2_分區,龜山冰淇淋大廠,1
2_分區,劃師_汽車大廠,1
2_分區,五金廠廠,1
2_分區,鹿港彰濱-廠,1
2_分區,挑戰高獎金-門市,1
2_分區,費供餐、空調廠,1
2_分區,0/H🎊冷氣廠,1
2_分區,💕大溪💕光學廠,1
2_分區,食品調理廠,1
2_分區,下，全聯配合廠,1
2_分區,岡山廠/彌陀廠,1
2_分區,『食品工廠,1
2_分區,路科廠,1
2_分區,休二日┃科技廠,1
2_分區,兼職）～林口廠,1
2_分區,\老牌食品大廠,1
2_分區,石碇門市,1
2_分區,信義鄉,1
2_分區,左鎮區,1
2_分區,南化區,1
2_分區,通霄鎮,1
2_分區,甲仙區,1
2_分區,杉林區,1
2_分區,茂林區,1
2_分區,桃源區,1
2_分區,場紀念商品店門市,1
2_分區,11店,1
2_分區,7-11幸福門市,1
2_分區,家阿蓮雙蓮店門市,1
2_分區,羅東中榮店徵門市,1
2_分區,東元店-早班門市,1
2_分區,縣政店-早班門市,1
2_分區,縣政店-中班門市,1
2_分區,頭橋工廠,1
2_分區,大同區晚班門市,1
2_分區,7-11鳳甲門市,1
2_分區,7-11超商門市,1
2_分區,7-11集美門市,1
2_分區,基隆地區】門市,1
2_分區,便利商店晚班門市,1
2_分區,士林超商-門市,1
2_分區,_消費電子大廠,1
2_分區,裕隆城門市,1
2_分區,壓克力板材大廠,1
2_分區,淡水竹圍門市,1
2_分區,電動車門市,1
2_分區,牌-信義區-門市,1
2_分區,湖一街日班工廠,1
2_分區,北斗區,1
2_分區,_化學製品大廠,1
2_分區,蔬食餐飲連鎖門市,1
2_分區,當_左營自由門市,1
2_分區,左營重愛門市,1
2_分區,員_五股DC廠,1
2_分區,臨場廠,1
2_分區,斗南廠-廠,1
2_分區,南投廠廠,1
2_分區,東港區,1
2_分區,壢手錶零件大廠,1
2_分區,五股知名電子廠,1
2_分區,六日見紅休✅廠,1
2_分區,東山廠,1
2_分區,中壢通基廠,1
2_分區,潮州門市,1
2_分區,六發門市,1
2_分區,全家早班門市,1
2_分區,-歸仁保興店門市,1
2_分區,石店全家正職門市,1
2_分區,技光學/冷氣廠,1
2_分區,電子工廠,1
2_分區,湖內區晚班工廠,1
2_分區,-路竹地區工廠,1
2_分區,阿蓮區工廠,1
2_分區,員🌟冷氣房🌟廠,1
2_分區,有供餐｜電子廠,1
2_分區,土雞加工廠,1
2_分區,新莊區-廠,1
2_分區,園市南崁區-廠,1
2_分區,園市觀音區-廠,1
2_分區,園市大園區-廠,1
2_分區,頂湖路夜班工廠,1
2_分區,亞園區外商大廠,1
2_分區,AI伺服器大廠,1
2_分區,園市新屋區-廠,1
2_分區,壢區月桃路工廠,1
2_分區,達利思信用卡廠,1
2_分區,🌟不需到廠,1
2_分區,大雅運動器材廠,1
2_分區,桃園信義路工廠,1
2_分區,民富路三段工廠,1
2_分區,草屯工廠,1
2_分區,)公司_小港廠,1
2_分區,)公司_仁武廠,1
2_分區,統一超商德倉門市,1
2_分區,7-11善良門市,1
2_分區,松山超商晚班門市,1
2_分區,旅順路門市,1
2_分區,區早班超商-門市,1
2_分區,區超商晚班-門市,1
2_分區,-11大夜班門市,1
2_分區,大夜班-門市,1
2_分區,專員_氣體大廠,1
2_分區,購專員-鮮食廠,1
2_分區,7-11喜福門市,1
2_分區,統一超商喜福門市,1
2_分區,中部地區_門市,1
2_分區,歸仁正權門市,1
2_分區,+歸仁六發門市,1
2_分區,松山區-門市,1
2_分區,統一超商夜班門市,1
2_分區,松山超商-門市,1
2_分區,PT門市,1
2_分區,-11太麻里門市,1
2_分區,彩券行假日門市,1
2_分區,止光明店早班門市,1
2_分區,1樸隱、麗騰門市,1
2_分區,7-11三井門市,1
2_分區,ZARA門市,1
2_分區,台中老虎城門市,1
2_分區,楠梓店-晚班門市,1
2_分區,7-11華民門市,1
2_分區,崇德路中晚班門市,1
2_分區,桂安門市,1
2_分區,學愛門市,1
2_分區,學興門市,1
2_分區,工店)–晚班門市,1
2_分區,理師_光電大廠,1
2_分區,早/中班】門市,1
2_分區,台北南京門市,1
2_分區,7-11海正門市,1
2_分區,家吉安宜安店門市,1
2_分區,-早班門市,1
2_分區,_門市,1
2_分區,東義店】直營門市,1
2_分區,自強店】直營門市,1
2_分區,利商店-早班門市,1
2_分區,義文化公園/門市,1
2_分區,區宜珍齋專櫃門市,1
2_分區,工業型食品工廠,1
2_分區,超商晚班松山門市,1
2_分區,超商早嘉雅門市,1
2_分區,新嘉家門市,1
2_分區,利商店-夜班門市,1
2_分區,7-11敦南門市,1
2_分區,-11新學府門市,1
2_分區,7-11伸中門市,1
2_分區,班，士林超商門市,1
2_分區,全家善化啤酒門市,1
2_分區,橋頭糖廠,1
2_分區,店-假日晚班門市,1
2_分區,店-假日早班門市,1
2_分區,環中門市,1
2_分區,中央門市,1
2_分區,10-18）門市,1
2_分區,店彰化後站店門市,1
2_分區,店彰化金泰店門市,1
2_分區,花壇白沙坑店門市,1
2_分區,店彰化林森店門市,1
2_分區,店芬園金馬店門市,1
2_分區,新新甲門市,1
2_分區,月光5店大夜門市,1
2_分區,5店,1
2_分區,玉田加盟店徵門市,1
2_分區,青文門市,1
2_分區,商15-23門市,1
2_分區,管_不銹鋼大廠,1
2_分區,理_知名大藥廠,1
2_分區,統一超商新德門市,1
2_分區,馥樺門市,1
2_分區,早晚門市,1
2_分區,金店加盟店徵門市,1
2_分區,鋁合金壓鑄大廠,1
2_分區,店徵代班大夜門市,1
2_分區,帝⭐韓國大廠,1
2_分區,日用品品牌/門市,1
2_分區,中野安全帽門市,1
2_分區,全家京承門市,1
2_分區,統一超商蓮昌門市,1
2_分區,11超商冬山門市,1
2_分區,一超商科技城門市,1
2_分區,晚班超市門市,1
2_分區,長州門市,1
2_分區,機會多⸝可到廠,1
2_分區,內湖區門市,1
2_分區,大墩門市,1
2_分區,吧台/門市,1
2_分區,大安區門市,1
2_分區,板橋區門市,1
2_分區,南中分公司,1
2_分區,✅化學材料工廠,1
2_分區,苑裡門市,1
2_分區,大雅遠傳門市,1
2_分區,五分埔衣玥門市,1
2_分區,超市西屯店』門市,1
2_分區,大果門市,1
2_分區,利商店－正職門市,1
2_分區,加盟店大麗花門市,1
2_分區,統一超商中圳門市,1
2_分區,導覽門市,1
2_分區,】晚班門市,1
2_分區,加盟店】中班門市,1
2_分區,t《北北基》門市,1
2_分區,山和門市,1
2_分區,rt《南港》門市,1
2_分區,內湖區】直營門市,1
2_分區,和峰門市,1
2_分區,/石碇】直營門市,1
2_分區,五權門市,1
2_分區,)誠徵晚班門市,1
2_分區,】GAP全職門市,1
2_分區,讀生｜北中南門市,1
2_分區,全家大夜門市,1
2_分區,統一超商晚班門市,1
2_分區,Ｏ卡桑＿門市,1
2_分區,三統漢菓子】門市,1
2_分區,林邊分店,1
2_分區,安排住家鄰近分店,1
2_分區,視界】隱眼大廠,1
2_分區,新北瑞芳廠,1
2_分區,楊梅理貨冷氣廠,1
2_分區,全方位培訓，廠,1
2_分區,觀音大廠,1
2_分區,嘉義物流大廠,1
2_分區,信】三峽文化門市,1
2_分區,信】蘆洲民族門市,1
2_分區,16店,1
2_分區,〗鮮食廠,1
2_分區,E可直接安排廠,1
2_分區,桃園授權經銷門市,1
2_分區,新竹授權經銷門市,1
2_分區,苑裡區,1
2_分區,薪4.5萬】門市,1
2_分區,購◆美廉社☛門市,1
2_分區,統一超商青文門市,1
2_分區,便利商店早班門市,1
2_分區,龍井國際店】門市,1
2_分區,龍井東海店】門市,1
2_分區,CAD製圖兼廠,1
2_分區,林森門市,1
2_分區,冰淇淋製作門市,1
2_分區,中山門市,1
2_分區,大祐珠寶桃園門市,1
2_分區,店飲料吧台暨門市,1
2_分區,所-台北萬華門市,1
2_分區,三民門市,1
2_分區,智富門市,1
2_分區,tylink門市,1
2_分區,啡-微風南山門市,1
2_分區,啡-內湖成功門市,1
2_分區,全興廠-廠,1
2_分區,神岡社口遠傳門市,1
2_分區,集美門市,1
2_分區,統一超商港興門市,1
2_分區,左營區】直營門市,1
2_分區,時薪200】門市,1
2_分區,電信直營門市,1
2_分區,7-11樂善門市,1
2_分區,、晚、大夜班門市,1
2_分區,彩券行門市,1
2_分區,利超商/禾順門市,1
2_分區,品批發-晚班門市,1
2_分區,膜、銷售配件門市,1
2_分區,高雄五福門市,1
2_分區,日班門市,1
2_分區,早班正職門市,1
2_分區,台南西門門市,1
2_分區,萬華青年公園門市,1
2_分區,南港區門市,1
2_分區,中山區門市,1
2_分區,合作門市,1
2_分區,早晚班兼職門市,1
2_分區,晚班兼職門市,1
2_分區,包膜.維修x門市,1
2_分區,埔心廠,1
2_分區,中壢區樂器門市,1
2_分區,7-11學城門市,1
2_分區,7-11港達門市,1
2_分區,統一超商明峰門市,1
2_分區,美廉社｜門市,1
2_分區,商-日班兼職門市,1
2_分區,統一超商紘遠門市,1
2_分區,碧湖門市,1
2_分區,平鎮區日班工廠,1
2_分區,外埔工廠,1
2_分區,全興污水廠,1
2_分區,4.7萬起』門市,1
2_分區,息站+彰化工廠,1
2_分區,！美國網通大廠,1
2_分區,時薪中壢食品廠,1
2_分區,芳苑污水廠,1
2_分區,務_PCB大廠,1
2_分區,市小港區小港分公司,1
2_分區,交易員-忠孝分公司,1
2_分區,交易員-敦南分公司,1
2_分區,理師_汽車大廠,1
2_分區,城中分公司,1
2_分區,交易員-板橋分公司,1
2_分區,交易員-土城分公司,1
2_分區,交易員-內湖分公司,1
2_分區,程師_設備大廠,1
2_分區,_塑膠模具大廠,1
2_分區,名照明設備大廠,1
2_分區,上市公司–駐廠,1
2_分區,記憶體測試大廠,1
2_分區,管_電動車大廠,1
2_分區,_包裝資材大廠,1
2_分區,-11牡丹花門市,1
2_分區,早班工讀門市,1
2_分區,專賣店_中和門市,1
2_分區,7-11峰資門市,1
2_分區,統一超商冬山門市,1
2_分區,7-11早班門市,1
2_分區,7-11中班門市,1
2_分區,澎湖門市,1
2_分區,54-大夜班門市,1
2_分區,mons名床門市,1
2_分區,灣大哥大昌平門市,1
2_分區,工務人員/廠,1
2_分區,中和捷興門市,1
2_分區,旺集瓷_鶯歌門市,1
2_分區,三峽門市,1
2_分區,漢口門市,1
2_分區,興福利店中班門市,1
2_分區,店徵-大夜班門市,1
2_分區,理幹部-鮮食廠,1
2_分區,中壢食品廠,1
2_分區,新化廠,1
2_分區,業員/科技大廠,1
2_分區,商最大記憶體廠,1
2_分區,心)–五股一廠,1
2_分區,樹林廠,1
2_分區,🔥龜山AI大廠,1
2_分區,領薪💕AI大廠,1
2_分區,6🆙💰AI大廠,1
2_分區,高福利食品大廠,1
2_分區,無人機大廠,1
2_分區,觀音新屋廠,1
2_分區,平鎮電子大廠,1
2_分區,大溪信義路工廠,1
2_分區,時薪早班食品廠,1
2_分區,春日路日班工廠,1
2_分區,春日路夜班工廠,1
2_分區,｜美商科技大廠,1
2_分區,花壇廠,1
2_分區,台中市工廠,1
2_分區,園市大園區工廠,1
2_分區,林口區工廠,1
2_分區,銷)_線材大廠,1
2_分區,包裝廠,1
2_分區,安/岡山區工廠,1
2_分區,關西夜班工廠,1
2_分區,雲林斗六區工廠,1
2_分區,林口地區】門市,1
2_分區,-台中崇德】門市,1
2_分區,景賢八門市,1
2_分區,加盟店茉莉花門市,1
2_分區,麥寮六輕廠,1
2_分區,)_電動車大廠,1
2_分區,管_不鏽鋼大廠,1
2_分區,眼鏡-竹科】門市,1
2_分區,山店加盟店徵門市,1
2_分區,全家超商徵門市,1
2_分區,誠徵早、晚班門市,1
2_分區,北店誠徵正職門市,1
2_分區,授權門市,1
2_分區,眼鏡-新市】門市,1
2_分區,樂安晚班正職門市,1
2_分區,081大夜班門市,1
2_分區,主管_紡織大廠,1
2_分區,B)_電腦大廠,1
2_分區,穩定晚班-門市,1
2_分區,動告知欲應徵門市,1
2_分區,超商大夜-門市,1
2_分區,)超商大夜-門市,1
2_分區,超商晚班-門市,1
2_分區,晚班超商-門市,1
2_分區,可)超商葫蘆門市,1
2_分區,台北市區直營門市,1
2_分區,女內衣銷售門市,1
2_分區,健興門市,1
2_分區,六家門市】門市,1
2_分區,青年門市,1
2_分區,賣店_BR4門市,1
2_分區,美禎門市,1
2_分區,遠企店食用品門市,1
2_分區,授權專賣店門市,1
2_分區,台中太平區】門市,1
2_分區,精品門市,1
2_分區,樹溪門市,1
2_分區,佳宏門市,1
2_分區,服飾批發-門市,1
2_分區,夏督門市,1
2_分區,-11漢生東門市,1
2_分區,7-11永裕門市,1
2_分區,花加盟店晚班門市,1
2_分區,-三重三和】門市,1
2_分區,賢和門市,1
2_分區,北屯門市,1
2_分區,眼鏡-宜蘭】門市,1
2_分區,7-11立青門市,1
2_分區,7-11崴正門市,1
2_分區,-11新桃行門市,1
2_分區,7-11永聖門市,1
2_分區,商圈｜服飾店門市,1
2_分區,韓系服飾店門市,1
2_分區,台中市一中門市,1
2_分區,Wang｜門市,1
2_分區,，士林超商-門市,1
2_分區,南港展覽館】門市,1
2_分區,豐田村門市,1
2_分區,作人員-台南廠,1
2_分區,台達化工頭份廠,1
2_分區,台北市南西門市,1
2_分區,高雄岡山秀泰門市,1
2_分區,祥泰門市,1
2_分區,蛋品安定廠,1
2_分區,電腦廠,1
2_分區,新店區廠,1
2_分區,化學公司彰濱廠,1
2_分區,安街-光電大廠,1
2_分區,台南永康廠,1
2_分區,中壢光電廠,1
2_分區,人員)-觀音廠,1
2_分區,正機會✅冷氣廠,1
2_分區,週休二日筆電廠,1
2_分區,作業員#冷氣廠,1
2_分區,錄取⭐️冷氣廠,1
2_分區,蘆竹-海湖-廠,1
2_分區,V蘆竹AI大廠,1
2_分區,新市區工廠,1
2_分區,大溪知名物流廠,1
2_分區,無塵室設備大廠,1
2_分區,記憶體產品大廠,1
2_分區,草屯門市,1
2_分區,彰濱廠、福興廠,1
2_分區,桃園八德橡膠廠,1
2_分區,40元#食品廠,1
2_分區,鎮五星級電子廠,1
2_分區,的快樂｜冷氣廠,1
2_分區,店短期餅乾工廠,1
2_分區,漁人廠,1
2_分區,AI智慧大廠,1
2_分區,店鋪烘焙坊】門市,1
2_分區,特約門市,1
2_分區,斗六西平店-門市,1
2_分區,-11新饒河門市,1
2_分區,員-高雄鳳山門市,1
2_分區,7-11日新門市,1
2_分區,7-11樂有門市,1
2_分區,7-11禾群門市,1
2_分區,7-11龍舟門市,1
2_分區,7-11鶴鳴門市,1
2_分區,170門市,1
2_分區,世紀廣場門市,1
2_分區,Apple門市,1
2_分區,加盟店-早班門市,1
2_分區,店)-大夜班門市,1
2_分區,鳳山市,1
2_分區,市區運動用品門市,1
2_分區,超商晚班門市,1
2_分區,大夜，超商-門市,1
2_分區,晚班，大夜班門市,1
2_分區,家時代廣場店門市,1
2_分區,"職3C,貼膜門市",1
2_分區,-新竹民生】門市,1
2_分區,】Dr.情趣門市,1
2_分區,新北分公司,1
2_分區,主管_化工大廠,1
2_分區,工店)-早班門市,1
2_分區,)-早班工讀門市,1
2_分區,大里店特賣會門市,1
2_分區,新店舖籌備-門市,1
2_分區,土城中山路廠,1
2_分區,德新興加盟店門市,1
2_分區,好雅店徵中班門市,1
2_分區,眼鏡-和美】門市,1
2_分區,薰衣草門市,1
2_分區,吉仕多門市,1
2_分區,7-11大坑門市,1
2_分區,眼鏡-泰山】門市,1
2_分區,眼鏡-麻豆】門市,1
2_分區,北民生東路】門市,1
2_分區,-台北八德】門市,1
2_分區,-三峽北大】門市,1
2_分區,眼鏡-三峽】門市,1
2_分區,-林口文化】門市,1
2_分區,眼鏡-桃鶯】門市,1
2_分區,眼鏡-內湖】門市,1
2_分區,眼鏡-中和】門市,1
2_分區,眼鏡-路竹】門市,1
2_分區,高雄_岡山廠,1
2_分區,中和區捷興門市,1
2_分區,金華門市,1
2_分區,宏國加盟店徵門市,1
2_分區,家超商大夜班門市,1
2_分區,帝寶店]中班門市,1
2_分區,帝寶店]早班門市,1
2_分區,統一超商正職門市,1
2_分區,西屯門市,1
2_分區,明誠門市,1
2_分區,小港門市,1
2_分區,眼鏡-北港】門市,1
2_分區,全家-大夜班門市,1
2_分區,加盟店–桂花門市,1
2_分區,榮玉加盟店徵門市,1
2_分區,售人員-溪湖門市,1
2_分區,金石加盟店徵門市,1
2_分區,一超商新桃行門市,1
2_分區,大灣門市,1
2_分區,麵包連鎖門市,1
2_分區,Sogo店】門市,1
2_分區,務人員-七賢門市,1
2_分區,★門市,1
2_分區,一超商東山河門市,1
2_分區,鹿棋門市,1
2_分區,統一超商強泥門市,1
2_分區,7-11強泥門市,1
2_分區,)寶山街早班門市,1
2_分區,全職門市,1
2_分區,超商早晚班-門市,1
2_分區,蓮縣聯合招募門市,1
2_分區,沅陞門市,1
2_分區,7-11佳昌門市,1
2_分區,勇店晚早晚班門市,1
2_分區,台科店-夜班門市,1
2_分區,ocus百貨門市,1
2_分區,高雄市新田門市,1
2_分區,台東秀泰門市,1
2_分區,台科店-早班門市,1
2_分區,台科店-中班門市,1
2_分區,大橋頭延三】門市,1
2_分區,職人員-龍江門市,1
2_分區,7-11安捷門市,1
2_分區,011大夜班門市,1
2_分區,瑪蘭威士忌酒廠,1
2_分區,韓語導覽銷售門市,1
2_分區,蘭餅礁溪店晚門市,1
2_分區,-高雄夢時代門市,1
2_分區,/蝦皮店到店門市,1
2_分區,動品牌】台北門市,1
2_分區,國街頭潮牌｜門市,1
2_分區,研華科區門市,1
2_分區,7-11龍美門市,1
2_分區,汐止連興門市,1
2_分區,統一超商民真門市,1
2_分區,-高雄茄萣】門市,1
2_分區,新旭勝門市,1
2_分區,班者佳新旭勝門市,1
2_分區,家便利商店)門市,1
2_分區,板橋地區】門市,1
2_分區,士林超商門市,1
2_分區,湖大全聯店】門市,1
2_分區,朴子門市,1
2_分區,保新門市,1
2_分區,信義地區】門市,1
2_分區,南港地區】門市,1
2_分區,朴站門市,1
2_分區,三峽地區】門市,1
2_分區,7-11央大門市,1
2_分區,班正職_太隆門市,1
2_分區,/夜班_太隆門市,1
2_分區,1晚班_太隆門市,1
2_分區,-11研華科門市,1
2_分區,內湖地區】門市,1
2_分區,新莊地區】門市,1
2_分區,士林地區】門市,1
2_分區,中正地區】門市,1
2_分區,中山地區】門市,1
2_分區,大安地區】門市,1
2_分區,中壢SOGO門市,1
2_分區,新北市蘆洲門市,1
2_分區,台中市逢甲門市,1
2_分區,家大雅楓林店門市,1
2_分區,竹北店食用品門市,1
2_分區,阿蓮門市,1
2_分區,大電信-東海門市,1
2_分區,統一超商麗寶門市,1
2_分區,統一超商佰三門市,1
2_分區,水族用品門市,1
2_分區,TT4FUN門市,1
2_分區,台北地區門市,1
2_分區,北投蝦皮智取門市,1
2_分區,表]台中東勢門市,1
2_分區,統一超商文安門市,1
2_分區,中市漢神洲際門市,1
2_分區,大同地區】門市,1
2_分區,台南旗艦門市,1
2_分區,義市嘉義中山門市,1
2_分區,-11大麗花門市,1
2_分區,南京東路門市,1
2_分區,284門市,1
2_分區,】女性內著✿門市,1
2_分區,兼職/門市,1
2_分區,道-里港中山門市,1
2_分區,/台北大巨蛋門市,1
2_分區,道-屏東驛站門市,1
2_分區,道-仁武仁雄門市,1
2_分區,道-嘉義文化門市,1
2_分區,生鮮處理廠,1
2_分區,士元加油機廠,1
2_分區,台南車廠,1
2_分區,前鎮BMW駐廠,1
2_分區,區-平鎮保修廠,1
2_分區,/封裝測試大廠,1
2_分區,京站門市,1
2_分區,-工業土地、廠,1
2_分區,~擴廠徵才~廠,1
2_分區,城光泉經銷商營業所,1
2_分區,輪三班/仁德廠,1
2_分區,窗半技工/工廠,1
2_分區,積電高雄楠梓廠,1
2_分區,外商車輛零件廠,1
2_分區,中山分公司,1
2_分區,港光泉經銷商營業所,1
2_分區,嘉義嘉泰廠,1
2_分區,s店,1
2_分區,:30中鋼駐廠,1
2_分區,康展望園區』廠,1
2_分區,官田工廠,1
2_分區,務人員-新店營業所,1
2_分區,漢堡八德義勇門市,1
2_分區,新北新埔廠,1
2_分區,外勤廠,1
2_分區,長宏人力/駐廠,1
2_分區,備幹部-關廟廠,1
2_分區,G00-門市,1
2_分區,員林門市,1
2_分區,✌人才媒合+門市,1
2_分區,家居高雄旗艦門市,1
2_分區,麵包門市,1
2_分區,福德廠,1
2_分區,-大台北直營門市,1
2_分區,信義新光A8門市,1
2_分區,萬⭕PCB大廠,1
2_分區,⭕免輪班⭕冷廠,1
2_分區,短期❤紡織廠,1
2_分區,兼職藥局門市,1
2_分區,備幹部-竹北門市,1
2_分區,高雄市】門市,1
2_分區,備幹部-高雄門市,1
2_分區,載板龍頭廠,1
2_分區,新能源科技廠,1
2_分區,––屏東中正門市,1
2_分區,名衛星定位大廠,1
2_分區,和外商電子大廠,1
2_分區,YL蘆竹電子廠,1
2_分區,備組裝／冷氣廠,1
2_分區,嘉義民雄廠,1
2_分區,新北汐科廠,1
2_分區,到店】樹林區門市,1
2_分區,✦分公司,1
2_分區,/副理-竹北廠,1
2_分區,修車廠,1
2_分區,大園區-大園廠,1
2_分區,番薯工廠,1
2_分區,量招募】觀音廠,1
2_分區,5知名食品大廠,1
2_分區,內湖區/小廠,1
2_分區,梓日夜班》駐廠,1
2_分區,大寮鳳屏門市,1
2_分區,假日門市,1
2_分區,技術員＜官田廠,1
2_分區,新豐食品大廠,1
2_分區,山知名晶圓大廠,1
2_分區,生技廠,1
2_分區,飼料廠_廠,1
2_分區,寵物廠,1
2_分區,知名食品工廠,1
2_分區,中科分公司,1
2_分區,餐-台北襄陽門市,1
2_分區,南科】門市,1
2_分區,日月光中壢廠,1
2_分區,職夥伴】莊敬門市,1
2_分區,淡水區洗衣店門市,1
2_分區,南昌門市,1
2_分區,天｜一段班｜門市,1
2_分區,漢堡台南東橋門市,1
2_分區,「全新廠,1
2_分區,台中火力發電廠,1
2_分區,備幹部-鮮食廠,1
2_分區,桃園環球A8門市,1
2_分區,屬回收業務/門市,1
2_分區,線)/設備/廠,1
2_分區,-內湖旗艦店門市,1
2_分區,模具廠,1
2_分區,外商美妝大廠,1
2_分區,縣府門市,1
2_分區,備幹部-屏東廠,1
2_分區,級)_電子大廠,1
2_分區,精密儀器製造廠,1
2_分區,咖啡廳門市,1
2_分區,大咖啡烘焙坊門市,1
2_分區,onut?】門市,1
2_分區,員-水里車埕門市,1
2_分區,北車分店,1
2_分區,ve台中洲際門市,1
2_分區,正職甜點蛋糕門市,1
2_分區,ve台中惠中門市,1
2_分區,59蝦皮智取門市,1
2_分區,發專員-新發廠,1
2_分區,早晚班🌭餐飲門市,1
2_分區,🍱晚班🍱餐飲門市,1
2_分區,學店)-早班門市,1
2_分區,竹北)傢俱門市,1
2_分區,✦鼎中49K門市,1
2_分區,西門店門市,1
2_分區,新豐鎮,1
2_分區,桃園/大溪】廠,1
2_分區,新莊⭐生技藥廠,1
2_分區,作簡單/冷氣廠,1
2_分區,務事業群雲端服務處,1
2_分區,新屋工廠,1
2_分區,首選｜美商大廠,1
2_分區,市淡水區食品廠,1
2_分區,潮州服務廠,1
2_分區,大中服務廠,1
2_分區,柳營鄉,1
2_分區,頭份鎮,1
2_分區,八德市,1
2_分區,大溪鎮,1
2_分區,平鎮市,1
2_分區,楊梅鎮,1
2_分區,龍潭鄉,1
2_分區,塑膠射出廠,1
2_分區,-廠長/副廠,1
2_分區,｜夜班｜林口廠,1
2_分區,桃園蘆竹】廠,1
2_分區,醫藥大廠,1
2_分區,↗】醫藥冷氣廠,1
2_分區,操作員-大寮廠,1
2_分區,坊桃園大遠百門市,1
2_分區,電子連接器大廠,1
2_分區,潮州分公司,1
2_分區,大台北地區-門市,1
2_分區,自動化技術大廠,1
2_分區,新竹區辦事處,1
2_分區,廣東門市,1
2_分區,入AI核心大廠,1
2_分區,大園&手機大廠,1
2_分區,人員】食品工廠,1
2_分區,華鑫二廠,1
2_分區,新店分公司,1
2_分區,岡山分公司,1
2_分區,南港分公司,1
2_分區,廠務維運類】廠,1
2_分區,名電商｜智取門市,1
2_分區,新樹廠,1
2_分區,至新北樹林工廠,1
2_分區,士林營業所,1
2_分區,彰化營業所,1
2_分區,術人員~泰山廠,1
2_分區,休二)-台北廠,1
2_分區,華亞廠,1
2_分區,勤經辦-市府分公司,1
2_分區,勤經辦-大安分公司,1
2_分區,勤經辦-土城分公司,1
2_分區,勤經辦-新店分公司,1
2_分區,勤經辦-松山分公司,1
2_分區,藥局門市]門市,1
2_分區,萬芳門市,1
2_分區,堡農安三重區門市,1
2_分區,堡農安萬華區門市,1
2_分區,堡農安中和區門市,1
2_分區,A4店,1
2_分區,義大世界門市,1
2_分區,🔥保健食品大廠,1
2_分區,名光電設備大廠,1
2_分區,驗可】ABA門市,1
2_分區,★無經驗可】門市,1
2_分區,啡-高雄一心門市,1
2_分區,道旁】知名藥廠,1
2_分區,13:30到廠,1
2_分區,⭐被動元件大廠,1
2_分區,PCB軟板大廠,1
2_分區,帝✅韓國大廠,1
2_分區,603-門市,1
2_分區,航棧-小巨蛋門市,1
2_分區,羅東旗艦店】門市,1
2_分區,名電動汽車】門市,1
2_分區,】新竹大遠百門市,1
2_分區,95-大夜班門市,1
2_分區,749-門市,1
2_分區,GAP】麗寶門市,1
2_分區,大園店大夜班門市,1
2_分區,台北-西門門市,1
2_分區,氣大園店早班門市,1
2_分區,通化店門市,1
2_分區,大直門市,1
2_分區,南陽門市,1
2_分區,竹圍門市,1
2_分區,活蝦】台北各分店,1
2_分區,人員義大世界門市,1
2_分區,南崁】科技大廠,1
2_分區,廠務類：廠,1
2_分區,岡山物流廠,1
2_分區,中壢】知名藥廠,1
2_分區,員林分公司,1
2_分區,教練｜健身工廠,1
2_分區,新竹湳雅廠,1
2_分區,南新竹分公司,1
2_分區,GU門市,1
2_分區,北新竹分公司,1
2_分區,萬華區洗衣店門市,1
2_分區,高雄民族廠,1
2_分區,櫃檯／門市,1
2_分區,可麗烘焙工坊門市,1
2_分區,莊新中平店「門市,1
2_分區,金玉堂門市,1
2_分區,大巨蛋門市,1
2_分區,】麵包門市,1
2_分區,伸港廠,1
2_分區,勤經辦-東大分公司,1
2_分區,生]南崁中正門市,1
2_分區,員林區,1
2_分區,_手機配件/門市,1
2_分區,)_連鎖餐飲門市,1
2_分區,知名網通大廠,1
2_分區,源網通科技大廠,1
2_分區,.平鎮.楊梅分店,1
2_分區,保養品廠廠,1
2_分區,_鎂鋁合金大廠,1
2_分區,中和連城路–廠,1
2_分區,O工業-關廟廠,1
2_分區,知名電器大廠,1
2_分區,全球拉鍊大廠,1
2_分區,黑事業部】建廠,1
2_分區,/供宿★營造廠,1
2_分區,竹科廠,1
2_分區,遠雄汐止門市,1
2_分區,桃園機場門市,1
2_分區,台中遠百門市,1
2_分區,機T2管制區門市,1
2_分區,長期正職｜門市,1
2_分區,期早班正職｜門市,1
2_分區,竹南門市,1
2_分區,r店,1
2_分區,北中南門市,1
2_分區,台積電15A門市,1
2_分區,務單純土城工廠,1
2_分區,erve天母門市,1
2_分區,a信義A11門市,1
2_分區,民族分公司,1
2_分區,纖複合材料大廠,1
2_分區,美國半導體建廠,1
2_分區,醫院店｜兼職門市,1
2_分區,科技店｜兼職門市,1
2_分區,⭐林口手錶大廠,1
2_分區,日商通訊大廠,1
2_分區,－全球60+分公司,1
2_分區,學甲廠,1
2_分區,新北雙和廠,1
2_分區,桃園中壢廠,1
2_分區,台中沙鹿廠,1
2_分區,園AI燈塔工廠,1
2_分區,涯規劃顧問★門市,1
2_分區,台中文心南廠,1
2_分區,台北健康廠,1
2_分區,宜蘭羅東廠,1
2_分區,新北蘆洲廠,1
2_分區,新北林口廠,1
2_分區,彰化金馬廠,1
2_分區,屏東潮州廠,1
2_分區,新竹西大廠,1
2_分區,台中福科廠,1
2_分區,台北長春廠,1
2_分區,台中烏日廠,1
2_分區,市平鎮區化工廠,1
2_分區,新竹橫山)廠,1
2_分區,后里美商科技廠,1
2_分區,輪班工廠,1
2_分區,街夜班-桃園分公司,1
2_分區,鳳揚門市,1
2_分區,中鋼廠,1
2_分區,新路竹門市,1
2_分區,康是美美濃門市,1
2_分區,乾淨廠,1
2_分區,大社廠,1
2_分區,中壢區/電子廠,1
2_分區,💘龜山光學大廠,1
2_分區,擎技師-忠孝廠,1
2_分區,📣製造業-廠,1
2_分區,寵物部門市,1
2_分區,桃中門市,1
2_分區,-台北小巨蛋門市,1
2_分區,餐-桃園青埔門市,1
2_分區,保特約藥局–門市,1
2_分區,高階門市,1
2_分區,車司機–台南廠,1
2_分區,】計時-彰化門市,1
2_分區,)_工具機大廠,1
2_分區,餐-桃園南平門市,1
2_分區,餐-桃園南崁門市,1
2_分區,員-高雄漢民門市,1
2_分區,員-嘉義友愛門市,1
2_分區,工業區)檳榔門市,1
2_分區,印刷電路板大廠,1
2_分區,好涼涼_晚班門市,1
2_分區,高雄服務廠,1
2_分區,手機維修門市,1
2_分區,工務/廠,1
2_分區,好涼涼_早班門市,1
2_分區,零售日用品-門市,1
2_分區,最大汽車製造廠,1
2_分區,進出貨廠,1
2_分區,到店】三重區門市,1
2_分區,、鼓山、岡山門市,1
2_分區,止區】汐萬路廠,1
2_分區,高時薪299門市,1
2_分區,台中中清廠,1
2_分區,台北萬隆廠,1
2_分區,台南中華廠,1
2_分區,英加入）高雄分公司,1
2_分區,：＜中壢晶圓廠,1
2_分區,/夜班＞-駐廠,1
2_分區,意者歡迎到門市,1
2_分區,戰國門市,1
2_分區,師]北市常德門市,1
2_分區,院內主要協力廠,1
2_分區,蘆竹地區】門市,1
2_分區,八里地區】門市,1
2_分區,櫃檯及門市,1
2_分區,民生店－餐飲門市,1
2_分區,成功店門市,1
2_分區,光南門市,1
2_分區,職夥伴-永安門市,1
2_分區,賣廣場】晚班門市,1
2_分區,洗衣店門市,1
2_分區,淡水門市,1
2_分區,新北三重廠,1
2_分區,高雄鳳山廠,1
2_分區,高雄南岡山廠,1
2_分區,ry巢屋].門市,1
2_分區,力-新豐-駐廠,1
2_分區,★另有獎金】門市,1
2_分區,市府店)門市,1
2_分區,南港店)門市,1
2_分區,楊梅廠二廠,1
2_分區,▼✦誠徵門市,1
2_分區,東旗艦店】-門市,1
2_分區,樹林市,1
2_分區,薪230蝦皮門市,1
2_分區,麵麵粥道門市,1
2_分區,市兼職人員★門市,1
2_分區,展售旗艦店-門市,1
2_分區,鳳山晚班高薪門市,1
2_分區,寶山廠,1
2_分區,辣小麵-晚班門市,1
2_分區,台中營業所,1
2_分區,護目鏡大廠,1
2_分區,儀表ODM大廠,1
2_分區,須具備食品廠,1
2_分區,44K】台東門市,1
2_分區,証課】台南駐廠,1
2_分區,台南善化店】門市,1
2_分區,/業務助理/門市,1
2_分區,領6000✅門市,1
2_分區,遊戲/科技大廠,1
2_分區,石牌分公司,1
2_分區,延平分公司,1
2_分區,職夥伴】民生門市,1
2_分區,度C豐原中興門市,1
2_分區,部-桃園桃鶯門市,1
2_分區,中和辦事處,1
2_分區,堡台南中華東門市,1
2_分區,ooi-徐匯門市,1
2_分區,4:00食品廠,1
2_分區,全新擴廠,1
2_分區,日月光駐廠,1
2_分區,⭐/楠梓科技廠,1
2_分區,力顧問_站前門市,1
2_分區,力顧問_衡陽門市,1
2_分區,力顧問_中華門市,1
2_分區,竹科日班＞駐廠,1
2_分區,內兒童樂園｜門市,1
2_分區,🧡近祥儀夢工廠,1
2_分區,士林區，北安門市,1
2_分區,有記名茶-廠,1
2_分區,518-門市,1
2_分區,7-11悅來門市,1
2_分區,北區各分店,1
2_分區,料集團-海外廠,1
2_分區,工程師-彰濱廠,1
2_分區,莎咖啡-北港門市,1
2_分區,外商知名藥廠,1
2_分區,程高階】食品廠,1
2_分區,離型膜廠,1
2_分區,台北錦州門市,1
2_分區,台北小巨蛋門市,1
2_分區,南軟門市,1
2_分區,可】電信直營門市,1
2_分區,區】電信直營門市,1
2_分區,台塑麥寮廠,1
2_分區,中壢]門市,1
2_分區,樹林區-食品廠,1
2_分區,平工業區修理廠,1
2_分區,到店】永和區門市,1
2_分區,飲-台北馬偕門市,1
2_分區,飲-台北石牌門市,1
2_分區,高雄右昌門市,1
2_分區,台北圓環門市,1
2_分區,電線電纜廠,1
2_分區,8~44K】門市,1
2_分區,高雄湖內廠,1
2_分區,市化學材料大廠,1
2_分區,廠務工程類】廠,1
2_分區,店｜檳榔門市,1
2_分區,延平店-檳榔門市,1
2_分區,門–台中龍井廠,1
2_分區,具備與國外原廠,1
2_分區,F店,1
2_分區,tel面板大廠,1
2_分區,裝人員】大里廠,1
2_分區,中區）工程駐廠,1
2_分區,山區濱江街車廠,1
2_分區,五股區廠,1
2_分區,三多分公司,1
2_分區,新台中分公司,1
2_分區,北屯營業所,1
2_分區,南科-科技廠,1
2_分區,錢櫃高雄門市,1
2_分區,公司-信義電廠,1
2_分區,高雄博愛廠,1
2_分區,新莊科技大廠,1
2_分區,高雄楠梓新建廠,1
2_分區,《彰化分公司,1
2_分區,高雄光華廠,1
2_分區,到店】台南區門市,1
2_分區,店-早、晚班門市,1
2_分區,竹南店｜晚班門市,1
2_分區,頭份店｜早班門市,1
2_分區,到店】善化區門市,1
2_分區,】台南安南區門市,1
2_分區,.竹南.頭份門市,1
2_分區,GMP藥廠,1
2_分區,務類】建廠,1
2_分區,市銷售人員/門市,1
2_分區,店到店】高雄門市,1
2_分區,米字部屋門市,1
2_分區,/信義區百貨門市,1
2_分區,台北營業所,1
2_分區,萬－林口文化門市,1
2_分區,工廠廠,1
2_分區,萬－平鎮中豐門市,1
2_分區,五福門市,1
2_分區,益昌門市,1
2_分區,區】知名科技廠,1
2_分區,助_連接器大廠,1
2_分區,台灣分公司,1
2_分區,潮州鎮-潮州分公司,1
2_分區,市中正區忠孝分公司,1
2_分區,民生分公司,1
2_分區,仁愛分公司,1
2_分區,新豐廠/湖口廠,1
2_分區,石店全家大夜門市,1
2_分區,美)_紡織大廠,1
2_分區,生]台中大墩門市,1
2_分區,副理_醫材大廠,1
2_分區,)_再生能源廠,1
2_分區,光復廠,1
2_分區,博愛門市,1
2_分區,】另有門市,1
2_分區,團連鎖烘焙】門市,1
2_分區,古坑門市,1
2_分區,妝品集團台灣分公司,1
2_分區,夢內衣-興南門市,1
2_分區,206-門市,1
2_分區,品)_知名藥廠,1
2_分區,香草工坊義大門市,1
2_分區,樹林廠廠,1
2_分區,南港門市,1
2_分區,量小姐-萬芳門市,1
2_分區,人員-群創七廠,1
2_分區,榮總店｜兼職門市,1
2_分區,湖口門市,1
2_分區,松山門市,1
2_分區,大園廠/嘉義廠,1
2_分區,知名食品加工廠,1
2_分區,機械傳動元件廠,1
2_分區,宜蘭食品廠,1
2_分區,南港區廠,1
2_分區,捷運奇岩站｜廠,1
2_分區,萬－蘆竹南崁門市,1
2_分區,－桃園中山二門市,1
2_分區,大樹藥局】門市,1
2_分區,興三路日班工廠,1
2_分區,中市后里區工廠,1
2_分區,全區-物流大廠,1
2_分區,264-晚班門市,1
2_分區,187-早班門市,1
2_分區,程師_散熱大廠,1
2_分區,ger｜五股廠,1
2_分區,r_知名大藥廠,1
2_分區,_IC測試大廠,1
2_分區,新埔門市,1
2_分區,391-早班門市,1
2_分區,-瀝青混凝土廠,1
2_分區,天｜一頭班｜門市,1
2_分區,中班林口食品廠,1
2_分區,湖口】網通大廠,1
2_分區,_知名刀具大廠,1
2_分區,徵夜班工廠,1
2_分區,飼料廠ˍ廠,1
2_分區,261-晚班門市,1
2_分區,161-晚班門市,1
2_分區,209-門市,1
2_分區,184-早班門市,1
2_分區,大同鄉,1
2_分區,209-早班門市,1
2_分區,673-晚班門市,1
2_分區,＜橡木桶蘆洲門市,1
2_分區,台北轉運站門市,1
2_分區,薪206蝦皮門市,1
2_分區,薪234蝦皮門市,1
2_分區,東山站門市,1
2_分區,-新北市淡水分店,1
2_分區,團-台北龍江分店,1
2_分區,棧-新光醫院門市,1
2_分區,團-台北民生分店,1
2_分區,・商品整理・門市,1
2_分區,96–224門市,1
2_分區,】蝦皮店到店門市,1
2_分區,團-桃園寶山分店,1
2_分區,ERVE天母門市,1
2_分區,團-新北淡水分店,1
2_分區,加分火鍋板橋分店,1
2_分區,加分板橋分店,1
2_分區,666-門市,1
2_分區,沐森門市,1
2_分區,201-門市,1
2_分區,皮小隊✨智取門市,1
2_分區,無人門市,1
2_分區,區蝦皮✨智取門市,1
2_分區,動汽車_新竹門市,1
2_分區,山區】⭐蝦皮門市,1
2_分區,口區】⭐蝦皮門市,1
2_分區,園區】⭐蝦皮門市,1
2_分區,⭐淡水區蝦皮門市,1
2_分區,北汐止】蝦皮門市,1
2_分區,中壢蝦皮智取門市,1
2_分區,✨一般門市,1
2_分區,動汽車_台南門市,1
2_分區,336-門市,1
2_分區,775-晚班門市,1
2_分區,薪259蝦皮門市,1
2_分區,內壢店-門市,1
2_分區,五股DC廠,1
2_分區,)－五股PC廠,1
2_分區,s13店,1
2_分區,】機械設備大廠,1
2_分區,行政助理/廠,1
2_分區,中鋼鋁業駐廠,1
2_分區,】上市櫃科技廠,1
2_分區,60％！工業廠,1
2_分區,政人員～林口廠,1
2_分區,混凝土廠廠,1
2_分區,系統家具工廠,1
2_分區,團＞電機電纜廠,1
2_分區,可以｜穩定大廠,1
2_分區,朴子1廠,1
2_分區,1廠,1
2_分區,招募印尼廠,1
2_分區,科日商汽車大廠,1
2_分區,臨廣加工區🍪廠,1
2_分區,技術員〈頭屋廠,1
2_分區,班＞AI元件廠,1
2_分區,世界第一元件廠,1
2_分區,🔷大寮區電子廠,1
2_分區,窗簾門市,1
2_分區,🍎上市櫃科技廠,1
2_分區,擎組長-大村廠,1
2_分區,管專員-斗南廠,1
2_分區,管專員-彰化廠,1
2_分區,近林口)-廠,1
2_分區,😊】上市櫃大廠,1
2_分區,彰化二林廠,1
2_分區,-建廠,1
2_分區,＜大寮元件廠,1
2_分區,電商門市,1
2_分區,上市櫃科技大廠,1
2_分區,新店湯泉分店,1
2_分區,老字號穩定大廠,1
2_分區,巴登咖啡“門市,1
2_分區,)公司_屏東廠,1
2_分區,)公司_斗南廠,1
2_分區,)公司_路竹廠,1
2_分區,)公司_台中廠,1
2_分區,)公司_嘉太廠,1
2_分區,龍井分公司,1
2_分區,台中】營業所,1
2_分區,_台積電P7廠,1
2_分區,保護？】土地廠,1
2_分區,台南仁德洗衣廠,1
2_分區,廠長、儲備廠,1
2_分區,立德廠,1
2_分區,造類-『中庄廠,1
2_分區,/不需輪班】廠,1
2_分區,彰化新廠,1
2_分區,中科】科技廠廠,1
2_分區,「科技廠,1
2_分區,廠務技術員/廠,1
2_分區,科高雄園區】廠,1
2_分區,灣電池中心-廠,1
2_分區,25046-廠,1
2_分區,工程師｜五股廠,1
2_分區,管人員〔汐止廠,1
2_分區,電腦門市,1
2_分區,清洗廠,1
2_分區,汽修廠,1
2_分區,鋼鐵廠,1
2_分區,務專員-市政廠,1
2_分區,台南】廠,1
2_分區,YOTA彰化廠,1
2_分區,💥中壢食品大廠,1
2_分區,.觀音汽車大廠,1
2_分區,/電腦設備大廠,1
2_分區,全台分店,1
2_分區,GA)廠,1
2_分區,鈑噴廠,1
2_分區,營業員-專營廠,1
2_分區,工業土地.廠,1
2_分區,腦週邊設備大廠,1
2_分區,司機/廠,1
2_分區,利澤廠,1
2_分區,周休二日】廠,1
2_分區,汐科分公司,1
2_分區,民雄廠,1
2_分區,夾治具工廠,1
2_分區,服人員-彰化分公司,1
2_分區,基隆協和電廠,1
2_分區,️平鎮電腦大廠,1
2_分區,agen大同廠,1
2_分區,管人員-八德廠,1
2_分區,事業一群技術服務處,1
2_分區,彰化員林門市,1
2_分區,價網通訊行】門市,1
2_分區,宜蘭復興】門市,1
2_分區,業區－科技大廠,1
2_分區,台積外包廠,1
2_分區,南科】科技廠,1
2_分區,新完工廠,1
2_分區,中科大廠,1
2_分區,工程師-光復廠,1
2_分區,苗栗分公司,1
2_分區,BOX廠,1
2_分區,X廠,1
2_分區,龍科園區科技廠,1
2_分區,新路二段夜班廠,1
2_分區,深坑區-廠,1
2_分區,中科園區晶圓廠,1
2_分區,苗龍頭CEO廠,1
2_分區,O廠,1
2_分區,三重區光復路廠,1
2_分區,彰濱工業區工廠,1
2_分區,台北市食品大廠,1
2_分區,竹北/科技廠,1
2_分區,園市全區：工廠,1
2_分區,中壢區)科技廠,1
2_分區,觀音區)科技廠,1
2_分區,楠梓園區晶圓廠,1
2_分區,市-台元園區廠,1
2_分區,、楊梅區：工廠,1
2_分區,、龍潭區：工廠,1
2_分區,龜山區去科技廠,1
2_分區,徵_湖口科技廠,1
2_分區,MG新營廠,1
2_分區,MG安平廠,1
2_分區,匯昇大中廠,1
2_分區,匯昇五股廠,1
2_分區,汽車林口服務廠,1
2_分區,MG仁德廠,1
2_分區,汽車板橋服務廠,1
2_分區,博賢廠,1
2_分區,配合整理廠,1
2_分區,業務部-門市,1
2_分區,金-另計竹科分公司,1
2_分區,作人員-三重廠,1
2_分區,作人員-五權廠,1
2_分區,售-桃園台茂門市,1
2_分區,銷售-京站門市,1
2_分區,_台北101門市,1
2_分區,t-高雄巨蛋門市,1
2_分區,工程類-竹科廠,1
2_分區,工程師-水針廠,1
2_分區,桃三廠,1
2_分區,後壁廠,1
2_分區,機械組裝及廠,1
2_分區,A楊梅日商大廠,1
2_分區,正職♡路竹廠,1
2_分區,知名電腦大廠,1
2_分區,凝土試驗、駐廠,1
2_分區,品保-駐廠,1
2_分區,台中】科技廠,1
2_分區,新竹】科技廠,1
2_分區,急徵)台南駐廠,1
2_分區,廚具系統櫃-廠,1
2_分區,具系統櫥櫃工廠,1
2_分區,協力廠,1
2_分區,西螺廠,1
2_分區,墨西哥廠,1
2_分區,戰-歡迎直接門市,1
2_分區,幹部】-彰化廠,1
2_分區,高雄仁武門市,1
2_分區,系慢跑運動大廠,1
2_分區,業三部-優質廠,1
2_分區,高雄小港中鋼廠,1
2_分區,起)日商食品廠,1
2_分區,高雄-科技廠,1
2_分區,嘉義-科技廠,1
2_分區,台南-科技廠,1
2_分區,4mos)-門市,1
2_分區,員/中壢麵包廠,1
2_分區,早.晚班門市,1
2_分區,員/中壢蛋糕廠,1
2_分區,台南永康區廠,1
2_分區,高雄岡山區廠,1
2_分區,路知名電子大廠,1
2_分區,員-瑞芳冷鏈廠,1
2_分區,員-大肚生鮮廠,1
2_分區,楊梅阪急麵包廠,1
2_分區,南科善化營造廠,1
2_分區,南科善化科技廠,1
2_分區,需跑科技廠,1
2_分區,太陽能電廠,1
2_分區,】工務/廠,1
2_分區,美的路竹DC廠,1
2_分區,員-五股DC廠,1
2_分區,新店生鮮DC廠,1
2_分區,高雄岡山物流廠,1
2_分區,/生鮮廠,1
2_分區,台中梧棲物流廠,1
2_分區,員-五股PC廠,1
2_分區,園)_散熱大廠,1
2_分區,教練-全台各分店,1
2_分區,斗六布廠,1
2_分區,南台積電18廠,1
2_分區,18廠,1
2_分區,北區運搬設備廠,1
2_分區,2_太陽能電廠,1
2_分區,新竹區門市,1
2_分區,圖專員-竹南廠,1
2_分區,岡山底渣篩分廠,1
2_分區,工程師-龜山廠,1
2_分區,新竹寶山廠,1
2_分區,景美分公司,1
2_分區,南台南分公司,1
2_分區,＜仁德廠,1
2_分區,台積電F20廠,1
2_分區,-駐廠,1
2_分區,F20廠,1
2_分區,區-駐廠,1
2_分區,F18駐廠_廠,1
2_分區,南A)科技大廠,1
2_分區,心科技~楠梓門市,1
2_分區,港]外商品牌廠,1
2_分區,電子五哥大廠,1
2_分區,台南區)駐廠,1
2_分區,動電子元件大廠,1
2_分區,知名材料大廠,1
2_分區,_越南廠,1
2_分區,高楠工廠,1
2_分區,技顧問-全台門市,1
2_分區,櫃台門市,1
2_分區,機台廠,1
2_分區,屏東二廠,1
2_分區,玻璃基板製造廠,1
2_分區,技術員-后科廠,1
2_分區,不動產廠,1
2_分區,業務助理+門市,1
2_分區,草屯營業所,1
2_分區,潮州營業所,1
2_分區,八德營業所,1
2_分區,新營營業所,1
2_分區,安南營業所,1
2_分區,台南營業所,1
2_分區,博愛營業所,1
2_分區,斗南營業所,1
2_分區,清水營業所,1
2_分區,苗栗營業所,1
2_分區,頭份營業所,1
2_分區,蘆洲營業所,1
2_分區,泰山營業所,1
2_分區,鳳山營業所,1
2_分區,一心營業所,1
2_分區,安平營業所,1
2_分區,斗六營業所,1
2_分區,林口營業所,1
2_分區,復興營業所,1
2_分區,中和營業所,1
2_分區,台東營業所,1
2_分區,民權營業所,1
2_分區,太平營業所,1
2_分區,宜蘭營業所,1
2_分區,右昌營業所,1
2_分區,岡山營業所,1
2_分區,南屯營業所,1
2_分區,土城營業所,1
2_分區,平鎮營業所,1
2_分區,花蓮營業所,1
2_分區,中古車門市,1
2_分區,程師_電子大廠,1
2_分區,程師_汽車大廠,1
2_分區,IE廠,1
2_分區,店經理】民生門市,1
2_分區,高雄文山門市,1
2_分區,右昌門市,1
2_分區,電子元件大廠,1
2_分區,三加廠,1
2_分區,日商食品廠,1
2_分區,程師_食品大廠,1
2_分區,忠來清潔】／廠,1
2_分區,板橋長安門市,1
2_分區,台中大甲日南門市,1
2_分區,中和門市,1
2_分區,石門發電廠,1
2_分區,德知名美商大廠,1
2_分區,企業】電腦大廠,1
2_分區,台北-廠,1
2_分區,_知名鋼鐵大廠,1
2_分區,知名連鎖3c門市,1
2_分區,中科科技廠,1
2_分區,三峽區-工廠,1
2_分區,桃園賓士服務廠,1
2_分區,后里美光廠,1
2_分區,需駐廠,1
2_分區,南科區-科技廠,1
2_分區,新店市,1
2_分區,新莊電子廠,1
2_分區,汐止週休電腦廠,1
2_分區,莊區化成路工廠,1
2_分區,區路科三路：廠,1
2_分區,仁德瀝青廠,1
2_分區,羅東廠,1
2_分區,匯昇民族廠,1
2_分區,汽車南港服務廠,1
2_分區,東台南廠,1
2_分區,五甲廠,1
2_分區,擎技師-溪湖廠,1
2_分區,鳳山服務廠,1
2_分區,西屯廠,1
2_分區,en永康服務廠,1
2_分區,徵＞湖口科技廠,1
2_分區,銘峰汽車大同廠,1
2_分區,MG林口服務廠,1
2_分區,"休4~6天,廠",1
2_分區,麵包工廠,1
2_分區,竹北醫藥營業所,1
2_分區,裡找✨科技大廠,1
2_分區,業區日商電子廠,1
2_分區,內壢門市,1
2_分區,鏈冷凍物流]廠,1
2_分區,｜日班｜林口廠,1
2_分區,桃園大園】廠,1
2_分區,】知名美商-廠,1
2_分區,儲備幹部、工廠,1
2_分區,_CNC加工廠,1
2_分區,/CNC加工廠,1
2_分區,汽車品牌服務廠,1
2_分區,彰化洗衣廠-廠,1
2_分區,儲備廠,1
2_分區,恆春修配廠,1
2_分區,高科技建材大廠,1
2_分區,生管兼廠,1
2_分區,！粉體塗料大廠,1
2_分區,運出貨-廚房廠,1
2_分區,南區-高雄】廠,1
2_分區,工業區：電子廠,1
2_分區,旺租車-台北門市,1
2_分區,洗人員-台中營業所,1
2_分區,『海外廠,1
2_分區,AI園區)新廠,1
2_分區,農科新食品廠,1
2_分區,電子科技廠,1
2_分區,主管_電子大廠,1
2_分區,_知名電池大廠,1
2_分區,流理貨員–新廠,1
2_分區,東區區,1
2_分區,球十大輪圈工廠,1
2_分區,)_鋁合金大廠,1
2_分區,漢來物管】廠,1
2_分區,市桃園區桃園分公司,1
2_分區,前金區-高雄分公司,1
2_分區,淡水分公司,1
2_分區,全省分公司,1
2_分區,宜蘭頭城】門市,1
2_分區,花蓮中山2】門市,1
2_分區,花蓮吉安】門市,1
2_分區,麵包廠,1
2_分區,.自備車.駐廠,1
2_分區,地達人》土地廠,1
2_分區,團隊-工業、廠,1
2_分區,竹北服務廠,1
2_分區,信首選-直營門市,1
2_分區,外商｜門市,1
2_分區,司】垃圾焚化廠,1
2_分區,】嘉義市焚化廠,1
2_分區,員-淡水營運廠,1
2_分區,智慧門市,1
2_分區,桃園區車廠,1
2_分區,大溪廠】輪班廠,1
2_分區,5-047)廠,1
2_分區,或工程人員_廠,1
2_分區,『羅東門市,1
2_分區,✓美國分公司,1
2_分區,螺絲工廠,1
2_分區,南台中分公司,1
2_分區,藥署桃園機場辦事處,1
2_分區,駐食藥署桃園辦事處,1
2_分區,室內裝修工廠,1
2_分區,輪班)-龍潭廠,1
2_分區,聯電-廠,1
2_分區,✦廠,1
2_分區,▼✦廠,1
2_分區,Vision廠,1
2_分區,n廠,1
2_分區,M處,1
2_分區,汽車維修廠,1
2_分區,北、桃園儲備廠,1
2_分區,汽車保養廠廠,1
2_分區,百年外商藥廠,1
2_分區,勤經辦-西松分公司,1
2_分區,r自助洗衣)門市,1
2_分區,器維修人員_廠,1
2_分區,勞務~北投機廠,1
2_分區,或內湖機廠,1
2_分區,堡農安板橋區門市,1
2_分區,廢水處理廠,1
2_分區,s/GMP藥廠,1
2_分區,導體零組件大廠,1
2_分區,業務員-新竹營業所,1
2_分區,務專員-路竹廠,1
2_分區,主管_馬達大廠,1
2_分區,南投營業所,1
2_分區,台北組營業所,1
2_分區,員林營業所,1
2_分區,詩⭐缺餅乾大廠,1
2_分區,莊】醫藥冷氣廠,1
2_分區,薪54萬起』門市,1
2_分區,r_零組件大廠,1
2_分區,中和日商大廠,1
2_分區,台中三廠,1
2_分區,歸仁廠,1
2_分區,餐飲廠,1
2_分區,紅休★台積電廠,1
2_分區,嘉⭐醫藥大廠,1
2_分區,美商半導體擴廠,1
2_分區,高雄總廠,1
2_分區,龍潭區)廠,1
2_分區,高雄市梓官區廠,1
2_分區,好市多】科技廠,1
2_分區,環境清潔員/廠,1
2_分區,潔人員-仁德廠,1
2_分區,、社區/物流廠,1
2_分區,/南崁】科技廠,1
2_分區,市社區大樓、廠,1
2_分區,萬丹食品加工廠,1
2_分區,物流廠,1
2_分區,額-三峽樹林廠,1
2_分區,城頂埔園區-廠,1
2_分區,台積電15B廠,1
2_分區,B廠,1
2_分區,和美區,1
2_分區,佳里市,1
2_分區,5mos)-門市,1
2_分區,7mos)-門市,1
2_分區,🌳樹林學林門市,1
2_分區,溪湖門市,1
2_分區,1mos)-門市,1
2_分區,:00】澄清門市,1
2_分區,越南語)台中分公司,1
2_分區,菸酒專賣店門市,1
2_分區,體事業群品管服務處,1
2_分區,中坡門市,1
2_分區,知名聲學大廠,1
2_分區,中科園區光電廠,1
2_分區,區)台中發電廠,1
2_分區,新豐AI大廠,1
2_分區,/品管/設備廠,1
2_分區,農科廠】工廠,1
2_分區,新市廠,1
2_分區,鎮)_電腦大廠,1
2_分區,理_PCB大廠,1
2_分區,服督導】高雄分公司,1
2_分區,班地點:嘉義廠,1
2_分區,管_營養品大廠,1
2_分區,4-066)廠,1
2_分區,或技術人員_廠,1
2_分區,內湖區純廠,1
2_分區,便當廠,1
2_分區,羅東服務廠,1
2_分區,林口員升廠】廠,1
2_分區,新莊藥廠,1
2_分區,大園服務廠,1
2_分區,楊梅服務廠,1
2_分區,修人員-花蓮廠,1
2_分區,局高雄市第二辦事處,1
2_分區,招募汽車保修廠,1
2_分區,全省門市,1
2_分區,冬山廠,1
2_分區,埔鹽廠,1
2_分區,大潭電廠,1
2_分區,導品牌】西門門市,1
2_分區,斗六廠)廠,1
2_分區,中區區,1
2_分區,PM)-龍潭廠,1
2_分區,北台南分公司,1
2_分區,染廠,1
2_分區,家具廠,1
2_分區,日用品公司-門市,1
2_分區,清洗-南台中營業所,1
2_分區,人員-北台中營業所,1
2_分區,主管_藥品大廠,1
2_分區,業HR｜南部廠,1
2_分區,北投區洗衣店門市,1
2_分區,發專員-鮮食廠,1
2_分區,前鎮⭐食品廠,1
2_分區,可樂果食品廠,1
2_分區,言人_散熱大廠,1
2_分區,女裝廠,1
2_分區,生活用品廠,1
2_分區,男裝廠,1
2_分區,香水廠,1
2_分區,益生菌生產廠,1
2_分區,台元日商大廠,1
2_分區,穩定鋼鐵大廠,1
2_分區,保健食品廠,1
2_分區,精品廠,1
2_分區,機場旁物流工廠,1
2_分區,S租車-台南門市,1
2_分區,長期假日兼職門市,1
2_分區,e_知名大藥廠,1
2_分區,名金屬粉末大廠,1
2_分區,d_零組件大廠,1
2_分區,體晶圓代工大廠,1
2_分區,土城海裕門市,1
2_分區,攝像頭模組大廠,1
2_分區,東慧國際新竹分公司,1
2_分區,招募中｜土地廠,1
2_分區,售_桃園大江門市,1
2_分區,彰美門市,1
2_分區,公司-新竹駐廠,1
2_分區,營業員-鳳山分店,1
2_分區,營業員-自由分店,1
2_分區,營業員-楠梓分店,1
2_分區,營業員-榮總分店,1
2_分區,營業員-美濃分店,1
2_分區,店》台北景美門市,1
2_分區,理)_紡織大廠,1
2_分區,營業員-民族分店,1
2_分區,營業員-北高分店,1
2_分區,營業員-屏東分店,1
2_分區,術人員〈桃園廠,1
2_分區,內門區,1
2_分區,/06後將遷廠,1
2_分區,化設備開發大廠,1
2_分區,近台茂/物流廠,1
2_分區,歐都納-廠,1
2_分區,勤經辦-延平分公司,1
2_分區,龜山廠,1
2_分區,薪養成計劃！廠,1
2_分區,工讀⚡️電腦廠,1
2_分區,💪台中車廠,1
2_分區,星鴻高雄分公司,1
2_分區,市場門市,1
2_分區,鮮切原肉廠,1
2_分區,中央廚房廠,1
2_分區,操作員-彰濱廠,1
2_分區,_知名成衣大廠,1
2_分區,雲科-新廠,1
2_分區,行政暨廠,1
2_分區,大同廠,1
2_分區,汽車MG南屯廠,1
2_分區,汽車MG潭子廠,1
2_分區,南屯廠,1
2_分區,汽車MG竹北廠,1
2_分區,汽車MG沙鹿廠,1
2_分區,和生服務廠,1
2_分區,新興市,1
2_分區,_知名線纜大廠,1
2_分區,二日)-龍潭廠,1
2_分區,雙B維修廠,1
2_分區,善化辦事處,1
2_分區,岡山辦事處,1
2_分區,台南辦事處,1
2_分區,美商伺服器大廠,1
2_分區,_電子料件大廠,1
2_分區,)_連鎖通訊門市,1
2_分區,ad_綠能大廠,1
2_分區,身器材代工大廠,1
2_分區,鶯歌整合廠,1
2_分區,驗廠,1
2_分區,國內外知名大廠,1
2_分區,大發廠,1
2_分區,造助理-光復廠,1
2_分區,太平工廠,1
2_分區,興儀雷射工廠,1
2_分區,經理_氣體大廠,1
2_分區,化工廠建廠,1
2_分區,雄市岡山區工廠,1
2_分區,利澤工業區廠,1
2_分區,屯工業區科技廠,1
2_分區,龍潭區工廠,1
2_分區,管_知名電宰廠,1
2_分區,路全職夜班工廠,1
2_分區,事業處-竹東廠,1
2_分區,市潭子區科技廠,1
2_分區,林口科技廠,1
2_分區,區-神準科技廠,1
2_分區,A觀音汽車大廠,1
2_分區,👍工廠,1
2_分區,急徵.工廠,1
2_分區,S事業三部-廠,1
2_分區,柳科廠,1
2_分區,夜班＞園區駐廠,1
2_分區,長_瓶裝水大廠,1
2_分區,廠長-台中廠,1
2_分區,長_肉品電宰廠,1
2_分區,長_工具機大廠,1
2_分區,駐越南]化工廠,1
2_分區,自動化元件大廠,1
2_分區,廠長/副廠,1
2_分區,長_化工大廠,1
2_分區,產事業處-副廠,1
2_分區,焙主廚/蛋糕廠,1
2_分區,生產總監／副廠,1
2_分區,無人機廠,1
2_分區,副廠,1
2_分區,竹竹北科技大廠,1
2_分區,路竹區工廠,1
2_分區,路靠近大潭電廠,1
2_分區,竹區8小時工廠,1
2_分區,名半導體物流廠,1
2_分區,職🍤龜山蝦皮門市,1
2_分區,豐原大雅區工廠,1
2_分區,德國大刀具廠,1
2_分區,銅鑼/苑裡廠廠,1
2_分區,市永康區知名廠,1
2_分區,鐵站附近知名廠,1
2_分區,豐原工廠,1
2_分區,知名零組件大廠,1
2_分區,工程師-官田廠,1
2_分區,工程師-二林廠,1
2_分區,⚡南科大廠,1
2_分區,金城機廠,1
2_分區,城區】捷運機廠,1
2_分區,永科廠,1
2_分區,虎尾區,1
2_分區,台南市安平區廠,1
2_分區,中壢月桃路工廠,1
2_分區,板橋紙廠,1
2_分區,正隆紙廠,1
2_分區,興電子-楊梅廠,1
2_分區,/中班正職｜門市,1
2_分區,金-歡迎直接門市,1
2_分區,晚班-歡迎至門市,1
2_分區,宵夜晚班門市,1
2_分區,潤泰松山門市,1
2_分區,-新店裕隆城門市,1
2_分區,高雄巨蛋門市,1
2_分區,高雄左營門市,1
2_分區,北-新莊宏匯門市,1
2_分區,止遠雄】兼職門市,1
2_分區,新泰店】兼職門市,1
2_分區,知名電動車】門市,1
2_分區,公司-竹北電廠,1
2_分區,員林工廠,1
2_分區,溪州工廠,1
2_分區,大城工廠,1
2_分區,神岡豐原工廠,1
2_分區,鹿港工廠,1
2_分區,台南電廠,1
2_分區,記憶體大廠,1
2_分區,er_電子大廠,1
2_分區,台灣電力廠,1
2_分區,楠梓加工區工廠,1
2_分區,事業處-竹北廠,1
2_分區,善化廠,1
2_分區,電商林口廠,1
2_分區,_知名包材大廠,1
2_分區,衣服品牌🛍️門市,1
2_分區,期中班正職｜門市,1
2_分區,大全聯駐廠,1
2_分區,早班廠,1
2_分區,沙鹿門市,1
2_分區,調理廠,1
2_分區,大肚區日班駐廠,1
2_分區,S湖口-科技廠,1
2_分區,AI園區科技廠,1
2_分區,區知名電動車廠,1
2_分區,山區知名食品廠,1
2_分區,南投工廠,1
2_分區,CK-中央工廠,1
2_分區,三廠區-廠,1
2_分區,社子廠,1
2_分區,竹北-電子大廠,1
2_分區,知名鞋廠,1
2_分區,_機械刀具大廠,1
2_分區,管)_電子大廠,1
2_分區,師-歡迎直接門市,1
2_分區,工人員-新竹廠,1
2_分區,休六日✨人氣廠,1
2_分區,顧問技術服務處,1
2_分區,TN台南廠,1
2_分區,】南科半導體廠,1
2_分區,/中科半導體廠,1
2_分區,水頭喬安門市,1
2_分區,醫院店｜正職門市,1
2_分區,安工程師/駐廠,1
2_分區,北斗門市,1
2_分區,屋津貼專案＞門市,1
2_分區,台南市-東區門市,1
2_分區,台南市-北區門市,1
2_分區,台中-北屯區門市,1
2_分區,南市-永康區門市,1
2_分區,台南市-南區門市,1
2_分區,師]花蓮中山門市,1
2_分區,全國門市,1
2_分區,師]雲林斗六門市,1
2_分區,ses中西區門市,1
2_分區,量販門市,1
2_分區,竹北_職護/廠,1
2_分區,】后里廠,1
2_分區,!!!**無廠,1
2_分區,鞋廠,1
2_分區,發替代役】二廠,1
2_分區,塗料工廠,1
2_分區,高技術化工廠,1
2_分區,TD_成衣大廠,1
2_分區,_知名箱包大廠,1
2_分區,管理師-竹北廠,1
2_分區,學輔助教具大廠,1
2_分區,污泥燒結廠,1
2_分區,管_知名大藥廠,1
2_分區,高雄仁武廠,1
2_分區,.鳳山廠,1
2_分區,大型電商門市,1
2_分區,er_光電大廠,1
2_分區,汙水廠,1
2_分區,連鎖通訊門市,1
2_分區,-上市半導體廠,1
2_分區,)/楠梓科技廠,1
2_分區,台北安和廠,1
2_分區,建地.農地.廠,1
2_分區,-大園AI廠,1
2_分區,體美商_歡迎廠,1
2_分區,。幸福企業」門市,1
2_分區,五股工業區廠,1
2_分區,雄】仁武區工廠,1
2_分區,欣興電子新豐廠,1
2_分區,集團中壢廠,1
2_分區,路竹工廠,1
2_分區,竹南焚化廠,1
2_分區,工程師-八德廠,1
2_分區,食品廠副廠,1
2_分區,聯華樹林廠,1
2_分區,內湖區小型廠,1
2_分區,三峽廠-廠,1
2_分區,台中后里皆有廠,1
2_分區,線西區)-工廠,1
2_分區,.福興)-工廠,1
2_分區,輕鬆土城區小廠,1
2_分區,總務/廠,1
2_分區,印尼-駐外廠,1
2_分區,的】五股DC廠,1
2_分區,廠務環工類】廠,1
2_分區,司機兼廠,1
2_分區,貨車司機兼廠,1
2_分區,權東路六段、廠,1
2_分區,竹湖口工業區廠,1
2_分區,街日班-桃園分公司,1
2_分區,竹科科技廠,1
2_分區,行政處_機電廠,1
2_分區,新建廠,1
2_分區,/楊梅廠,1
2_分區,全興廠)廠,1
2_分區,梅高獅路科技廠,1
2_分區,AI大廠,1
2_分區,技術師/設備廠,1
2_分區,六、日，空調廠,1
2_分區,區-電線電纜廠,1
2_分區,大發工業區工廠,1
2_分區,管員】新市區廠,1
2_分區,新案廠,1
2_分區,統一企業湖口廠,1
2_分區,中科知名科技廠,1
2_分區,.伸港全興工廠,1
2_分區,工業區日班工廠,1
2_分區,大園、青埔廠,1
2_分區,線上/業務/門市,1
2_分區,管_連鎖通訊門市,1
2_分區,獎金)-高雄分店,1
2_分區,影印印刷門市,1
2_分區,半導體大廠,1
2_分區,中潭子區科技廠,1
2_分區,統一企業中壢廠,1
2_分區,統一楊梅廠,1
2_分區,台南麻豆食品廠,1
2_分區,楊梅傳統廠,1
2_分區,老地方寵物門市,1
2_分區,縣）園區工廠,1
2_分區,觀音區駐廠,1
2_分區,桃園區區,1
2_分區,台南新市食品廠,1
2_分區,南屯區日夜班廠,1
2_分區,獅路一段科技廠,1
2_分區,日夜班工廠,1
2_分區,大肚廠,1
2_分區,技師_紡織大廠,1
2_分區,/電子零件大廠,1
2_分區,龜山監視器大廠,1
2_分區,桃大服務廠,1
2_分區,師_連鎖通訊門市,1
2_分區,工業南路-工廠,1
2_分區,大廠,1
2_分區,北台中分公司,1
2_分區,WB)-竹北廠,1
2_分區,DB)-竹北廠,1
2_分區,半導體封測廠,1
2_分區,外商IC大廠,1
2_分區,連鎖通訊零售門市,1
2_分區,擎技師-員林廠,1
2_分區,埔里廠,1
2_分區,↑｜知名啤酒廠,1
2_分區,徵專員-專營廠,1
2_分區,高抽成廠,1
2_分區,經國廠,1
2_分區,修類-『中庄廠,1
2_分區,】副廠,1
2_分區,V電子大廠,1
2_分區,兩廠,1
2_分區,五甲門市,1
2_分區,貿易旗艦店】門市,1
2_分區,倉管運輸類】廠,1
2_分區,福特工廠駐廠,1
2_分區,素食門市,1
2_分區,運/倉管類】廠,1
2_分區,能源電廠,1
2_分區,深坑廠,1
2_分區,東南亞廠,1
2_分區,日商-知名藥廠,1
2_分區,ane中央工廠,1
2_分區,/早餐大夜班門市,1
2_分區,穩定少加班/門市,1
2_分區,000/新竹門市,1
2_分區,高雄富國門市,1
2_分區,度C大雅學府門市,1
2_分區,度C沙鹿英才門市,1
2_分區,學園區瑞昱駐廠,1
2_分區,-台積電竹南廠,1
2_分區,皮布料大廠,1
2_分區,經理_電池大廠,1
2_分區,_風電材料大廠,1
2_分區,_電磁元件大廠,1
2_分區,_電池模組大廠,1
2_分區,主管_散熱大廠,1
2_分區,霧峰/食品工廠,1
2_分區,北捷機廠,1
2_分區,會結廠,1
2_分區,MKB海外廠,1
2_分區,楊梅區-工廠,1
2_分區,健身工廠,1
2_分區,中山路三段】廠,1
2_分區,l_知名大藥廠,1
2_分區,:00皆可到廠,1
2_分區,兼職**門市,1
2_分區,PCB幸福大廠,1
2_分區,YOTA竹山廠,1
2_分區,網站客服/門市,1
2_分區,外商油漆大廠,1
2_分區,日商自動化大廠,1
2_分區,台中服務廠,1
2_分區,XIC/等駐廠,1
2_分區,中清門市,1
2_分區,新竹縣駐廠,1
2_分區,程師﹝工業區廠,1
2_分區,龍潭科技大廠,1
2_分區,務人員-新都廠,1
2_分區,哥3C｜屏東門市,1
2_分區,💡上市電子大廠,1
2_分區,資深廠,1
2_分區,業龍頭】地熱廠,1
2_分區,林口美光駐廠,1
2_分區,電腦-板橋】門市,1
2_分區,擎技師-彰化廠,1
2_分區,行忠店_保養廠,1
2_分區,土城店_保養廠,1
2_分區,基隆店_保養廠,1
2_分區,內湖店_保養廠,1
2_分區,新莊店_保養廠,1
2_分區,承德店_保養廠,1
2_分區,五權西路廠,1
2_分區,ODA-左營廠,1
2_分區,車技師-西屯廠,1
2_分區,仁美店_保養廠,1
2_分區,楊梅店_保養廠,1
2_分區,儲備保養廠,1
2_分區,高雄車廠,1
2_分區,鳳山店_保養廠,1
2_分區,經國店｜服務廠,1
2_分區,修工程師👉原廠,1
2_分區,桃園觀音駐廠,1
2_分區,朴子廠,1
2_分區,香山廠,1
2_分區,ODA-鳳山廠,1
2_分區,歐系品牌專業廠,1
2_分區,屏東服務廠,1
2_分區,※有水洗廠,1
2_分區,助理工程師/廠,1
2_分區,點：調理食品廠,1
2_分區,0年｜半導體廠,1
2_分區,】桃園龜山_廠,1
2_分區,名糕餅公司-廠,1
2_分區,職】岡山螺絲廠,1
2_分區,知名外商氣體廠,1
2_分區,工安人員/駐廠,1
2_分區,汐止區廠,1
2_分區,水處理操作廠,1
2_分區,員-岡山PC廠,1
2_分區,台南】科技廠,1
2_分區,薪254蝦皮門市,1
2_分區,彰化員林廠,1
2_分區,台南新開廠,1
2_分區,屏東大武廠,1
2_分區,晚班】門市,1
2_分區,雲林分公司,1
2_分區,路：大型科技廠,1
2_分區,錄取｜穩定大廠,1
2_分區,作業｜穩定大廠,1
2_分區,擎技師-大村廠,1
2_分區,周休二日/新廠,1
2_分區,佳騰智慧電車門市,1
2_分區,OGLE科技廠,1
2_分區,台中電廠,1
2_分區,汽車廠,1
2_分區,商場事業部】廠,1
2_分區,師-城西營運廠,1
2_分區,高雄)#新廠,1
2_分區,鷹架料廠,1
2_分區,商徵才｜冷氣廠,1
2_分區,御徵】廠,1
2_分區,彰化埔鹽廠,1
2_分區,路竹區-廠,1
2_分區,舍清潔-新竹辦事處,1
2_分區,鎮加工區】駐廠,1
2_分區,平鎮工廠,1
2_分區,鎮區辦公室及廠,1
2_分區,驗光及門市,1
2_分區,作.職缺.工廠,1
2_分區,楊梅工廠,1
2_分區,清潔工.~工廠,1
2_分區,北投門市,1
2_分區,底廠,1
2_分區,國窗飾製造大廠,1
2_分區,高雄九如廠,1
2_分區,高雄小港廠,1
2_分區,高雄三多廠,1
2_分區,代理國際大廠,1
2_分區,樹林一廠,1
2_分區,週休二日晚班門市,1
2_分區,駐半導體廠,1
2_分區,藝廊門市,1
2_分區,玉堂鑫正店)門市,1
2_分區,圖人員-外埔廠,1
2_分區,拍專員-鳳山分店,1
2_分區,拍專員-自由分店,1
2_分區,拍專員-楠梓分店,1
2_分區,拍專員-榮總分店,1
2_分區,拍專員-美濃分店,1
2_分區,系統櫥櫃門市,1
2_分區,房櫃內設備駐廠,1
2_分區,現廠,1
2_分區,幹部】-條線廠,1
2_分區,製造類-『總廠,1
2_分區,歌✨蝦皮智取門市,1
2_分區,統一超商工廠,1
2_分區,園藝門市,1
2_分區,-台積電-駐廠,1
2_分區,工具機製造大廠,1
2_分區,腦軟硬體-駐廠,1
2_分區,」派駐科技大廠,1
2_分區,璃基板製造大廠,1
2_分區,的】岡山PC廠,1
2_分區,輪班)-竹北廠,1
2_分區,術人員-仁義廠,1
2_分區,員/師-仁義廠,1
2_分區,新竹】廠,1
2_分區,商半導體!擴廠,1
2_分區,全球半導體大廠,1
2_分區,】后里_廠,1
2_分區,發工程師-本廠,1
2_分區,試工程師-本廠,1
2_分區,訓工程師-本廠,1
2_分區,公司】半導體廠,1
2_分區,區-建廠,1
2_分區,南區廠,1
2_分區,直營分店,1
2_分區,加入上市集團分店,1
2_分區,務專員-東海廠,1
2_分區,時間穩定新店廠,1
2_分區,專員-南台中廠,1
2_分區,服人員-中興廠,1
2_分區,北區原廠,1
2_分區,中區原廠,1
2_分區,台南中山南門市,1
2_分區,台南中華分門市,1
2_分區,台南新營門市,1
2_分區,台南安平門市,1
2_分區,上班地點汐止廠,1
2_分區,善化]駐廠,1
2_分區,台積電建廠,1
2_分區,中鋼小港廠,1
2_分區,美容門市,1
2_分區,美人工廠,1
2_分區,全省分店,1
2_分區,P館,1
2_分區,台積電F18廠,1
2_分區,F18廠,1
2_分區,日月光路科廠,1
2_分區,餐飲/門市,1
2_分區,招牌組裝–廠,1
2_分區,嘉義中埔廠,1
2_分區,湖路】電動車廠,1
2_分區,按摩高雄鳳山廠,1
2_分區,按摩高雄楠梓廠,1
2_分區,海外成衣廠廠,1
2_分區,后里區-后科廠,1
2_分區,品精密』彰化廠,1
2_分區,』中山、大豐廠,1
2_分區,🔴廠,1
2_分區,台灣造船廠,1
2_分區,流道旁)電子廠,1
2_分區,23001-廠,1
2_分區,南投遠傳電信門市,1
2_分區,＊薪優＊廠,1
2_分區,鈑噴中心廠,1
2_分區,議員服務處,1
2_分區,營建管理-建廠,1
2_分區,案組長-外埔廠,1
2_分區,G處,1
2_分區,寶山台積電駐廠,1
2_分區,勤美門市,1
2_分區,中央廚房】廠,1
2_分區,知名美商藥廠,1
2_分區,助理-中台中廠,1
2_分區,YOTA溪湖廠,1
2_分區,xus-彰化營業所,1
2_分區,旺租車-高雄門市,1
2_分區,📢派駐海外廠,1
2_分區,有越南工廠,1
2_分區,夜班鑽孔廠,1
2_分區,淡水上市光電廠,1
2_分區,新莊區☆直營門市,1
2_分區,新莊門市,1
2_分區,大台南,1
2_分區,勤人員-蘆洲廠,1
2_分區,烘焙坊門市,1
2_分區,術助理-潭子廠,1
2_分區,助理-南台中廠,1
2_分區,術助理-員林廠,1
2_分區,具及電動工具門市,1
2_分區,#｜知名科技廠,1
2_分區,商化工龍頭大廠,1
2_分區,瑞士輪圈工廠,1
2_分區,訊類-『海外廠,1
2_分區,積電-網路駐廠,1
2_分區,定日班｜冷氣廠,1
2_分區,定夜班｜冷氣廠,1
2_分區,資人員-后科廠,1
2_分區,駐科技廠,1
2_分區,CG中壢分公司,1
2_分區,核-美光桃園廠,1
2_分區,日商食品樹林廠,1
2_分區,礙人才招募-廠,1
2_分區,知名上市科技廠,1
2_分區,M-L】廠,1
2_分區,技術工程類-廠,1
2_分區,商化工巨頭】廠,1
2_分區,驗布廠,1
2_分區,行政】廠,1
2_分區,員-潭子DC廠,1
2_分區,冠軍門市,1
2_分區,雄路竹☆科技廠,1
2_分區,瓦斯鋼瓶灌氣廠,1
2_分區,糖乳酪﹞食品廠,1
2_分區,理辦公室資訊服務處,1
2_分區,腦產品製造大廠,1
2_分區,八里廠,1
2_分區,南中廠,1
2_分區,雲林辦事處,1
2_分區,er_設備大廠,1
2_分區,日班)廠,1
2_分區,r_工具機大廠,1
2_分區,高雄大樹廠,1
2_分區,期晚班兼職｜門市,1
2_分區,晚班工讀生｜門市,1
2_分區,覺陳列｜打造門市,1
2_分區,具零售VM或門市,1
2_分區,半導體廠,1
2_分區,南豐事業洗衣廠,1
2_分區,統所_無塵室廠,1
2_分區,QE)-竹北廠,1
2_分區,工業區工廠,1
2_分區,后里科技廠,1
2_分區,輕鬆上手】工廠,1
2_分區,工作穩定】工廠,1
2_分區,定】觀音區工廠,1
2_分區,手】中壢區工廠,1
2_分區,手】觀音區工廠,1
2_分區,手】大園區工廠,1
2_分區,技園區】科技廠,1
2_分區,竹科-廠,1
2_分區,竹科園區科技廠,1
2_分區,華亞園區科技廠,1
2_分區,鋼筋加工廠廠,1
2_分區,香港商物流大廠,1
2_分區,人力集團-駐廠,1
2_分區,EXUS內湖廠,1
2_分區,塑膠廠,1
2_分區,岡山現代原廠,1
2_分區,管理師-台南廠,1
2_分區,品檢、廠,1
2_分區,中知名封測大廠,1
2_分區,竹IC封測大廠,1
2_分區,辦公室/門市,1
2_分區,部/楠梓科技廠,1
2_分區,區用水及污水廠,1
2_分區,台主管-板橋分公司,1
2_分區,台主管-土城分公司,1
2_分區,全省各分公司,1
2_分區,-系統櫃加工廠,1
2_分區,詮竣廠,1
2_分區,后里】科技大廠,1
2_分區,網路門市,1
2_分區,洗衣廠副廠,1
2_分區,台南洗衣廠,1
2_分區,恆春鎮,1
2_分區,儲備幹部/門市,1
2_分區,務專員-潭子廠,1
2_分區,行三路：科技廠,1
2_分區,駐彰化封測大廠,1
2_分區,球研發中心】廠,1
2_分區,台南門市,1
2_分區,大安門市,1
2_分區,地點台南歸仁廠,1
2_分區,台南科技廠,1
2_分區,直播銷售廠,1
2_分區,知名科技廠,1
2_分區,花蓮/吉安廠,1
2_分區,鹿港廠-廠,1
2_分區,鋼構廠,1
2_分區,/蝦皮專員/門市,1
2_分區,南科外務駐廠,1
2_分區,派駐南科科技廠,1
2_分區,工程師-漁人廠,1
2_分區,台積電AP7廠,1
2_分區,專案約聘】建廠,1
2_分區,-016)建廠,1
2_分區,電鍍廠,1
2_分區,通路-中】門市,1
2_分區,雲林縣斗六工廠,1
2_分區,市樹林區知名廠,1
2_分區,外商藥廠,1
2_分區,壢工業區科技廠,1
2_分區,混泥土廠,1
2_分區,九九路日班工廠,1
2_分區,大園區/重電廠,1
2_分區,區/電線電纜廠,1
2_分區,新竹市科技廠,1
2_分區,急徵★工廠,1
2_分區,埔里工廠,1
2_分區,谷園區科技大廠,1
2_分區,中央路永豐紙廠,1
2_分區,新竹科技大廠,1
2_分區,學園區科技大廠,1
2_分區,大園區-重電廠,1
2_分區,夜班土城科技廠,1
2_分區,南科封測廠,1
2_分區,湖區上市科技廠,1
2_分區,市龜山區科技廠,1
2_分區,啦✨稀有冷氣廠,1
2_分區,HR海外廠,1
2_分區,ver]製造廠,1
2_分區,名連鎖SPA門市,1
2_分區,理師_光學大廠,1
2_分區,區】食品鮮食廠,1
2_分區,處長_電腦大廠,1
2_分區,經理_綠能大廠,1
2_分區,大玻璃基板大廠,1
2_分區,#螢幕大廠,1
2_分區,大園分公司,1
2_分區,_通訊設備大廠,1
2_分區,高階廠,1
2_分區,理_連鎖餐飲門市,1
2_分區,務_知名大藥廠,1
2_分區,主管_綠能大廠,1
2_分區,管_連鎖餐飲門市,1
2_分區,科主管-敦南分公司,1
2_分區,員_半導體大廠,1
2_分區,菜港點餐廳】門市,1
2_分區,管理師-八德廠,1
2_分區,專員_醫材大廠,1
2_分區,)_印表機大廠,1
2_分區,鋁門窗-廠,1
2_分區,玻璃基板大廠,1
2_分區,n_印表機大廠,1
2_分區,)_機器人大廠,1
2_分區,er_聲學大廠,1
2_分區,員_知名大藥廠,1
2_分區,台北電腦門市,1
2_分區,工讀生-新豐廠,1
2_分區,方寵物十甲店門市,1
2_分區,康是美蘆竹門市,1
2_分區,汽車保養廠,1
2_分區,理_手工具大廠,1
2_分區,_知名線材大廠,1
2_分區,_保健食品大廠,1
2_分區,經理_電子大廠,1
2_分區,北區分公司,1
2_分區,備幹部-烘焙廠,1
2_分區,觀音-工廠,1
2_分區,工業電腦製造廠,1
2_分區,南州大樑生產廠,1
2_分區,底盤廠,1
2_分區,區怡東】直營門市,1
2_分區,里昂門市,1
2_分區,瑞和門市,1
2_分區,even永樂門市,1
2_分區,even龍米門市,1
2_分區,射出成型廠,1
2_分區,台中辦事處,1
2_分區,產～凱璿文山分公司,1
2_分區,中鋁L11廠,1
2_分區,L11廠,1
2_分區,八里鞋廠,1
2_分區,線東店]檳榔門市,1
2_分區,活館』觀光工廠,1
2_分區,屏東服務處,1
2_分區,楠西,1
2_分區,平溪,1
2_分區,變電站駐廠,1
2_分區,地方法院家暴服務處,1
2_分區,玉井區,1
2_分區,台北地院家暴服務處,1
2_分區,地院家暴事件服務處,1
2_分區,長_鋁合金大廠,1
2_分區,電苗栗竹南新廠,1
2_分區,／營養師-駐廠,1
2_分區,彰化埤頭廠,1
2_分區,科技廠駐廠,1
2_分區,南科群創五廠,1
2_分區,積電AP08廠,1
2_分區,P08廠,1
2_分區,南科群創5廠,1
2_分區,5廠,1
2_分區,積電AP07廠,1
2_分區,P07廠,1
2_分區,群創五廠,1
2_分區,啡-台南復國門市,1
2_分區,導體供應鏈]廠,1
2_分區,FE廠,1
2_分區,F18台積電廠,1
2_分區,務駐廠,1
2_分區,幕玻璃基板大廠,1
2_分區,員正廠,1
2_分區,積電F18駐廠,1
2_分區,_廠,1
2_分區,生產處】廠,1
2_分區,林口洗衣廠,1
2_分區,]廠,1
2_分區,香山廠-廠,1
2_分區,半導體產業】廠,1
2_分區,中科二林】廠,1
2_分區,汐止)時薪-廠,1
2_分區,產設備維護/廠,1
2_分區,五結廠】廠,1
2_分區,新屋農場誠徵廠,1
2_分區,中班廠,1
2_分區,廠務】建廠,1
2_分區,高雄岡山】廠,1
2_分區,彰化】廠,1
2_分區,進廠,1
2_分區,先進封裝廠,1
2_分區,BU】廠,1
2_分區,半導體廠】廠,1
2_分區,管理組-誠徵廠,1
2_分區,11506-廠,1
2_分區,急徵】廠,1
2_分區,理人員-中興廠,1
2_分區,管理師-台北廠,1
2_分區,越南寧平廠,1
2_分區,面試】中壢新廠,1
2_分區,中大雅區科技廠,1
2_分區,作業員–空調廠,1
2_分區,新豐–食品大廠,1
2_分區,✿善化科技廠,1
2_分區,工業區⚡冷氣廠,1
2_分區,0)日商大寮廠,1
2_分區,科技顯示玻璃廠,1
2_分區,門職缺｜冷氣廠,1
2_分區,新竹鈑噴廠,1
2_分區,金技師-溪湖廠,1
2_分區,中工廠,1
2_分區,住宿🔶印刷大廠,1
2_分區,龜山區科技廠,1
2_分區,日班工廠,1
2_分區,台積自動化駐廠,1
2_分區,二林區,1
2_分區,林口工廠,1
2_分區,創新一路光電廠,1
2_分區,山子頂夜班廠,1
2_分區,物流中心冷鏈廠,1
2_分區,線西工業區工廠,1
2_分區,十二路日班工廠,1
2_分區,北捷蘆洲機廠,1
2_分區,汐止區』優質廠,1
2_分區,腳地區物流工廠,1
2_分區,230/H★門市,1
2_分區,林中科】科技廠,1
2_分區,社區/工廠,1
2_分區,蘆竹傳統廠,1
2_分區,二水工廠,1
2_分區,龜山科技廠,1
2_分區,GM01機調廠,1
2_分區,縣溪口鄉食品廠,1
2_分區,服裝廠,1
2_分區,長_鋁製品大廠,1
2_分區,理_匯流排大廠,1
2_分區,楊梅糼獅一廠,1
2_分區,員/永康麵粉廠,1
2_分區,員/湖口食品廠,1
2_分區,高雄-廠,1
2_分區,瀝青廠,1
2_分區,世界青年館-門市,1
2_分區,頂溪門市,1
2_分區,大坪林門市,1
2_分區,瀝青混凝土廠,1
2_分區,員-鳳山營運廠,1
2_分區,向心店】兼職門市,1
2_分區,貴金屬業務/門市,1
2_分區,東門店】兼職門市,1
2_分區,早班林口食品廠,1
2_分區,晶圓片大廠,1
2_分區,經驗OK❖全廠,1
2_分區,✧電子五哥大廠,1
2_分區,精密科技廠,1
2_分區,8吋廠,1
2_分區,體力🐥雞精工廠,1
2_分區,】知名拉鍊大廠,1
2_分區,{高科技建廠,1
2_分區,工具機零件大廠,1
2_分區,興華路日班工廠,1
2_分區,新莊】醫藥大廠,1
2_分區,客服⭐冷氣廠,1
2_分區,嘉雲分公司,1
2_分區,名紡織材料大廠,1
2_分區,4休2電子大廠,1
2_分區,工安-駐廠,1
2_分區,台中服務處,1
2_分區,區】醫藥冷氣廠,1
2_分區,駐日月光中壢廠,1
2_分區,外派印尼廠,1
2_分區,)_散熱器大廠,1
2_分區,名工業電腦大廠,1
2_分區,工三廠,1
2_分區,楊梅科技廠,1
2_分區,北捷南港機廠,1
2_分區,量販店廠,1
2_分區,備幹部-大林廠,1
2_分區,備幹部-民雄廠,1
2_分區,杉林,1
2_分區,C館,1
2_分區,主管_汽車大廠,1
2_分區,_知名製鞋大廠,1
2_分區,園航空城科技廠,1
2_分區,園航翔路科技廠,1
2_分區,葫蘆門市,1
2_分區,產業園區污水廠,1
2_分區,海湖廠,1
2_分區,雲科廠-新廠,1
2_分區,光系統所_工廠,1
2_分區,新竹生醫污水廠,1
2_分區,污水廠,1
2_分區,蘆竹廠-廠,1
2_分區,微風A3門市,1
2_分區,新服務_智取門市,1
2_分區,台中超億門市,1
2_分區,台積P18廠,1
2_分區,P18廠,1
2_分區,東海門市,1
2_分區,專員_化工大廠,1
2_分區,9mos)-門市,1
2_分區,｜美商安麗】門市,1
2_分區,朴子店】兼職門市,1
2_分區,六龜,1
2_分區,P7店,1
2_分區,⭐醫藥大廠,1
2_分區,定調薪｜具備門市,1
2_分區,北車站伴手禮門市,1
2_分區,性兼職✨智取門市,1
2_分區,商加盟店樟忠門市,1
2_分區,淡水店】兼職門市,1
2_分區,8館,1
2_分區,新莊】門市,1
2_分區,的】五股PC廠,1
2_分區,三重店服務廠,1
2_分區,知名大廠,1
2_分區,師｜台中美光廠,1
2_分區,★★擴廠,1
2_分區,業務員-台南營業所,1
2_分區,正職】門市,1
2_分區,系統廠,1
2_分區,一萬二ㅣ冷氣廠,1
3_職缺編號,J1000,20
3_職缺編號,T8322,19
3_職缺編號,H200,14
3_職缺編號,#205,12
3_職缺編號,NO.1,10
3_職缺編號,#812,10
3_職缺編號,#238,10
3_職缺編號,E3000,10
3_職缺編號,E200,10
3_職缺編號,M100,9
3_職缺編號,W400,8
3_職缺編號,M500,8
3_職缺編號,D100,8
3_職缺編號,F100,8
3_職缺編號,R300,7
3_職缺編號,E300,7
3_職缺編號,B000,7
3_職缺編號,M300,7
3_職缺編號,D400,7
3_職缺編號,K100,7
3_職缺編號,R100,7
3_職缺編號,#202,6
3_職缺編號,S100,6
3_職缺編號,S200,6
3_職缺編號,BIS_204,6
3_職缺編號,L100,6
3_職缺編號,M200,6
3_職缺編號,D300,6
3_職缺編號,C300,6
3_職缺編號,J100,6
3_職缺編號,GIT100,6
3_職缺編號,PARK259,5
3_職缺編號,HCS_1167,5
3_職缺編號,BIS_201,5
3_職缺編號,W000,5
3_職缺編號,Q500,5
3_職缺編號,G200,5
3_職缺編號,No.1,5
3_職缺編號,N200,5
3_職缺編號,F400,5
3_職缺編號,S560,5
3_職缺編號,D4000,5
3_職缺編號,H100,5
3_職缺編號,F600,5
3_職缺編號,J400,5
3_職缺編號,K800,5
3_職缺編號,U400,5
3_職缺編號,E100,5
3_職缺編號,AMR_223,4
3_職缺編號,C000,4
3_職缺編號,R121,4
3_職缺編號,A203,4
3_職缺編號,N100,4
3_職缺編號,NO.2,4
3_職缺編號,M23005,4
3_職缺編號,E000,4
3_職缺編號,D000,4
3_職缺編號,M22002,4
3_職缺編號,S500,4
3_職缺編號,U100,4
3_職缺編號,F300,4
3_職缺編號,M26031,3
3_職缺編號,T100,3
3_職缺編號,G400,3
3_職缺編號,BIS_202,3
3_職缺編號,ADW170,3
3_職缺編號,R049,3
3_職缺編號,KTP1748,3
3_職缺編號,J300,3
3_職缺編號,C200,3
3_職缺編號,JB027,3
3_職缺編號,R200,3
3_職缺編號,S606,3
3_職缺編號,A115,3
3_職缺編號,U300,3
3_職缺編號,BIS_211,3
3_職缺編號,#813,3
3_職缺編號,H300,3
3_職缺編號,Q200,3
3_職缺編號,M002,3
3_職缺編號,W100,3
3_職缺編號,A0100,3
3_職缺編號,T000,3
3_職缺編號,A000,3
3_職缺編號,E400,3
3_職缺編號,S000,3
3_職缺編號,B200,3
3_職缺編號,G800,3
3_職缺編號,N300,3
3_職缺編號,D006,2
3_職缺編號,R093,2
3_職缺編號,R062,2
3_職缺編號,BIS_207,2
3_職缺編號,I3501,2
3_職缺編號,M001,2
3_職缺編號,A403,2
3_職缺編號,R046,2
3_職缺編號,A004,2
3_職缺編號,A006,2
3_職缺編號,A008,2
3_職缺編號,L000,2
3_職缺編號,M400,2
3_職缺編號,NO.3,2
3_職缺編號,#1,2
3_職缺編號,U202,2
3_職缺編號,F101,2
3_職缺編號,I300,2
3_職缺編號,#2,2
3_職缺編號,KTS_1605,2
3_職缺編號,C001,2
3_職缺編號,J000,2
3_職缺編號,T8324,2
3_職缺編號,D008,2
3_職缺編號,K000,2
3_職缺編號,O5602,2
3_職缺編號,I165,2
3_職缺編號,E600,2
3_職缺編號,R400,2
3_職缺編號,#600,2
3_職缺編號,A211,2
3_職缺編號,C202,2
3_職缺編號,TCS_600,2
3_職缺編號,KTS_1786,2
3_職缺編號,HR24022,2
3_職缺編號,Q100,2
3_職缺編號,D202,2
3_職缺編號,S300,2
3_職缺編號,M010,2
3_職缺編號,#2026,2
3_職缺編號,P500,2
3_職缺編號,P000,2
3_職缺編號,I100,2
3_職缺編號,U101,2
3_職缺編號,U102,2
3_職缺編號,M202,2
3_職缺編號,L200,2
3_職缺編號,D01300,2
3_職缺編號,V100,2
3_職缺編號,F001,2
3_職缺編號,JPS_850,2
3_職缺編號,D003,2
3_職缺編號,RFS_289,2
3_職缺編號,S400,2
3_職缺編號,B007,2
3_職缺編號,F500,2
3_職缺編號,S551,2
3_職缺編號,E500,2
3_職缺編號,H500,2
3_職缺編號,I3901,2
3_職缺編號,P100,2
3_職缺編號,R000,2
3_職缺編號,JR100904,2
3_職缺編號,Y000,2
3_職缺編號,F000,2
3_職缺編號,M000,2
3_職缺編號,KTS_1298,2
3_職缺編號,H000,2
3_職缺編號,G700,2
3_職缺編號,#4,2
3_職缺編號,KTS_1231,2
3_職缺編號,P200,2
3_職缺編號,F4401,2
3_職缺編號,M600,2
3_職缺編號,I3811,2
3_職缺編號,G100,2
3_職缺編號,R500,2
3_職缺編號,AMR_851,2
3_職缺編號,A302,2
3_職缺編號,JR100878,2
3_職缺編號,E8351,2
3_職缺編號,T8351,2
3_職缺編號,#256,2
3_職缺編號,FM23004,2
3_職缺編號,FM24002,2
3_職缺編號,T400,2
3_職缺編號,E001,2
3_職缺編號,N4000,1
3_職缺編號,S111513,1
3_職缺編號,M26034,1
3_職缺編號,H114,1
3_職缺編號,D050,1
3_職缺編號,W302,1
3_職缺編號,B028,1
3_職缺編號,Q22006,1
3_職缺編號,LSO_834,1
3_職缺編號,TWM001,1
3_職缺編號,S510,1
3_職缺編號,GCF200,1
3_職缺編號,C6251,1
3_職缺編號,S700,1
3_職缺編號,D043,1
3_職缺編號,D027,1
3_職缺編號,B008,1
3_職缺編號,SV620,1
3_職缺編號,C209,1
3_職缺編號,P042,1
3_職缺編號,N087,1
3_職缺編號,N111,1
3_職缺編號,M007,1
3_職缺編號,JR105211,1
3_職缺編號,JR101752,1
3_職缺編號,E8321,1
3_職缺編號,R070,1
3_職缺編號,FA26025,1
3_職缺編號,HCS_1738,1
3_職缺編號,K010,1
3_職缺編號,A00910,1
3_職缺編號,RK309,1
3_職缺編號,RFS_835,1
3_職缺編號,J25000,1
3_職缺編號,RD23002,1
3_職缺編號,NTC066,1
3_職缺編號,L0321,1
3_職缺編號,R029,1
3_職缺編號,BB-134,1
3_職缺編號,M011,1
3_職缺編號,M028,1
3_職缺編號,F4601,1
3_職缺編號,#107,1
3_職缺編號,E511503,1
3_職缺編號,ADH001,1
3_職缺編號,E8151,1
3_職缺編號,A030130,1
3_職缺編號,T111505,1
3_職缺編號,DL-15156,1
3_職缺編號,C403,1
3_職缺編號,C404,1
3_職缺編號,C602,1
3_職缺編號,A00939,1
3_職缺編號,P6030,1
3_職缺編號,SA320,1
3_職缺編號,R012,1
3_職缺編號,R060,1
3_職缺編號,LL-199,1
3_職缺編號,A207,1
3_職缺編號,A206,1
3_職缺編號,A602,1
3_職缺編號,A404,1
3_職缺編號,A209,1
3_職缺編號,R079,1
3_職缺編號,A013,1
3_職缺編號,A017,1
3_職缺編號,A029,1
3_職缺編號,A025,1
3_職缺編號,A5007,1
3_職缺編號,編號1150504,1
3_職缺編號,TWM006,1
3_職缺編號,RTR008,1
3_職缺編號,PT-1300,1
3_職缺編號,PT-1500,1
3_職缺編號,JD-00000065,1
3_職缺編號,F508,1
3_職缺編號,F2211505,1
3_職缺編號,D026,1
3_職缺編號,LL-232,1
3_職缺編號,H-2025014,1
3_職缺編號,A01000900,1
3_職缺編號,M021,1
3_職缺編號,K009,1
3_職缺編號,No.2,1
3_職缺編號,No.3,1
3_職缺編號,BIS_205,1
3_職缺編號,JR101988,1
3_職缺編號,E8001,1
3_職缺編號,I105,1
3_職缺編號,F103,1
3_職缺編號,RD010,1
3_職缺編號,RD006,1
3_職缺編號,A00836,1
3_職缺編號,F2611503,1
3_職缺編號,K500,1
3_職缺編號,KS2104,1
3_職缺編號,BIS_234,1
3_職缺編號,KS1104,1
3_職缺編號,JR105381,1
3_職缺編號,R072,1
3_職缺編號,T502,1
3_職缺編號,KTS_1226,1
3_職缺編號,C004,1
3_職缺編號,C009,1
3_職缺編號,C604,1
3_職缺編號,C115,1
3_職缺編號,K301,1
3_職缺編號,U205,1
3_職缺編號,U206,1
3_職缺編號,K201,1
3_職缺編號,C204,1
3_職缺編號,C112,1
3_職缺編號,C011,1
3_職缺編號,H2000,1
3_職缺編號,JD-00000189,1
3_職缺編號,N032,1
3_職缺編號,SV640,1
3_職缺編號,SA600,1
3_職缺編號,C611501,1
3_職缺編號,#40,1
3_職缺編號,P0201,1
3_職缺編號,SA410,1
3_職缺編號,S047,1
3_職缺編號,V402,1
3_職缺編號,M26013,1
3_職缺編號,F2811503,1
3_職缺編號,SV612,1
3_職缺編號,KTS_1681,1
3_職缺編號,RD008,1
3_職缺編號,NTC117,1
3_職缺編號,TC1103,1
3_職缺編號,JD-00000108,1
3_職缺編號,JD-00000188,1
3_職缺編號,JD-00000016,1
3_職缺編號,I201,1
3_職缺編號,DL-15158,1
3_職缺編號,DM801,1
3_職缺編號,L500,1
3_職缺編號,DNT137872,1
3_職缺編號,SKH438,1
3_職缺編號,A111,1
3_職缺編號,F2911501,1
3_職缺編號,FM23001,1
3_職缺編號,FM23002,1
3_職缺編號,IT25031,1
3_職缺編號,I103,1
3_職缺編號,A108,1
3_職缺編號,R045,1
3_職缺編號,AD10105,1
3_職缺編號,JR105422,1
3_職缺編號,編號37號,1
3_職缺編號,E8101,1
3_職缺編號,RFS_868,1
3_職缺編號,C109,1
3_職缺編號,C203,1
3_職缺編號,C110,1
3_職缺編號,M23007,1
3_職缺編號,A00899,1
3_職缺編號,B012,1
3_職缺編號,A603,1
3_職缺編號,A501,1
3_職缺編號,B113,1
3_職缺編號,A007,1
3_職缺編號,B114,1
3_職缺編號,A504,1
3_職缺編號,L300,1
3_職缺編號,A510,1
3_職缺編號,B205,1
3_職缺編號,M655,1
3_職缺編號,#45,1
3_職缺編號,F2511504,1
3_職缺編號,A132,1
3_職缺編號,HR25046,1
3_職缺編號,HC001,1
3_職缺編號,C500,1
3_職缺編號,T111502,1
3_職缺編號,F200,1
3_職缺編號,A511,1
3_職缺編號,Q24001,1
3_職缺編號,DL-13509,1
3_職缺編號,DL-14823,1
3_職缺編號,C0201,1
3_職缺編號,K005,1
3_職缺編號,N105,1
3_職缺編號,G500,1
3_職缺編號,H604,1
3_職缺編號,B100,1
3_職缺編號,D004,1
3_職缺編號,D211,1
3_職缺編號,D010,1
3_職缺編號,D111,1
3_職缺編號,D311,1
3_職缺編號,D206,1
3_職缺編號,D203,1
3_職缺編號,F2311510,1
3_職缺編號,S111508,1
3_職缺編號,SP340,1
3_職缺編號,JR103659,1
3_職缺編號,D101,1
3_職缺編號,F102,1
3_職缺編號,M203,1
3_職缺編號,A00890,1
3_職缺編號,M700,1
3_職缺編號,G121,1
3_職缺編號,N075,1
3_職缺編號,N113,1
3_職缺編號,N084,1
3_職缺編號,M23001,1
3_職缺編號,D19000,1
3_職缺編號,MK35100,1
3_職缺編號,T200,1
3_職缺編號,SS660,1
3_職缺編號,F2611504,1
3_職缺編號,F2611502,1
3_職缺編號,F2511514,1
3_職缺編號,RK801,1
3_職缺編號,K200,1
3_職缺編號,AS400,1
3_職缺編號,RD23008,1
3_職缺編號,KTP_1748,1
3_職缺編號,D0036,1
3_職缺編號,HR26044,1
3_職缺編號,HR26021,1
3_職缺編號,JR104570,1
3_職缺編號,P002,1
3_職缺編號,D357,1
3_職缺編號,#43,1
3_職缺編號,C9108,1
3_職缺編號,D277,1
3_職缺編號,V200,1
3_職缺編號,D658,1
3_職缺編號,JR105367,1
3_職缺編號,JR102109,1
3_職缺編號,AMR_208,1
3_職缺編號,RDR003,1
3_職缺編號,B500,1
3_職缺編號,AJ1111,1
3_職缺編號,M020,1
3_職缺編號,E8310,1
3_職缺編號,U203,1
3_職缺編號,U204,1
3_職缺編號,U302,1
3_職缺編號,K202,1
3_職缺編號,RD24003,1
3_職缺編號,U301,1
3_職缺編號,J003,1
3_職缺編號,N106,1
3_職缺編號,N004,1
3_職缺編號,N027,1
3_職缺編號,N069,1
3_職缺編號,JR105550,1
3_職缺編號,I207,1
3_職缺編號,I205,1
3_職缺編號,GA100,1
3_職缺編號,M502,1
3_職缺編號,M501,1
3_職缺編號,C111503,1
3_職缺編號,D200,1
3_職缺編號,JD-00000010,1
3_職缺編號,E160,1
3_職缺編號,JD-00000130,1
3_職缺編號,C311,1
3_職缺編號,C304,1
3_職缺編號,C210,1
3_職缺編號,C312,1
3_職缺編號,C108,1
3_職缺編號,DL-15160,1
3_職缺編號,JR100877,1
3_職缺編號,D637,1
3_職缺編號,H700,1
3_職缺編號,DL-14221,1
3_職缺編號,LLS_834,1
3_職缺編號,F2011505,1
3_職缺編號,N089,1
3_職缺編號,N097,1
3_職缺編號,N078,1
3_職缺編號,N023,1
3_職缺編號,N055,1
3_職缺編號,F404,1
3_職缺編號,F402,1
3_職缺編號,RD009,1
3_職缺編號,D009,1
3_職缺編號,D602,1
3_職缺編號,D309,1
3_職缺編號,E202,1
3_職缺編號,D001,1
3_職缺編號,E507,1
3_職缺編號,D402,1
3_職缺編號,D504,1
3_職缺編號,D205,1
3_職缺編號,D107,1
3_職缺編號,E114,1
3_職缺編號,D312,1
3_職缺編號,D405,1
3_職缺編號,D401,1
3_職缺編號,E602,1
3_職缺編號,D204,1
3_職缺編號,D302,1
3_職缺編號,D115,1
3_職缺編號,E007,1
3_職缺編號,D501,1
3_職缺編號,D011,1
3_職缺編號,D502,1
3_職缺編號,D303,1
3_職缺編號,D306,1
3_職缺編號,F2611501,1
3_職缺編號,SA0000,1
3_職缺編號,C7416,1
3_職缺編號,JD-00000170,1
3_職缺編號,N000,1
3_職缺編號,S111505,1
3_職缺編號,L26042,1
3_職缺編號,DL-14026,1
3_職缺編號,H403,1
3_職缺編號,H008,1
3_職缺編號,F306,1
3_職缺編號,F111504,1
3_職缺編號,Q23001,1
3_職缺編號,G024,1
3_職缺編號,U200,1
3_職缺編號,X100,1
3_職缺編號,P400,1
3_職缺編號,E8231,1
3_職缺編號,A00931,1
3_職缺編號,G300,1
3_職缺編號,S0532,1
3_職缺編號,V401,1
3_職缺編號,E700,1
3_職缺編號,F2211503,1
3_職缺編號,F2211504,1
3_職缺編號,P300,1
3_職缺編號,ISO14001,1
3_職缺編號,ISO45001,1
3_職缺編號,JA045,1
3_職缺編號,N088,1
3_職缺編號,F2011504,1
3_職缺編號,F2511512,1
3_職缺編號,#18,1
3_職缺編號,A00894,1
3_職缺編號,JA040,1
3_職缺編號,JR-11505,1
3_職缺編號,D08000,1
3_職缺編號,I180,1
3_職缺編號,S111501,1
3_職缺編號,K300,1
3_職缺編號,C100,1
3_職缺編號,F2711514,1
3_職缺編號,F2711515,1
3_職缺編號,H203,1
3_職缺編號,S040,1
3_職缺編號,H202,1
3_職缺編號,H110,1
3_職缺編號,SV131,1
3_職缺編號,SHE25087,1
3_職缺編號,DM802,1
3_職缺編號,N090,1
3_職缺編號,RD004,1
3_職缺編號,N108,1
3_職缺編號,R076,1
3_職缺編號,JD-00000161,1
3_職缺編號,JD-00000089,1
3_職缺編號,JD-00000026,1
3_職缺編號,JD-00000045,1
3_職缺編號,JD-00000175,1
3_職缺編號,JD-00000119,1
3_職缺編號,JD-00000184,1
3_職缺編號,JD-00000185,1
3_職缺編號,JD-00000182,1
3_職缺編號,JD-00000183,1
3_職缺編號,JD-00000001,1
3_職缺編號,JD-00000164,1
3_職缺編號,JD-00000111,1
3_職缺編號,F2511510,1
3_職缺編號,DL-15640,1
3_職缺編號,DL-15157,1
3_職缺編號,F2211501,1
3_職缺編號,SA460,1
3_職缺編號,T111506,1
3_職缺編號,T111503,1
3_職缺編號,AMR221,1
3_職缺編號,SHE-23001,1
3_職缺編號,K900,1
3_職缺編號,B322,1
3_職缺編號,JR-5915,1
3_職缺編號,I3601,1
3_職缺編號,F2711525,1
3_職缺編號,No.11,1
3_職缺編號,V503,1
3_職缺編號,W200,1
3_職缺編號,JD-00000190,1
3_職缺編號,JD-00000150,1
3_職缺編號,C111508,1
3_職缺編號,JD-00000003,1
3_職缺編號,N016,1
3_職缺編號,G114,1
3_職缺編號,N048,1
3_職缺編號,Q22007,1
3_職缺編號,JR100889,1
3_職缺編號,TPE001,1
3_職缺編號,D655,1
3_職缺編號,C6110,1
3_職缺編號,C7331,1
3_職缺編號,JR102115,1
3_職缺編號,JR105356,1
3_職缺編號,G148,1
3_職缺編號,TAH001,1
3_職缺編號,SAH001,1
3_職缺編號,GHR100,1
3_職缺編號,JR103584,1
3_職缺編號,A2000,1
3_職缺編號,WD55310,1
3_職缺編號,JD-00000172,1
3_職缺編號,AMR_221,1
3_職缺編號,IT25047,1
3_職缺編號,C5411,1
3_職缺編號,M003,1
3_職缺編號,N013,1
3_職缺編號,R118,1
3_職缺編號,R008,1
3_職缺編號,B032,1
3_職缺編號,B-2026,1
3_職缺編號,DL-15216,1
3_職缺編號,W300,1
3_職缺編號,F028,1
3_職缺編號,R001,1
3_職缺編號,A411513,1
3_職缺編號,JR103733,1
3_職缺編號,JR104094,1
3_職缺編號,C303,1
3_職缺編號,C113,1
3_職缺編號,C114,1
3_職缺編號,C309,1
3_職缺編號,C211,1
3_職缺編號,M201,1
3_職缺編號,U24001,1
3_職缺編號,F2011521,1
3_職缺編號,JR-12163,1
3_職缺編號,JR-15000,1
3_職缺編號,E511506,1
3_職缺編號,B340,1
3_職缺編號,M24045,1
3_職缺編號,R600,1
3_職缺編號,RD003,1
3_職缺編號,SS440,1
3_職缺編號,D304,1
3_職缺編號,D601,1
3_職缺編號,A306,1
3_職缺編號,A114,1
3_職缺編號,A205,1
3_職缺編號,B308,1
3_職缺編號,A308,1
3_職缺編號,A502,1
3_職缺編號,B302,1
3_職缺編號,A012,1
3_職缺編號,H006,1
3_職缺編號,A005,1
3_職缺編號,A026,1
3_職缺編號,D002,1
3_職缺編號,C121,1
3_職缺編號,#102,1
3_職缺編號,E309,1
3_職缺編號,D404,1
3_職缺編號,D603,1
3_職缺編號,D313,1
3_職缺編號,D102,1
3_職缺編號,D308,1
3_職缺編號,D507,1
3_職缺編號,D007,1
3_職缺編號,E011,1
3_職缺編號,E308,1
3_職缺編號,D005,1
3_職缺編號,D604,1
3_職缺編號,E211,1
3_職缺編號,D510,1
3_職缺編號,D109,1
3_職缺編號,D110,1
3_職缺編號,D403,1
3_職缺編號,D112,1
3_職缺編號,I200,1
3_職缺編號,N082,1
3_職缺編號,TCS_820,1
3_職缺編號,E205,1
3_職缺編號,E006,1
3_職缺編號,D505,1
3_職缺編號,D209,1
3_職缺編號,P6010,1
4_招募文字,兼職,6516
4_招募文字,正職,3445
4_招募文字,獎金,2860
4_招募文字,工讀,2753
4_招募文字,無經驗,2648
4_招募文字,時薪,2354
4_招募文字,月薪,1776
4_招募文字,歡迎,1630
4_招募文字,誠徵,1105
4_招募文字,招募,962
4_招募文字,全職,958
4_招募文字,急徵,954
4_招募文字,電洽,887
4_招募文字,培訓,748
4_招募文字,長期,725
4_招募文字,保障,680
4_招募文字,年薪,648
4_招募文字,高薪,535
4_招募文字,意者,477
4_招募文字,起薪,441
4_招募文字,短期,337
4_招募文字,日薪,283
4_招募文字,徵才,238
4_招募文字,免經驗,207
4_招募文字,可培訓,188
4_招募文字,大徵,183
4_招募文字,應徵,165
4_招募文字,來電,138
4_招募文字,預約,98
4_招募文字,面議,90
4_招募文字,招聘,60
4_招募文字,新手,50
4_招募文字,徵求,48
4_招募文字,洽詢,46
4_招募文字,可議,45
4_招募文字,請洽,40
4_招募文字,洽談,25
4_招募文字,經驗不拘,18
4_招募文字,徵人,12
4_招募文字,立即上工,11
4_招募文字,意洽,7
4_招募文字,面洽,7
4_招募文字,優薪,4
4_招募文字,馬上上班,2
4_招募文字,month,2
4_招募文字,補人,1
5_招募窗口姓名,陳先生,20
5_招募窗口姓名,林小姐,19
5_招募窗口姓名,黃先生,18
5_招募窗口姓名,葉先生,15
5_招募窗口姓名,張小姐,14
5_招募窗口姓名,陳小姐,13
5_招募窗口姓名,黃小姐,13
5_招募窗口姓名,蔡先生,12
5_招募窗口姓名,林先生,12
5_招募窗口姓名,吳先生,12
5_招募窗口姓名,曾先生,11
5_招募窗口姓名,洽葉先生0,10
5_招募窗口姓名,吳小姐,9
5_招募窗口姓名,王先生,9
5_招募窗口姓名,趙經理,9
5_招募窗口姓名,張先生,9
5_招募窗口姓名,洪小姐,9
5_招募窗口姓名,洽 陳楹塘,8
5_招募窗口姓名,何先生,8
5_招募窗口姓名,洽何先生0,8
5_招募窗口姓名,周小姐,7
5_招募窗口姓名,劉小姐,7
5_招募窗口姓名,蔡課長,7
5_招募窗口姓名,陳店長,7
5_招募窗口姓名,蔡小姐,7
5_招募窗口姓名,楊先生,7
5_招募窗口姓名,洽陳小姐0,6
5_招募窗口姓名,劉先生,6
5_招募窗口姓名,洽林小姐0,6
5_招募窗口姓名,戴小姐,6
5_招募窗口姓名,洽戴小姐(,6
5_招募窗口姓名,許先生,6
5_招募窗口姓名,李小姐,5
5_招募窗口姓名,鄭先生,5
5_招募窗口姓名,洽 曾先生,5
5_招募窗口姓名,謝店長,5
5_招募窗口姓名,洽謝店長,5
5_招募窗口姓名,王店長,5
5_招募窗口姓名,劉經理,5
5_招募窗口姓名,江店長,4
5_招募窗口姓名,洽江店長,4
5_招募窗口姓名,陳經理,4
5_招募窗口姓名,李先生,4
5_招募窗口姓名,謝課長,4
5_招募窗口姓名,洽謝課長0,4
5_招募窗口姓名,楊經理,4
5_招募窗口姓名,郭先生,4
5_招募窗口姓名,翁先生,4
5_招募窗口姓名,洽陳店長,4
5_招募窗口姓名,李店長,4
5_招募窗口姓名,洽李店長,4
5_招募窗口姓名,呂先生,4
5_招募窗口姓名,洽王店長0,4
5_招募窗口姓名,張經理,4
5_招募窗口姓名,洽林小姐,4
5_招募窗口姓名,洽林先生：,3
5_招募窗口姓名,洽陳園長,3
5_招募窗口姓名,洽劉小姐0,3
5_招募窗口姓名,孫老師,3
5_招募窗口姓名,洽孫老師,3
5_招募窗口姓名,林經理,3
5_招募窗口姓名,呂課長,3
5_招募窗口姓名,葉經理,3
5_招募窗口姓名,廖小姐,3
5_招募窗口姓名,洽葉先生:,3
5_招募窗口姓名,廖主任,3
5_招募窗口姓名,洽廖主任0,3
5_招募窗口姓名,洽呂先生,3
5_招募窗口姓名,賴先生,3
5_招募窗口姓名,鄭店長,3
5_招募窗口姓名,洽鄭店長,3
5_招募窗口姓名,胡先生,3
5_招募窗口姓名,高小姐,2
5_招募窗口姓名,洽劉小姐(,2
5_招募窗口姓名,邱先生,2
5_招募窗口姓名,沈先生,2
5_招募窗口姓名,林協理,2
5_招募窗口姓名,周課長,2
5_招募窗口姓名,洽周課長0,2
5_招募窗口姓名,洽李先生0,2
5_招募窗口姓名,洽蔡先生,2
5_招募窗口姓名,王小姐,2
5_招募窗口姓名,葉店長,2
5_招募窗口姓名,洽 葉店長0,2
5_招募窗口姓名,洽 陳經理,2
5_招募窗口姓名,洽楊經理0,2
5_招募窗口姓名,洽王先生0,2
5_招募窗口姓名,江先生,2
5_招募窗口姓名,彭小姐,2
5_招募窗口姓名,洽張先生0,2
5_招募窗口姓名,洽 葉總09,2
5_招募窗口姓名,趙先生,2
5_招募窗口姓名,洽趙先生0,2
5_招募窗口姓名,朱先生,2
5_招募窗口姓名,洽林先生0,2
5_招募窗口姓名,洽蔡課長0,2
5_招募窗口姓名,洽 吳先生(,2
5_招募窗口姓名,侯小姐,2
5_招募窗口姓名,洽 吳小姐(,2
5_招募窗口姓名,張老師,2
5_招募窗口姓名,洽張老師0,2
5_招募窗口姓名,洽 謝謝),2
5_招募窗口姓名,洽張經理0,2
5_招募窗口姓名,高老師,2
5_招募窗口姓名,葉小姐,1
5_招募窗口姓名,洽 陳經理(,1
5_招募窗口姓名,徐先生,1
5_招募窗口姓名,洽吳先生,1
5_招募窗口姓名,蘇小姐,1
5_招募窗口姓名,洽黃先生,1
5_招募窗口姓名,曾小姐,1
5_招募窗口姓名,鄭小姐,1
5_招募窗口姓名,鍾先生,1
5_招募窗口姓名,張店長,1
5_招募窗口姓名,洽張店長,1
5_招募窗口姓名,洽陳特助0,1
5_招募窗口姓名,游協理,1
5_招募窗口姓名,洽呂課長~,1
5_招募窗口姓名,洽林協理0,1
5_招募窗口姓名,洽李主廚,1
5_招募窗口姓名,洽黃主廚,1
5_招募窗口姓名,詹先生,1
5_招募窗口姓名,洽沈先生0,1
5_招募窗口姓名,洽 王小姐0,1
5_招募窗口姓名,施先生,1
5_招募窗口姓名,洽施先生0,1
5_招募窗口姓名,賴小姐,1
5_招募窗口姓名,洽 賴小姐(,1
5_招募窗口姓名,洽李小姐0,1
5_招募窗口姓名,洽張小姐(,1
5_招募窗口姓名,胡小姐,1
5_招募窗口姓名,洽 林先生,1
5_招募窗口姓名,洽林經理0,1
5_招募窗口姓名,洽 蔡先生0,1
5_招募窗口姓名,洽王店長,1
5_招募窗口姓名,洽蔡小姐),1
5_招募窗口姓名,盧先生,1
5_招募窗口姓名,洽盧先生0,1
5_招募窗口姓名,洽 廖小姐(,1
5_招募窗口姓名,洽曾先生0,1
5_招募窗口姓名,顏老師,1
5_招募窗口姓名,洽顏老師0,1
5_招募窗口姓名,洽 黃小姐,1
5_招募窗口姓名,游小姐,1
5_招募窗口姓名,洽游小姐(,1
5_招募窗口姓名,朱小姐,1
5_招募窗口姓名,洽吳組長0,1
5_招募窗口姓名,洽黃師傅0,1
5_招募窗口姓名,宋先生,1
5_招募窗口姓名,洽宋先生0,1
5_招募窗口姓名,簡先生,1
5_招募窗口姓名,洽 簡先生0,1
5_招募窗口姓名,洽 李小姐0,1
5_招募窗口姓名,洽謝秘書0,1
5_招募窗口姓名,廖先生,1
5_招募窗口姓名,洽郭領班0,1
5_招募窗口姓名,何經理,1
5_招募窗口姓名,林店長,1
5_招募窗口姓名,洽林店長0,1
5_招募窗口姓名,李主任,1
5_招募窗口姓名,洽李主任0,1
5_招募窗口姓名,許主任,1
5_招募窗口姓名,吳店長,1
5_招募窗口姓名,洽吳店長手,1
5_招募窗口姓名,魏小姐,1
5_招募窗口姓名,洽魏小姐(,1
5_招募窗口姓名,洽林經理:,1
5_招募窗口姓名,謝先生,1
5_招募窗口姓名,洽林先生面,1
5_招募窗口姓名,洽楊先生*,1
5_招募窗口姓名,洽 黃小姐0,1
5_招募窗口姓名,王專員,1
5_招募窗口姓名,侯先生,1
5_招募窗口姓名,洽黃先生0,1
5_招募窗口姓名,洽 吳組長】,1
5_招募窗口姓名,洽游秘書(,1
5_招募窗口姓名,洪課長,1
5_招募窗口姓名,游經理,1
5_招募窗口姓名,洽 胡先生0,1
5_招募窗口姓名,洪先生,1
5_招募窗口姓名,洽 張小姐,1
5_招募窗口姓名,蘇先生,1
5_招募窗口姓名,洽 張小姐0,1
5_招募窗口姓名,洽 劉秘書(,1
5_招募窗口姓名,洽蔡先生0,1
5_招募窗口姓名,洽周小姐(,1
5_招募窗口姓名,洽 黃小姐(,1
5_招募窗口姓名,洽 郭先生0,1
5_招募窗口姓名,洽廖小姐(,1
5_招募窗口姓名,杜小姐,1
5_招募窗口姓名,江小姐,1
5_招募窗口姓名,洽江小姐(,1
5_招募窗口姓名,楊主任,1
5_招募窗口姓名,洽 楊主任(,1
5_招募窗口姓名,洽楊先生0,1
5_招募窗口姓名,周先生,1
5_招募窗口姓名,洽周先生0,1
5_招募窗口姓名,洽 黃先生,1
5_招募窗口姓名,洽呂課長0,1
5_招募窗口姓名,洽黃小姐:,1
5_招募窗口姓名,陳副理,1
5_招募窗口姓名,林襄理,1
5_招募窗口姓名,洽林襄理0,1
5_招募窗口姓名,洽 陳小姐2,1
5_招募窗口姓名,陳老師,1
5_招募窗口姓名,洽 陳老師(,1
5_招募窗口姓名,余先生,1
6_電話,000000041662,43
6_電話,000000041661,42
6_電話,0938721605,24
6_電話,0963-010-047,22
6_電話,0911376568,18
6_電話,0932-577-946,16
6_電話,0976052740,16
6_電話,0986532530,16
6_電話,0982433500,16
6_電話,0956888500,16
6_電話,0985468847,14
6_電話,0910-199-390,14
6_電話,#205,12
6_電話,0926-194-635,10
6_電話,#812,10
6_電話,#238,10
6_電話,0927-896-766,10
6_電話,0983285687,10
6_電話,0955666970,8
6_電話,0985420231,8
6_電話,0916306077,8
6_電話,0981-302-074,8
6_電話,0933-510405,8
6_電話,03-4791537,8
6_電話,0918020279,8
6_電話,0958755888,6
6_電話,0972273697,6
6_電話,0931088809,6
6_電話,0918323743,6
6_電話,#202,6
6_電話,0987-119-716,6
6_電話,0973-581557,6
6_電話,0970-011-011,6
6_電話,0935-907583,6
6_電話,0987-933865,6
6_電話,0930891736,6
6_電話,0903016168,6
6_電話,(03)3840-265,6
6_電話,0929-130697,6
6_電話,0988525558,6
6_電話,0927-300-867,6
6_電話,0911-587219,6
6_電話,0903-893-932,6
6_電話,0960707268,6
6_電話,0982-900954,6
6_電話,0976439367,6
6_電話,0908859752,6
6_電話,0928089713,6
6_電話,0901-281-025,6
6_電話,0982222233,6
6_電話,(07)6691-559,5
6_電話,0932855021,4
6_電話,0912361132,4
6_電話,0979759019,4
6_電話,0926945008,4
6_電話,0912348693,4
6_電話,0939-808-618,4
6_電話,0926373551,4
6_電話,0955-195-059,4
6_電話,0910-383-959,4
6_電話,0932-509-891,4
6_電話,0935-167-363,4
6_電話,0932-581-562,4
6_電話,0972-785-761,4
6_電話,0919-089168,4
6_電話,0978218830,4
6_電話,0958819832,4
6_電話,0911896773,4
6_電話,0952578338,4
6_電話,0938-310370,4
6_電話,0965-213903,4
6_電話,0936-337-355,4
6_電話,02-29764468,4
6_電話,0930176186,4
6_電話,0931-530-815,4
6_電話,0960-717-099,4
6_電話,0928265645,4
6_電話,0936334939,4
6_電話,0932-128-498,4
6_電話,0955-866-343,4
6_電話,0963-338765,4
6_電話,0919-031-291,4
6_電話,0983-855-122,4
6_電話,0915169069,4
6_電話,0929110835,4
6_電話,0986167501,4
6_電話,0975-175-788,4
6_電話,0938807178,4
6_電話,0921410229,4
6_電話,0910831864,4
6_電話,0938383602,4
6_電話,0960018192,4
6_電話,0915-383882,4
6_電話,0932637650,4
6_電話,0977247239,4
6_電話,0967206330,4
6_電話,0933808097,4
6_電話,(03)5592525,4
6_電話,0921864098,4
6_電話,0983296393,4
6_電話,0903482688,4
6_電話,0922185455,4
6_電話,0933-505569,4
6_電話,0929377016,4
6_電話,0935358352,4
6_電話,0929-320412,4
6_電話,0921058281,4
6_電話,0977485595,4
6_電話,0972575722,4
6_電話,05-3627557,4
6_電話,0963-093661,4
6_電話,0928300560,4
6_電話,0987496350,4
6_電話,0901-077499,4
6_電話,0927115163,4
6_電話,0913-108-528,4
6_電話,0933452815,4
6_電話,0989-607-489,4
6_電話,0982-582-247,4
6_電話,0932248458,4
6_電話,0971-113878,4
6_電話,0935-579-620,4
6_電話,(05)5513-667,3
6_電話,(04)8734-902,3
6_電話,08-8880175,3
6_電話,(02)8257-0020,3
6_電話,05-2778788,3
6_電話,(02)2221-1093,3
6_電話,#813,3
6_電話,00-2312131,3
6_電話,04-22332553,3
6_電話,02-86662090,3
6_電話,0938155191,2
6_電話,0000-100000,2
6_電話,0972333728,2
6_電話,0933-807133,2
6_電話,(02)2991-6111,2
6_電話,0925-233232,2
6_電話,0932-513-028,2
6_電話,0960701999,2
6_電話,0963085586,2
6_電話,(02)2764-9708,2
6_電話,(03)5777-912,2
6_電話,(03)9576-695,2
6_電話,0903-551555,2
6_電話,0932-873-880,2
6_電話,(03)3862-046,2
6_電話,0919-266800,2
6_電話,0953513551,2
6_電話,0932-926-961,2
6_電話,0983-166-666,2
6_電話,036673333,2
6_電話,0985938300,2
6_電話,0909629585,2
6_電話,0988786658,2
6_電話,04-2332-0108,2
6_電話,02-26279660,2
6_電話,0919-089-168,2
6_電話,0927151211,2
6_電話,0926071001,2
6_電話,0981056229,2
6_電話,0952-002200,2
6_電話,0922-499459,2
6_電話,0963013188,2
6_電話,0980-478800,2
6_電話,0976-266927,2
6_電話,0953504847,2
6_電話,0930003876,2
6_電話,0933-803-118,2
6_電話,0963433278,2
6_電話,08-7626512,2
6_電話,0912-563-489,2
6_電話,0967295257,2
6_電話,0932-226-008,2
6_電話,0933-873-614,2
6_電話,0927199226,2
6_電話,0920-873173,2
6_電話,0971-113-878,2
6_電話,0983-879-179,2
6_電話,0939919173,2
6_電話,0918237522,2
6_電話,0906-360-108,2
6_電話,055970688,2
6_電話,0979-719157,2
6_電話,05-2768885,2
6_電話,0975332994,2
6_電話,0930-097552,2
6_電話,0909398336,2
6_電話,0931-603056,2
6_電話,0958-150526,2
6_電話,0980-708766,2
6_電話,0900-755-168,2
6_電話,038-536251,2
6_電話,0930606107,2
6_電話,0986740835,2
6_電話,0939-091-629,2
6_電話,0935827357,2
6_電話,0933-669618,2
6_電話,0931-223072,2
6_電話,0978-128-562,2
6_電話,0932684380,2
6_電話,0956373533,2
6_電話,0926265699,2
6_電話,0919620736,2
6_電話,0987780200,2
6_電話,0920-039-053,2
6_電話,0986836679,2
6_電話,0912036881,2
6_電話,0928955586,2
6_電話,0918-788000,2
6_電話,0910100822,2
6_電話,0968-998-807,2
6_電話,0960730025,2
6_電話,0927528899,2
6_電話,0937-481110,2
6_電話,0937-025-575,2
6_電話,0981-219032,2
6_電話,0916776256,2
6_電話,0980-559717,2
6_電話,0928-207-890,2
6_電話,0953041802,2
6_電話,(03)758-0910,2
6_電話,0975-177676,2
6_電話,0935579620,2
6_電話,0931165991,2
6_電話,0919-534-296,2
6_電話,0929285325,2
6_電話,02-86883852,2
6_電話,0916-995-621,2
6_電話,0905885280,2
6_電話,#600,2
6_電話,0980-556-213,2
6_電話,0932599727,2
6_電話,0987-271-688,2
6_電話,0918628059,2
6_電話,0926113316,2
6_電話,(03)989-8806,2
6_電話,0936-777458,2
6_電話,0937744982,2
6_電話,0932969237,2
6_電話,0982768327,2
6_電話,0930109338,2
6_電話,0920546211,2
6_電話,0913551649,2
6_電話,0932-076-388,2
6_電話,0963-708-362,2
6_電話,0963-708-162,2
6_電話,0983-716-187,2
6_電話,0980484747,2
6_電話,0918-456-766,2
6_電話,0975279422,2
6_電話,0921-737340,2
6_電話,0926692299,2
6_電話,0965028869,2
6_電話,0979-019-999,2
6_電話,0927696867,2
6_電話,0931-530009,2
6_電話,0970688035,2
6_電話,0963-471-458,2
6_電話,0935-535-127,2
6_電話,(03)385-3929,2
6_電話,0983026058,2
6_電話,0989-548274,2
6_電話,0900-356-404,2
6_電話,0982248808,2
6_電話,0981209672,2
6_電話,0932-342-090,2
6_電話,0939-878-063,2
6_電話,0985353244,2
6_電話,0925023829,2
6_電話,0933652188,2
6_電話,0988-053-213,2
6_電話,0982577043,2
6_電話,0933-172787,2
6_電話,0958798666,2
6_電話,0913566900,2
6_電話,0989259583,2
6_電話,0912311886,2
6_電話,#2026,2
6_電話,0913-620226,2
6_電話,0966387982,2
6_電話,07-3520598,2
6_電話,0989558122,2
6_電話,0911-700-103,2
6_電話,0936963833,2
6_電話,0909453188,2
6_電話,0965-376-998,2
6_電話,0931130913,2
6_電話,07-2239292,2
6_電話,0968222835,2
6_電話,0965106969,2
6_電話,0988370018,2
6_電話,0939-615-831,2
6_電話,0936816433,2
6_電話,0982-600-032,2
6_電話,0909-036-579,2
6_電話,0955825680,2
6_電話,0963-355-721,2
6_電話,0987-680531,2
6_電話,0918657930,2
6_電話,0930-367-292,2
6_電話,0917-656-539,2
6_電話,07-3752033,2
6_電話,0920-299-766,2
6_電話,0926590730,2
6_電話,0932136025,2
6_電話,0975707989,2
6_電話,0926956689,2
6_電話,0981539739,2
6_電話,0966558203,2
6_電話,0980379789,2
6_電話,0989-340-222,2
6_電話,0910 012 213,2
6_電話,0953808636,2
6_電話,0960717219,2
6_電話,0901002510,2
6_電話,07-7963775,2
6_電話,0973833750,2
6_電話,0928-811-449,2
6_電話,0963369176,2
6_電話,0936207812,2
6_電話,0970549994,2
6_電話,07-7335158,2
6_電話,0953-371-229,2
6_電話,0927362616,2
6_電話,0926080683,2
6_電話,(02)8985-3028,2
6_電話,0921-709-621,2
6_電話,(02)8970-4391,2
6_電話,0983-886-375,2
6_電話,0987-290-034,2
6_電話,0932-298261,2
6_電話,(03)475-6310,2
6_電話,0987-860-522,2
6_電話,0938-967-160,2
6_電話,0935-275-562,2
6_電話,0905-806577,2
6_電話,0989-774-778,2
6_電話,0970-164-545,2
6_電話,0937-109-982,2
6_電話,0912516182,2
6_電話,0983-515-722,2
6_電話,0938802669,2
6_電話,0912368561,2
6_電話,0931-085-959,2
6_電話,0931507089,2
6_電話,0938-721-605,2
6_電話,0905082160,2
6_電話,0932892242,2
6_電話,0917087921,2
6_電話,0989717608,2
6_電話,0988-767-657,2
6_電話,0934-017-986,2
6_電話,0919-715053,2
6_電話,0901-288-654,2
6_電話,0935570281,2
6_電話,0933172787,2
6_電話,#256,2
6_電話,(02)2577-8747,2
6_電話,0918-323-743,2
6_電話,0929-833-297,2
6_電話,0938-514-518,2
6_電話,0931257259,2
6_電話,000000041687,2
6_電話,000000041703,2
6_電話,0976-553711,2
6_電話,0928621373,2
6_電話,0978003207,2
6_電話,0972785651,2
6_電話,0912810957,2
6_電話,(02)2786-5566,1
6_電話,033075111,1
6_電話,(02)2900-9622,1
6_電話,(03)411-6766,1
6_電話,07-7197-926,1
6_電話,06-2519999,1
6_電話,06-2591969,1
6_電話,02-8295-1802,1
6_電話,(02)2263-0937,1
6_電話,(02)2794-0408,1
6_電話,04-26565895,1
6_電話,(05)2687-907,1
6_電話,(03)3298-887,1
6_電話,00-26050603,1
6_電話,02-2794-9911,1
6_電話,03-4351184,1
6_電話,036 0955-968,1
6_電話,0955-968-778,1
6_電話,(03)7743-036,1
6_電話,03-3327446,1
6_電話,03-3336232,1
6_電話,(06)2212-022,1
6_電話,05-5860090,1
6_電話,(03)3816688,1
6_電話,066890712,1
6_電話,06-5999799,1
6_電話,02-86772315,1
6_電話,03-4993019,1
6_電話,#107,1
6_電話,07-3736-950,1
6_電話,049-2985777,1
6_電話,03-4779659,1
6_電話,05-2601668,1
6_電話,00000065,1
6_電話,08-8668868,1
6_電話,(04)8236-460,1
6_電話,(02)2619-4730,1
6_電話,(02)2299-3612,1
6_電話,03-3837011,1
6_電話,(04)2252-1732,1
6_電話,01000900,1
6_電話,(06)5858837,1
6_電話,02-26597266,1
6_電話,(07)7336-896,1
6_電話,(02)2226-6231,1
6_電話,06-3316367,1
6_電話,04-23365525,1
6_電話,(07)7105-592,1
6_電話,00000189,1
6_電話,#40,1
6_電話,02-25942177,1
6_電話,03-3711788,1
6_電話,07-7491120,1
6_電話,07-5560088,1
6_電話,(02)2433-6109,1
6_電話,(03)5263-272,1
6_電話,00000108,1
6_電話,00000188,1
6_電話,00000016,1
6_電話,(06)6622-190,1
6_電話,03-4907879,1
6_電話,(06)2728-1111,1
6_電話,03-9287700,1
6_電話,08-7894010,1
6_電話,(05)7850697,1
6_電話,03-4755151,1
6_電話,分機216,1
6_電話,06-2724315,1
6_電話,(04)2229-2353,1
6_電話,06-2708368,1
6_電話,#45,1
6_電話,(03)332-8366,1
6_電話,(02)2339-3338,1
6_電話,04-23808332,1
6_電話,035556999,1
6_電話,07-3903651,1
6_電話,(06)5899-477,1
6_電話,02-2994870,1
6_電話,02-22269477,1
6_電話,(02)2703-9001,1
6_電話,000-26033001,1
6_電話,01300-2604,1
6_電話,01300-2606,1
6_電話,02-86852209,1
6_電話,07-7925815,1
6_電話,(02)8630-3333,1
6_電話,07-3617189,1
6_電話,04-23808425,1
6_電話,#43,1
6_電話,(02)2255-9225,1
6_電話,(02)8976-9234,1
6_電話,03-2127900,1
6_電話,03-5995157,1
6_電話,00-26070102,1
6_電話,00-26062201,1
6_電話,00-26031201,1
6_電話,00-26061502,1
6_電話,00000010,1
6_電話,00000130,1
6_電話,(02)2782-0736,1
6_電話,03-950-5888,1
6_電話,03-2717880,1
6_電話,00-26050801,1
6_電話,0000-26051501,1
6_電話,00000170,1
6_電話,07-7919181,1
6_電話,(02)3234-8801,1
6_電話,07-6974185,1
6_電話,#18,1
6_電話,08000-2605,1
6_電話,(02)2822-0909,1
6_電話,(03)3238398,1
6_電話,(04)7271-468,1
6_電話,06-3303892,1
6_電話,02-22628853,1
6_電話,(02)2721-9011,1
6_電話,(02)8665-9872,1
6_電話,03-4756310,1
6_電話,00000161,1
6_電話,00000089,1
6_電話,00000026,1
6_電話,00000045,1
6_電話,00000175,1
6_電話,00000119,1
6_電話,00000184,1
6_電話,00000185,1
6_電話,00000182,1
6_電話,00000183,1
6_電話,00000001,1
6_電話,00000164,1
6_電話,00000111,1
6_電話,(02)2960-2748,1
6_電話,04-8880888,1
6_電話,(04)2381-4317,1
6_電話,(07)6123-878,1
6_電話,(05)5575-381,1
6_電話,00000190,1
6_電話,00000150,1
6_電話,00000003,1
6_電話,06-2612783,1
6_電話,00-2504101,1
6_電話,(06)2025-586,1
6_電話,0000-120000,1
6_電話,(02)2636-5151,1
6_電話,(02)2708-3110,1
6_電話,04-24365292,1
6_電話,03 366 1518,1
6_電話,00-26051101,1
6_電話,00000172,1
6_電話,000000041679,1
6_電話,000000041672,1
6_電話,000000041744,1
6_電話,05-2377057,1
6_電話,(07)710-5592,1
6_電話,#102,1
6_電話,05-2288007,1
7_廠商內部編號,40000,280
7_廠商內部編號,45000,232
7_廠商內部編號,38000,155
7_廠商內部編號,50000,138
7_廠商內部編號,35000,124
7_廠商內部編號,42000,113
7_廠商內部編號,36000,112
7_廠商內部編號,2026,95
7_廠商內部編號,48000,95
7_廠商內部編號,30000,95
7_廠商內部編號,41000,92
7_廠商內部編號,R00000004,92
7_廠商內部編號,0000000416,89
7_廠商內部編號,32000,74
7_廠商內部編號,2000,73
7_廠商內部編號,43000,69
7_廠商內部編號,20400,69
7_廠商內部編號,44000,66
7_廠商內部編號,18000,66
7_廠商內部編號,2300,65
7_廠商內部編號,3000,63
7_廠商內部編號,46000,61
7_廠商內部編號,52000,54
7_廠商內部編號,60000,54
7_廠商內部編號,33000,53
7_廠商內部編號,10000,53
7_廠商內部編號,39000,51
7_廠商內部編號,5000,48
7_廠商內部編號,37000,48
7_廠商內部編號,1800,47
7_廠商內部編號,(RJA),45
7_廠商內部編號,47000,42
7_廠商內部編號,34000,40
7_廠商內部編號,1000,38
7_廠商內部編號,(02),37
7_廠商內部編號,29500,37
7_廠商內部編號,(03),36
7_廠商內部編號,55000,32
7_廠商內部編號,2500,30
7_廠商內部編號,(PT),29
7_廠商內部編號,1600,26
7_廠商內部編號,1700,23
7_廠商內部編號,45500,22
7_廠商內部編號,0932,21
7_廠商內部編號,A11,21
7_廠商內部編號,317317,21
7_廠商內部編號,0963,20
7_廠商內部編號,J1000,20
7_廠商內部編號,6000,19
7_廠商內部編號,T8322,19
7_廠商內部編號,8322,19
7_廠商內部編號,68000,19
7_廠商內部編號,49000,18
7_廠商內部編號,17800,18
7_廠商內部編號,70000,17
7_廠商內部編號,S570,17
7_廠商內部編號,(TCM),16
7_廠商內部編號,2200,16
7_廠商內部編號,(288H),16
7_廠商內部編號,31000,16
7_廠商內部編號,(TCL1),16
7_廠商內部編號,H200,15
7_廠商內部編號,(04),14
7_廠商內部編號,(H200),14
7_廠商內部編號,51000,14
7_廠商內部編號,2025,14
7_廠商內部編號,53000,13
7_廠商內部編號,3500,13
7_廠商內部編號,7007,13
7_廠商內部編號,35155,13
7_廠商內部編號,OCS330,13
7_廠商內部編號,37500,12
7_廠商內部編號,80000,12
7_廠商內部編號,0910,12
7_廠商內部編號,0938721605,12
7_廠商內部編號,15000,12
7_廠商內部編號,0933,11
7_廠商內部編號,A13,11
7_廠商內部編號,1900,11
7_廠商內部編號,0706,11
7_廠商內部編號,D100,11
7_廠商內部編號,(PM),11
7_廠商內部編號,E200,11
7_廠商內部編號,22332553,11
7_廠商內部編號,0987,10
7_廠商內部編號,2400,10
7_廠商內部編號,7100,10
7_廠商內部編號,M100,10
7_廠商內部編號,E3000,10
7_廠商內部編號,(276H),10
7_廠商內部編號,(E200),10
7_廠商內部編號,4000,9
7_廠商內部編號,12000,9
7_廠商內部編號,75000,9
7_廠商內部編號,38500,9
7_廠商內部編號,1500,9
7_廠商內部編號,0935,9
7_廠商內部編號,J100,9
7_廠商內部編號,(07),9
7_廠商內部編號,W12,9
7_廠商內部編號,V200,9
7_廠商內部編號,0911376568,9
7_廠商內部編號,(WINDOWS),9
7_廠商內部編號,R300,8
7_廠商內部編號,0919,8
7_廠商內部編號,(HR),8
7_廠商內部編號,8000,8
7_廠商內部編號,(14),8
7_廠商內部編號,H2000,8
7_廠商內部編號,L15,8
7_廠商內部編號,44476,8
7_廠商內部編號,39500,8
7_廠商內部編號,A14,8
7_廠商內部編號,W400,8
7_廠商內部編號,2800,8
7_廠商內部編號,0976052740,8
7_廠商內部編號,0927,8
7_廠商內部編號,M500,8
7_廠商內部編號,0986532530,8
7_廠商內部編號,R100,8
7_廠商內部編號,1111,8
7_廠商內部編號,U100,8
7_廠商內部編號,F100,8
7_廠商內部編號,(F100),8
7_廠商內部編號,Y000,8
7_廠商內部編號,4791537,8
7_廠商內部編號,0982433500,8
7_廠商內部編號,0956888500,8
7_廠商內部編號,S571,8
7_廠商內部編號,(RJB),7
7_廠商內部編號,34200,7
7_廠商內部編號,41500,7
7_廠商內部編號,0983,7
7_廠商內部編號,2700,7
7_廠商內部編號,45480,7
7_廠商內部編號,E300,7
7_廠商內部編號,0985468847,7
7_廠商內部編號,N00,7
7_廠商內部編號,(W400),7
7_廠商內部編號,65000,7
7_廠商內部編號,43500,7
7_廠商內部編號,W000,7
7_廠商內部編號,B000,7
7_廠商內部編號,(HPC),7
7_廠商內部編號,(M500),7
7_廠商內部編號,T202,7
7_廠商內部編號,S100,7
7_廠商內部編號,M300,7
7_廠商內部編號,D400,7
7_廠商內部編號,(D400),7
7_廠商內部編號,K100,7
7_廠商內部編號,(K100),7
7_廠商內部編號,C07,7
7_廠商內部編號,M200,7
7_廠商內部編號,D300,7
7_廠商內部編號,F18,7
7_廠商內部編號,(NTV),7
7_廠商內部編號,S32,7
7_廠商內部編號,EMA10,7
7_廠商內部編號,U400,7
7_廠商內部編號,(550V200),7
7_廠商內部編號,(RM),7
7_廠商內部編號,H70,6
7_廠商內部編號,(05),6
7_廠商內部編號,90000,6
7_廠商內部編號,F22,6
7_廠商內部編號,C14,6
7_廠商內部編號,A10,6
7_廠商內部編號,(E300),6
7_廠商內部編號,61000,6
7_廠商內部編號,(06),6
7_廠商內部編號,43600,6
7_廠商內部編號,C0706,6
7_廠商內部編號,(B000),6
7_廠商內部編號,0931,6
7_廠商內部編號,45600,6
7_廠商內部編號,0800,6
7_廠商內部編號,G200,6
7_廠商內部編號,3840,6
7_廠商內部編號,0929,6
7_廠商內部編號,S200,6
7_廠商內部編號,C200,6
7_廠商內部編號,B08,6
7_廠商內部編號,(FAE),6
7_廠商內部編號,(India),6
7_廠商內部編號,H15,6
7_廠商內部編號,(DBA),6
7_廠商內部編號,L100,6
7_廠商內部編號,S560,6
7_廠商內部編號,S606,6
7_廠商內部編號,A01,6
7_廠商內部編號,H000,6
7_廠商內部編號,(D300),6
7_廠商內部編號,D4000,6
7_廠商內部編號,(HJC),6
7_廠商內部編號,43100,6
7_廠商內部編號,2027,6
7_廠商內部編號,C300,6
7_廠商內部編號,(C300),6
7_廠商內部編號,0982,6
7_廠商內部編號,(J100),6
7_廠商內部編號,46500,6
7_廠商內部編號,(IMC),6
7_廠商內部編號,J400,6
7_廠商內部編號,E100,6
7_廠商內部編號,GIT100,6
7_廠商內部編號,(0Y000),6
7_廠商內部編號,47520,6
7_廠商內部編號,(Hsinchu),6
7_廠商內部編號,0901,6
7_廠商內部編號,PARK259,5
7_廠商內部編號,100000,5
7_廠商內部編號,1167,5
7_廠商內部編號,0926,5
7_廠商內部編號,(SD),5
7_廠商內部編號,0913,5
7_廠商內部編號,1680,5
7_廠商內部編號,1300,5
7_廠商內部編號,0939,5
7_廠商內部編號,A19,5
7_廠商內部編號,(8H),5
7_廠商內部編號,7800,5
7_廠商內部編號,(GA),5
7_廠商內部編號,0955,5
7_廠商內部編號,2100,5
7_廠商內部編號,4500,5
7_廠商內部編號,32600,5
7_廠商內部編號,ST19,5
7_廠商內部編號,(50),5
7_廠商內部編號,34500,5
7_廠商內部編號,43200,5
7_廠商內部編號,58000,5
7_廠商內部編號,(RTA),5
7_廠商內部編號,33500,5
7_廠商內部編號,0938,5
7_廠商內部編號,Q500,5
7_廠商內部編號,(Q500),5
7_廠商內部編號,(G200),5
7_廠商內部編號,8818,5
7_廠商內部編號,0983285687,5
7_廠商內部編號,(M100),5
7_廠商內部編號,tage15,5
7_廠商內部編號,N200,5
7_廠商內部編號,(N200),5
7_廠商內部編號,B14,5
7_廠商內部編號,B01,5
7_廠商內部編號,F71,5
7_廠商內部編號,F400,5
7_廠商內部編號,(F400),5
7_廠商內部編號,T000,5
7_廠商內部編號,0981,5
7_廠商內部編號,SF000,5
7_廠商內部編號,(M300),5
7_廠商內部編號,Mega50,5
7_廠商內部編號,0100,5
7_廠商內部編號,G44,5
7_廠商內部編號,E42,5
7_廠商內部編號,H100,5
7_廠商內部編號,(H100),5
7_廠商內部編號,0989,5
7_廠商內部編號,F600,5
7_廠商內部編號,(F600),5
7_廠商內部編號,S605,5
7_廠商內部編號,6691,5
7_廠商內部編號,(Contractor),5
7_廠商內部編號,K800,5
7_廠商內部編號,(K800),5
7_廠商內部編號,B200,5
7_廠商內部編號,(U400),5
7_廠商內部編號,(E100),5
7_廠商內部編號,(ESG),5
7_廠商內部編號,1231,5
7_廠商內部編號,24000,5
7_廠商內部編號,1200,4
7_廠商內部編號,0937,4
7_廠商內部編號,0903,4
7_廠商內部編號,54000,4
7_廠商內部編號,20000,4
7_廠商內部編號,R15,4
7_廠商內部編號,C000,4
7_廠商內部編號,(C000),4
7_廠商內部編號,(47K),4
7_廠商內部編號,C16,4
7_廠商內部編號,R121,4
7_廠商內部編號,45800,4
7_廠商內部編號,43900,4
7_廠商內部編號,(R1),4
7_廠商內部編號,32500,4
7_廠商內部編號,0980,4
7_廠商內部編號,62000,4
7_廠商內部編號,(HRBP),4
7_廠商內部編號,(W000),4
7_廠商內部編號,E39,4
7_廠商內部編號,0936,4
7_廠商內部編號,85000,4
7_廠商內部編號,50500,4
7_廠商內部編號,48400,4
7_廠商內部編號,35500,4
7_廠商內部編號,A203,4
7_廠商內部編號,0970,4
7_廠商內部編號,K24,4
7_廠商內部編號,1748,4
7_廠商內部編號,0955666970,4
7_廠商內部編號,F20,4
7_廠商內部編號,N100,4
7_廠商內部編號,B02,4
7_廠商內部編號,(Senior),4
7_廠商內部編號,(W2),4
7_廠商內部編號,29764468,4
7_廠商內部編號,(S100),4
7_廠商內部編號,M23005,4
7_廠商內部編號,23005,4
7_廠商內部編號,Q200,4
7_廠商內部編號,E000,4
7_廠商內部編號,J300,4
7_廠商內部編號,B16,4
7_廠商內部編號,B52,4
7_廠商內部編號,D000,4
7_廠商內部編號,30700,4
7_廠商內部編號,0911,4
7_廠商內部編號,0985420231,4
7_廠商內部編號,(550U100),4
7_廠商內部編號,23001,4
7_廠商內部編號,5592525,4
7_廠商內部編號,D31,4
7_廠商內部編號,J10,4
7_廠商內部編號,0916306077,4
7_廠商內部編號,M22002,4
7_廠商內部編號,22002,4
7_廠商內部編號,S500,4
7_廠商內部編號,A18,4
7_廠商內部編號,(PE),4
7_廠商內部編號,(33K),4
7_廠商內部編號,(U100),4
7_廠商內部編號,P100,4
7_廠商內部編號,(R100),4
7_廠商內部編號,319319,4
7_廠商內部編號,31449,4
7_廠商內部編號,（17K）,4
7_廠商內部編號,3627557,4
7_廠商內部編號,510405,4
7_廠商內部編號,S607,4
7_廠商內部編號,38100,4
7_廠商內部編號,F300,4
7_廠商內部編號,(F300),4
7_廠商內部編號,(J400),4
7_廠商內部編號,G78,4
7_廠商內部編號,C04C,4
7_廠商內部編號,8351,4
7_廠商內部編號,0918020279,4
7_廠商內部編號,PM17,3
7_廠商內部編號,M26031,3
7_廠商內部編號,26031,3
7_廠商內部編號,5513,3
7_廠商內部編號,47500,3
7_廠商內部編號,T100,3
7_廠商內部編號,0958755888,3
7_廠商內部編號,T01,3
7_廠商內部編號,0972273697,3
7_廠商內部編號,G400,3
7_廠商內部編號,4014332,3
7_廠商內部編號,T604,3
7_廠商內部編號,3300,3
7_廠商內部編號,B23,3
7_廠商內部編號,J031,3
7_廠商內部編號,1774,3
7_廠商內部編號,0931088809,3
7_廠商內部編號,0918323743,3
7_廠商內部編號,8734,3
7_廠商內部編號,2317,3
7_廠商內部編號,8880175,3
7_廠商內部編號,(M2),3
7_廠商內部編號,ADW170,3
7_廠商內部編號,40500,3
7_廠商內部編號,42331,3
7_廠商內部編號,R049,3
7_廠商內部編號,(FC),3
7_廠商內部編號,C063C,3
7_廠商內部編號,8257,3
7_廠商內部編號,0020,3
7_廠商內部編號,(RD),3
7_廠商內部編號,0973,3
7_廠商內部編號,581557,3
7_廠商內部編號,(JAVA),3
7_廠商內部編號,E21,3
7_廠商內部編號,0900,3
7_廠商內部編號,(FA),3
7_廠商內部編號,39252,3
7_廠商內部編號,E40,3
7_廠商內部編號,EMA30,3
7_廠商內部編號,B24,3
7_廠商內部編號,A05,3
7_廠商內部編號,(OI),3
7_廠商內部編號,0920,3
7_廠商內部編號,GAC50,3
7_廠商內部編號,0971,3
7_廠商內部編號,A004,3
7_廠商內部編號,A008,3
7_廠商內部編號,NT200,3
7_廠商內部編號,4779659,3
7_廠商內部編號,KTP1748,3
7_廠商內部編號,yc02,3
7_廠商內部編號,907583,3
7_廠商內部編號,3535449,3
7_廠商內部編號,933865,3
7_廠商內部編號,27000,3
7_廠商內部編號,0930891736,3
7_廠商內部編號,1400,3
7_廠商內部編號,8006,3
7_廠商內部編號,(N100),3
7_廠商內部編號,7309,3
7_廠商內部編號,44085,3
7_廠商內部編號,C24,3
7_廠商內部編號,0965,3
7_廠商內部編號,0903016168,3
7_廠商內部編號,130697,3
7_廠商內部編號,N000,3
7_廠商內部編號,2778788,3
7_廠商內部編號,12400,3
7_廠商內部編號,(J300),3
7_廠商內部編號,J000,3
7_廠商內部編號,B07,3
7_廠商內部編號,B05,3
7_廠商內部編號,B18,3
7_廠商內部編號,B04,3
7_廠商內部編號,B06,3
7_廠商內部編號,B13,3
7_廠商內部編號,B10,3
7_廠商內部編號,39100,3
7_廠商內部編號,F75E,3
7_廠商內部編號,(F75E),3
7_廠商內部編號,0918,3
7_廠商內部編號,G59,3
7_廠商內部編號,9000,3
7_廠商內部編號,AS400,3
7_廠商內部編號,JB027,3
7_廠商內部編號,0988525558,3
7_廠商內部編號,AP07,3
7_廠商內部編號,（PT),3
7_廠商內部編號,D23,3
7_廠商內部編號,0975,3
7_廠商內部編號,587219,3
7_廠商內部編號,H16,3
7_廠商內部編號,(D100),3
7_廠商內部編號,(D000),3
7_廠商內部編號,R200,3
7_廠商內部編號,1999,3
7_廠商內部編號,(1999),3
7_廠商內部編號,31500,3
7_廠商內部編號,A115,3
7_廠商內部編號,F68,3
7_廠商內部編號,C12P,3
7_廠商內部編號,GC04B,3
7_廠商內部編號,AM09,3
7_廠商內部編號,2221,3
7_廠商內部編號,1093,3
7_廠商內部編號,0960707268,3
7_廠商內部編號,U300,3
7_廠商內部編號,(U300),3
7_廠商內部編號,10105,3
7_廠商內部編號,(Taipei),3
7_廠商內部編號,(Evergreen),3
7_廠商內部編號,D26,3
7_廠商內部編號,900954,3
7_廠商內部編號,H300,3
7_廠商內部編號,(H300),3
7_廠商內部編號,0976439367,3
7_廠商內部編號,(Q200),3
7_廠商內部編號,4069,3
7_廠商內部編號,M26,3
7_廠商內部編號,(M26),3
7_廠商內部編號,F200,3
7_廠商內部編號,40800,3
7_廠商內部編號,M002,3
7_廠商內部編號,G500,3
7_廠商內部編號,S590,3
7_廠商內部編號,W100,3
7_廠商內部編號,(W100),3
7_廠商內部編號,MA00,3
7_廠商內部編號,2312131,3
7_廠商內部編號,(S500),3
7_廠商內部編號,P500,3
7_廠商內部編號,A0100,3
7_廠商內部編號,(A0100),3
7_廠商內部編號,(F2),3
7_廠商內部編號,5302,3
7_廠商內部編號,(35K),3
7_廠商內部編號,39200,3
7_廠商內部編號,V100,3
7_廠商內部編號,0908859752,3
7_廠商內部編號,500000,3
7_廠商內部編號,A000,3
7_廠商內部編號,E400,3
7_廠商內部編號,(E400),3
7_廠商內部編號,P400,3
7_廠商內部編號,S000,3
7_廠商內部編號,(S000),3
7_廠商內部編號,(B200),3
7_廠商內部編號,0928089713,3
7_廠商內部編號,A0706,3
7_廠商內部編號,76400,3
7_廠商內部編號,86662090,3
7_廠商內部編號,(Native),3
7_廠商內部編號,G800,3
7_廠商內部編號,(G800),3
7_廠商內部編號,1688,3
7_廠商內部編號,N300,3
7_廠商內部編號,(N300),3
7_廠商內部編號,R500,3
7_廠商內部編號,(Tainan),3
7_廠商內部編號,0982222233,3
7_廠商內部編號,R003,3
7_廠商內部編號,（ABSM),3
7_廠商內部編號,0000000417,3
7_廠商內部編號,1825,3
7_廠商內部編號,GAC40,2
7_廠商內部編號,14000,2
7_廠商內部編號,7200,2
7_廠商內部編號,M15,2
7_廠商內部編號,(M15),2
7_廠商內部編號,0932855021,2
7_廠商內部編號,41600,2
7_廠商內部編號,2991,2
7_廠商內部編號,6111,2
7_廠商內部編號,0500,2
7_廠商內部編號,0925,2
7_廠商內部編號,0912361132,2
7_廠商內部編號,0704,2
7_廠商內部編號,F26,2
7_廠商內部編號,(220),2
7_廠商內部編號,0979759019,2
7_廠商內部編號,D006,2
7_廠商內部編號,10500,2
7_廠商內部編號,2240,2
7_廠商內部編號,1760,2
7_廠商內部編號,2764,2
7_廠商內部編號,9708,2
7_廠商內部編號,0926945008,2
7_廠商內部編號,5777,2
7_廠商內部編號,0912348693,2
7_廠商內部編號,9576,2
7_廠商內部編號,1920,2
7_廠商內部編號,3862,2
7_廠商內部編號,2794,2
7_廠商內部編號,31600,2
7_廠商內部編號,S01,2
7_廠商內部編號,US2700,2
7_廠商內部編號,H67,2
7_廠商內部編號,036673333,2
7_廠商內部編號,５０００,2
7_廠商內部編號,J001,2
7_廠商內部編號,E11,2
7_廠商內部編號,Q13,2
7_廠商內部編號,D12,2
7_廠商內部編號,0926373551,2
7_廠商內部編號,59000,2
7_廠商內部編號,2332,2
7_廠商內部編號,0108,2
7_廠商內部編號,26279660,2
7_廠商內部編號,D91,2
7_廠商內部編號,K200,2
7_廠商內部編號,(MEMS),2
7_廠商內部編號,R093,2
7_廠商內部編號,M16,2
7_廠商內部編號,(M16),2
7_廠商內部編號,35200,2
7_廠商內部編號,44660,2
7_廠商內部編號,R062,2
7_廠商內部編號,D10,2
7_廠商內部編號,0700,2
7_廠商內部編號,(Buyer),2
7_廠商內部編號,A20,2
7_廠商內部編號,39360,2
7_廠商內部編號,14001,2
7_廠商內部編號,45001,2
7_廠商內部編號,CF680C,2
7_廠商內部編號,I12,2
7_廠商內部編號,I3501,2
7_廠商內部編號,3501,2
7_廠商內部編號,(R4),2
7_廠商內部編號,25000,2
7_廠商內部編號,23002,2
7_廠商內部編號,7844,2
7_廠商內部編號,33600,2
7_廠商內部編號,0976,2
7_廠商內部編號,38781,2
7_廠商內部編號,A001,2
7_廠商內部編號,7626512,2
7_廠商內部編號,H76,2
7_廠商內部編號,AM06,2
7_廠商內部編號,1850,2
7_廠商內部編號,M001,2
7_廠商內部編號,0624,2
7_廠商內部編號,S11505210,2
7_廠商內部編號,DC03,2
7_廠商內部編號,C04,2
7_廠商內部編號,111505,2
7_廠商內部編號,(Technician),2
7_廠商內部編號,48080,2
7_廠商內部編號,(NB),2
7_廠商內部編號,（18-23）,2
7_廠商內部編號,A403,2
7_廠商內部編號,36300,2
7_廠商內部編號,33120,2
7_廠商內部編號,R046,2
7_廠商內部編號,A013,2
7_廠商內部編號,A006,2
7_廠商內部編號,3008592,2
7_廠商內部編號,(3008592),2
7_廠商內部編號,L000,2
7_廠商內部編號,(L000),2
7_廠商內部編號,0972,2
7_廠商內部編號,G21,2
7_廠商內部編號,089168,2
7_廠商內部編號,055970688,2
7_廠商內部編號,0979,2
7_廠商內部編號,0978218830,2
7_廠商內部編號,2768885,2
7_廠商內部編號,0930,2
7_廠商內部編號,0958819832,2
7_廠商內部編號,536251,2
7_廠商內部編號,0911896773,2
7_廠商內部編號,0952578338,2
7_廠商內部編號,F11,2
7_廠商內部編號,310370,2
7_廠商內部編號,M400,2
7_廠商內部編號,(M400),2
7_廠商內部編號,5500,2
7_廠商內部編號,213903,2
7_廠商內部編號,(550J100),2
7_廠商內部編號,(12H),2
7_廠商內部編號,46200,2
7_廠商內部編號,B72,2
7_廠商內部編號,(HSG),2
7_廠商內部編號,(TH),2
7_廠商內部編號,U202,2
7_廠商內部編號,(U202),2
7_廠商內部編號,F101,2
7_廠商內部編號,(F101),2
7_廠商內部編號,6003,2
7_廠商內部編號,I300,2
7_廠商內部編號,(I300),2
7_廠商內部編號,0930176186,2
7_廠商內部編號,92000,2
7_廠商內部編號,(0N000),2
7_廠商內部編號,(US-based),2
7_廠商內部編號,0960,2
7_廠商內部編號,6231,2
7_廠商內部編號,CSN05,2
7_廠商內部編號,1605,2
7_廠商內部編號,(KTS_1605),2
7_廠商內部編號,(B2),2
7_廠商內部編號,C29,2
7_廠商內部編號,25358386,2
7_廠商內部編號,(C200),2
7_廠商內部編號,Park17,2
7_廠商內部編號,C001,2
7_廠商內部編號,(92),2
7_廠商內部編號,B20,2
7_廠商內部編號,B09,2
7_廠商內部編號,B21,2
7_廠商內部編號,B03,2
7_廠商內部編號,B15,2
7_廠商內部編號,A26,2
7_廠商內部編號,(IT),2
7_廠商內部編號,0928265645,2
7_廠商內部編號,0936334939,2
7_廠商內部編號,33110,2
7_廠商內部編號,(AutoCad),2
7_廠商內部編號,T8324,2
7_廠商內部編號,8324,2
7_廠商內部編號,338765,2
7_廠商內部編號,0201,2
7_廠商內部編號,0510,2
7_廠商內部編號,5003,2
7_廠商內部編號,B39,2
7_廠商內部編號,D008,2
7_廠商內部編號,K000,2
7_廠商內部編號,(K000),2
7_廠商內部編號,B33,2
7_廠商內部編號,3009747,2
7_廠商內部編號,(3009747),2
7_廠商內部編號,O5602,2
7_廠商內部編號,5602,2
7_廠商內部編號,1330,2
7_廠商內部編號,1730,2
7_廠商內部編號,EJ01,2
7_廠商內部編號,0928,2
7_廠商內部編號,(22-06),2
7_廠商內部編號,48500,2
7_廠商內部編號,0915169069,2
7_廠商內部編號,86883852,2
7_廠商內部編號,11040,2
7_廠商內部編號,(ES),2
7_廠商內部編號,I165,2
7_廠商內部編號,N01,2
7_廠商內部編號,E600,2
7_廠商內部編號,(E600),2
7_廠商內部編號,R400,2
7_廠商內部編號,0929110835,2
7_廠商內部編號,0986167501,2
7_廠商內部編號,CJ04,2
7_廠商內部編號,57000,2
7_廠商內部編號,(Inbound),2
7_廠商內部編號,QDS33569876,2
7_廠商內部編號,335698766,2
7_廠商內部編號,0938807178,2
7_廠商內部編號,0921410229,2
7_廠商內部編號,8806,2
7_廠商內部編號,0910831864,2
7_廠商內部編號,A211,2
7_廠商內部編號,(S200),2
7_廠商內部編號,56000,2
7_廠商內部編號,Asia49,2
7_廠商內部編號,(R300),2
7_廠商內部編號,(8J),2
7_廠商內部編號,10560,2
7_廠商內部編號,x12,2
7_廠商內部編號,D84,2
7_廠商內部編號,2230,2
7_廠商內部編號,2600,2
7_廠商內部編號,D03,2
7_廠商內部編號,C202,2
7_廠商內部編號,(PLM),2
7_廠商內部編號,B37,2
7_廠商內部編號,9054,2
7_廠商內部編號,D20,2
7_廠商內部編號,0938383602,2
7_廠商內部編號,AA55,2
7_廠商內部編號,A007,2
7_廠商內部編號,1981,2
7_廠商內部編號,37200,2
7_廠商內部編號,44400,2
7_廠商內部編號,0960018192,2
7_廠商內部編號,0915,2
7_廠商內部編號,383882,2
7_廠商內部編號,0921,2
7_廠商內部編號,0932637650,2
7_廠商內部編號,42500,2
7_廠商內部編號,PM11,2
7_廠商內部編號,47652,2
7_廠商內部編號,0977247239,2
7_廠商內部編號,B93,2
7_廠商內部編號,3929,2
7_廠商內部編號,0967206330,2
7_廠商內部編號,1786,2
7_廠商內部編號,(KTS_1786),2
7_廠商內部編號,HR24022,2
7_廠商內部編號,24022,2
7_廠商內部編號,0933808097,2
7_廠商內部編號,C20,2
7_廠商內部編號,7006,2
7_廠商內部編號,Q100,2
7_廠商內部編號,(Q100),2
7_廠商內部編號,4067,2
7_廠商內部編號,(D3),2
7_廠商內部編號,(DFT),2
7_廠商內部編號,(R200),2
7_廠商內部編號,(CQE),2
7_廠商內部編號,42350,2
7_廠商內部編號,44500,2
7_廠商內部編號,46480,2
7_廠商內部編號,24001,2
7_廠商內部編號,(QE),2
7_廠商內部編號,0921864098,2
7_廠商內部編號,(0F200),2
7_廠商內部編號,(550G500),2
7_廠商內部編號,0988,2
7_廠商內部編號,0983296393,2
7_廠商內部編號,B100,2
7_廠商內部編號,D202,2
7_廠商內部編號,0903482688,2
7_廠商內部編號,(AML),2
7_廠商內部編號,A09,2
7_廠商內部編號,(PjM),2
7_廠商內部編號,111508,2
7_廠商內部編號,S300,2
7_廠商內部編號,(S300),2
7_廠商內部編號,35100,2
7_廠商內部編號,M010,2
7_廠商內部編號,KL304,2
7_廠商內部編號,(P500),2
7_廠商內部編號,P000,2
7_廠商內部編號,I100,2
7_廠商內部編號,(I100),2
7_廠商內部編號,U101,2
7_廠商內部編號,(U101),2
7_廠商內部編號,U102,2
7_廠商內部編號,M202,2
7_廠商內部編號,(M202),2
7_廠商內部編號,MM001,2
7_廠商內部編號,3520598,2
7_廠商內部編號,L200,2
7_廠商內部編號,7116,2
7_廠商內部編號,19000,2
7_廠商內部編號,D01300,2
7_廠商內部編號,01300,2
7_廠商內部編號,1830,2
7_廠商內部編號,(GF),2
7_廠商內部編號,48960,2
7_廠商內部編號,2239292,2
7_廠商內部編號,4073,2
7_廠商內部編號,(V100),2
7_廠商內部編號,(M3),2
7_廠商內部編號,（NPM),2
7_廠商內部編號,0922185455,2
7_廠商內部編號,505569,2
7_廠商內部編號,A30,2
7_廠商內部編號,0929377016,2
7_廠商內部編號,F001,2
7_廠商內部編號,D003,2
7_廠商內部編號,(75K),2
7_廠商內部編號,8083,2
7_廠商內部編號,S400,2
7_廠商內部編號,B007,2
7_廠商內部編號,F500,2
7_廠商內部編號,(F500),2
7_廠商內部編號,S551,2
7_廠商內部編號,E500,2
7_廠商內部編號,(E500),2
7_廠商內部編號,H500,2
7_廠商內部編號,(H500),2
7_廠商內部編號,I3901,2
7_廠商內部編號,3901,2
7_廠商內部編號,U000,2
7_廠商內部編號,0000,2
7_廠商內部編號,0935358352,2
7_廠商內部編號,320412,2
7_廠商內部編號,V400,2
7_廠商內部編號,(550V400),2
7_廠商內部編號,(U2),2
7_廠商內部編號,(TCHN-TW),2
7_廠商內部編號,HH415,2
7_廠商內部編號,T0706,2
7_廠商內部編號,0909,2
7_廠商內部編號,(A000),2
7_廠商內部編號,111503,2
7_廠商內部編號,R000,2
7_廠商內部編號,0921058281,2
7_廠商內部編號,(15),2
7_廠商內部編號,0977485595,2
7_廠商內部編號,66400,2
7_廠商內部編號,36400,2
7_廠商內部編號,(LB),2
7_廠商內部編號,0972575722,2
7_廠商內部編號,JR100904,2
7_廠商內部編號,100904,2
7_廠商內部編號,F000,2
7_廠商內部編號,(F000),2
7_廠商內部編號,3752033,2
7_廠商內部編號,M000,2
7_廠商內部編號,2727,2
7_廠商內部編號,0088,2
7_廠商內部編號,(North),2
7_廠商內部編號,(G400),2
7_廠商內部編號,A03,2
7_廠商內部編號,C100,2
7_廠商內部編號,36200,2
7_廠商內部編號,1298,2
7_廠商內部編號,（KTS_1298）,2
7_廠商內部編號,093661,2
7_廠商內部編號,0928300560,2
7_廠商內部編號,C612,2
7_廠商內部編號,C611,2
7_廠商內部編號,(H000),2
7_廠商內部編號,(550P100),2
7_廠商內部編號,9267001,2
7_廠商內部編號,SKY19,2
7_廠商內部編號,V300,2
7_廠商內部編號,(550V300),2
7_廠商內部編號,G700,2
7_廠商內部編號,P200,2
7_廠商內部編號,F4401,2
7_廠商內部編號,4401,2
7_廠商內部編號,46600,2
7_廠商內部編號,M600,2
7_廠商內部編號,I3811,2
7_廠商內部編號,3811,2
7_廠商內部編號,G100,2
7_廠商內部編號,(G100),2
7_廠商內部編號,7963775,2
7_廠商內部編號,0987496350,2
7_廠商內部編號,7000,2
7_廠商內部編號,077499,2
7_廠商內部編號,7335158,2
7_廠商內部編號,0927115163,2
7_廠商內部編號,k18,2
7_廠商內部編號,(k18),2
7_廠商內部編號,K27,2
7_廠商內部編號,8985,2
7_廠商內部編號,3028,2
7_廠商內部編號,8970,2
7_廠商內部編號,4391,2
7_廠商內部編號,(R500),2
7_廠商內部編號,6310,2
7_廠商內部編號,E36,2
7_廠商內部編號,(MAE),2
7_廠商內部編號,(288h),2
7_廠商內部編號,0933452815,2
7_廠商內部編號,4076,2
7_廠商內部編號,4068,2
7_廠商內部編號,(Unix),2
7_廠商內部編號,A302,2
7_廠商內部編號,55500,2
7_廠商內部編號,(46K),2
7_廠商內部編號,JR100878,2
7_廠商內部編號,100878,2
7_廠商內部編號,0932248458,2
7_廠商內部編號,(E000),2
7_廠商內部編號,E8351,2
7_廠商內部編號,T8351,2
7_廠商內部編號,（A18）,2
7_廠商內部編號,113878,2
7_廠商內部編號,D05,2
7_廠商內部編號,（TIIP）,2
7_廠商內部編號,F27,2
7_廠商內部編號,X00,2
7_廠商內部編號,FM23004,2
7_廠商內部編號,23004,2
7_廠商內部編號,FM24002,2
7_廠商內部編號,24002,2
7_廠商內部編號,2577,2
7_廠商內部編號,8747,2
7_廠商內部編號,6250,2
7_廠商內部編號,6177,2
7_廠商內部編號,A012,2
7_廠商內部編號,(53K）,2
7_廠商內部編號,A005,2
7_廠商內部編號,A026,2
7_廠商內部編號,1491,2
7_廠商內部編號,T400,2
7_廠商內部編號,(T400),2
7_廠商內部編號,E001,2
7_廠商內部編號,N4000,1
7_廠商內部編號,2786,1
7_廠商內部編號,5566,1
7_廠商內部編號,0938155191,1
7_廠商內部編號,R20101,1
7_廠商內部編號,20101,1
7_廠商內部編號,S111513,1
7_廠商內部編號,111513,1
7_廠商內部編號,3009278,1
7_廠商內部編號,(3009278),1
7_廠商內部編號,PM20,1
7_廠商內部編號,M26034,1
7_廠商內部編號,26034,1
7_廠商內部編號,RS51,1
7_廠商內部編號,673910,1
7_廠商內部編號,683323,1
7_廠商內部編號,(280H),1
7_廠商內部編號,B027,1
7_廠商內部編號,（COA）,1
7_廠商內部編號,033075111,1
7_廠商內部編號,0972333728,1
7_廠商內部編號,807133,1
7_廠商內部編號,2900,1
7_廠商內部編號,9622,1
7_廠商內部編號,H114,1
7_廠商內部編號,（FAE）,1
7_廠商內部編號,3007764,1
7_廠商內部編號,(3007764),1
7_廠商內部編號,3008436,1
7_廠商內部編號,(3008436),1
7_廠商內部編號,Y24,1
7_廠商內部編號,53820,1
7_廠商內部編號,55200,1
7_廠商內部編號,666789,1
7_廠商內部編號,6766,1
7_廠商內部編號,D048,1
7_廠商內部編號,7197,1
7_廠商內部編號,233232,1
7_廠商內部編號,2519999,1
7_廠商內部編號,(CY),1
7_廠商內部編號,D050,1
7_廠商內部編號,11176,1
7_廠商內部編號,(T4-11176),1
7_廠商內部編號,6306,1
7_廠商內部編號,(T4-6306),1
7_廠商內部編號,(LU-82),1
7_廠商內部編號,3008629,1
7_廠商內部編號,(3008629),1
7_廠商內部編號,3010150,1
7_廠商內部編號,(3010150),1
7_廠商內部編號,3010087,1
7_廠商內部編號,(3010087),1
7_廠商內部編號,3007714,1
7_廠商內部編號,(3007714),1
7_廠商內部編號,4772,1
7_廠商內部編號,(037),1
7_廠商內部編號,685817,1
7_廠商內部編號,663243,1
7_廠商內部編號,J024,1
7_廠商內部編號,J020,1
7_廠商內部編號,W302,1
7_廠商內部編號,(W302),1
7_廠商內部編號,RS14,1
7_廠商內部編號,B047,1
7_廠商內部編號,B049,1
7_廠商內部編號,B052,1
7_廠商內部編號,B053,1
7_廠商內部編號,(Audio),1
7_廠商內部編號,(115-051),1
7_廠商內部編號,3010047,1
7_廠商內部編號,(3010047),1
7_廠商內部編號,3008405,1
7_廠商內部編號,(3008405),1
7_廠商內部編號,3009751,1
7_廠商內部編號,(3009751),1
7_廠商內部編號,RS22,1
7_廠商內部編號,RS36,1
7_廠商內部編號,RS46,1
7_廠商內部編號,RS35,1
7_廠商內部編號,3009092,1
7_廠商內部編號,(3009092),1
7_廠商內部編號,B016,1
7_廠商內部編號,B011,1
7_廠商內部編號,B031,1
7_廠商內部編號,B028,1
7_廠商內部編號,B033,1
7_廠商內部編號,RS09,1
7_廠商內部編號,Q010Q,1
7_廠商內部編號,2591969,1
7_廠商內部編號,3009580,1
7_廠商內部編號,(3009580),1
7_廠商內部編號,3010043,1
7_廠商內部編號,(3010043),1
7_廠商內部編號,3008455,1
7_廠商內部編號,(QNX),1
7_廠商內部編號,(3008455),1
7_廠商內部編號,RS33,1
7_廠商內部編號,(250H),1
7_廠商內部編號,3006453,1
7_廠商內部編號,(3006453),1
7_廠商內部編號,3008394,1
7_廠商內部編號,(3008394),1
7_廠商內部編號,3008403,1
7_廠商內部編號,(3008403),1
7_廠商內部編號,2788,1
7_廠商內部編號,Q22006,1
7_廠商內部編號,22006,1
7_廠商內部編號,51585,1
7_廠商內部編號,699564,1
7_廠商內部編號,0960701999,1
7_廠商內部編號,8295,1
7_廠商內部編號,1802,1
7_廠商內部編號,0963085586,1
7_廠商內部編號,43800,1
7_廠商內部編號,2263,1
7_廠商內部編號,551555,1
7_廠商內部編號,095141,1
7_廠商內部編號,4794900,1
7_廠商內部編號,4991426,1
7_廠商內部編號,H004,1
7_廠商內部編號,266800,1
7_廠商內部編號,(38000),1
7_廠商內部編號,0953513551,1
7_廠商內部編號,0408,1
7_廠商內部編號,(LSO_834),1
7_廠商內部編號,26565895,1
7_廠商內部編號,SS204,1
7_廠商內部編號,2687,1
7_廠商內部編號,3298,1
7_廠商內部編號,1100,1
7_廠商內部編號,3010124,1
7_廠商內部編號,(3010124),1
7_廠商內部編號,26626602,1
7_廠商內部編號,(26626602),1
7_廠商內部編號,TWM001,1
7_廠商內部編號,(LU-34),1
7_廠商內部編號,（HR）,1
7_廠商內部編號,S510,1
7_廠商內部編號,G04,1
7_廠商內部編號,D00,1
7_廠商內部編號,(S01),1
7_廠商內部編號,GCF200,1
7_廠商內部編號,26050603,1
7_廠商內部編號,SST00,1
7_廠商內部編號,S580,1
7_廠商內部編號,38560,1
7_廠商內部編號,44060,1
7_廠商內部編號,9911,1
7_廠商內部編號,C6251,1
7_廠商內部編號,6251,1
7_廠商內部編號,(EA),1
7_廠商內部編號,S700,1
7_廠商內部編號,3006618,1
7_廠商內部編號,(3006618),1
7_廠商內部編號,3006205,1
7_廠商內部編號,(APP),1
7_廠商內部編號,(3006205),1
7_廠商內部編號,3010277,1
7_廠商內部編號,(3010277),1
7_廠商內部編號,(B23),1
7_廠商內部編號,(36000-45000),1
7_廠商內部編號,(NP),1
7_廠商內部編號,(114-074),1
7_廠商內部編號,60106,1
7_廠商內部編號,3009782,1
7_廠商內部編號,(3009782),1
7_廠商內部編號,3008065,1
7_廠商內部編號,(3008065),1
7_廠商內部編號,3007936,1
7_廠商內部編號,(3007936),1
7_廠商內部編號,RS42,1
7_廠商內部編號,RS21,1
7_廠商內部編號,RS25,1
7_廠商內部編號,RS34,1
7_廠商內部編號,B045,1
7_廠商內部編號,B039,1
7_廠商內部編號,B041,1
7_廠商內部編號,B042,1
7_廠商內部編號,D046,1
7_廠商內部編號,D043,1
7_廠商內部編號,D049,1
7_廠商內部編號,J009,1
7_廠商內部編號,RS37,1
7_廠商內部編號,D027,1
7_廠商內部編號,B002,1
7_廠商內部編號,B008,1
7_廠商內部編號,H013,1
7_廠商內部編號,RS31,1
7_廠商內部編號,2950,1
7_廠商內部編號,SV620,1
7_廠商內部編號,J028,1
7_廠商內部編號,38885,1
7_廠商內部編號,1150101,1
7_廠商內部編號,674115,1
7_廠商內部編號,0985938300,1
7_廠商內部編號,3009867,1
7_廠商內部編號,(3009867),1
7_廠商內部編號,3007540,1
7_廠商內部編號,(3007540),1
7_廠商內部編號,(41000),1
7_廠商內部編號,HH374,1
7_廠商內部編號,C209,1
7_廠商內部編號,H135,1
7_廠商內部編號,701053,1
7_廠商內部編號,Q11,1
7_廠商內部編號,D13,1
7_廠商內部編號,E03,1
7_廠商內部編號,C03,1
7_廠商內部編號,W221,1
7_廠商內部編號,Q20,1
7_廠商內部編號,F21,1
7_廠商內部編號,E12,1
7_廠商內部編號,Q19,1
7_廠商內部編號,W19,1
7_廠商內部編號,E02,1
7_廠商內部編號,H04,1
7_廠商內部編號,H02,1
7_廠商內部編號,T03,1
7_廠商內部編號,3008220,1
7_廠商內部編號,(3008220),1
7_廠商內部編號,16000,1
7_廠商內部編號,3010103,1
7_廠商內部編號,(3010103),1
7_廠商內部編號,P042,1
7_廠商內部編號,N087,1
7_廠商內部編號,(HKE-01),1
7_廠商內部編號,3008523,1
7_廠商內部編號,(3008523),1
7_廠商內部編號,4351184,1
7_廠商內部編號,0909629585,1
7_廠商內部編號,3007608,1
7_廠商內部編號,(3007608),1
7_廠商內部編號,3008504,1
7_廠商內部編號,(3008504),1
7_廠商內部編號,3008199,1
7_廠商內部編號,(3008199),1
7_廠商內部編號,N111,1
7_廠商內部編號,3010361,1
7_廠商內部編號,(3010361),1
7_廠商內部編號,3010338,1
7_廠商內部編號,(3010338),1
7_廠商內部編號,3009834,1
7_廠商內部編號,(3009834),1
7_廠商內部編號,B029,1
7_廠商內部編號,3009860,1
7_廠商內部編號,(3009860),1
7_廠商內部編號,0988786658,1
7_廠商內部編號,T05,1
7_廠商內部編號,3005532,1
7_廠商內部編號,(3005532),1
7_廠商內部編號,691870,1
7_廠商內部編號,3008400,1
7_廠商內部編號,(3008400),1
7_廠商內部編號,3007763,1
7_廠商內部編號,(3007763),1
7_廠商內部編號,3008133,1
7_廠商內部編號,(3008133),1
7_廠商內部編號,(510K200),1
7_廠商內部編號,3008890,1
7_廠商內部編號,(3008890),1
7_廠商內部編號,3009548,1
7_廠商內部編號,(3009548),1
7_廠商內部編號,3009731,1
7_廠商內部編號,(3009731),1
7_廠商內部編號,M007,1
7_廠商內部編號,3004526,1
7_廠商內部編號,(3004526),1
7_廠商內部編號,3008884,1
7_廠商內部編號,(3008884),1
7_廠商內部編號,3009187,1
7_廠商內部編號,(3009187),1
7_廠商內部編號,(EP),1
7_廠商內部編號,(FEM),1
7_廠商內部編號,3009184,1
7_廠商內部編號,(3009184),1
7_廠商內部編號,3009361,1
7_廠商內部編號,(3009361),1
7_廠商內部編號,(RF),1
7_廠商內部編號,699313,1
7_廠商內部編號,JR105211,1
7_廠商內部編號,105211,1
7_廠商內部編號,JR101752,1
7_廠商內部編號,101752,1
7_廠商內部編號,3010163,1
7_廠商內部編號,(3010163),1
7_廠商內部編號,(AP),1
7_廠商內部編號,(Finance),1
7_廠商內部編號,3007939,1
7_廠商內部編號,(3007939),1
7_廠商內部編號,3008097,1
7_廠商內部編號,(3008097),1
7_廠商內部編號,3008630,1
7_廠商內部編號,(3008630),1
7_廠商內部編號,3008302,1
7_廠商內部編號,(3008302),1
7_廠商內部編號,3008996,1
7_廠商內部編號,(3008996),1
7_廠商內部編號,3010326,1
7_廠商內部編號,(3010326),1
7_廠商內部編號,3009808,1
7_廠商內部編號,(3009808),1
7_廠商內部編號,3009806,1
7_廠商內部編號,(3009806),1
7_廠商內部編號,15559,1
7_廠商內部編號,E8321,1
7_廠商內部編號,8321,1
7_廠商內部編號,3008797,1
7_廠商內部編號,(3008797),1
7_廠商內部編號,3008049,1
7_廠商內部編號,(3008049),1
7_廠商內部編號,3010063,1
7_廠商內部編號,(3010063),1
7_廠商內部編號,680453,1
7_廠商內部編號,687942,1
7_廠商內部編號,7743,1
7_廠商內部編號,3010305,1
7_廠商內部編號,(3010305),1
7_廠商內部編號,3009363,1
7_廠商內部編號,(3009363),1
7_廠商內部編號,3009190,1
7_廠商內部編號,(3009190),1
7_廠商內部編號,3009288,1
7_廠商內部編號,(3009288),1
7_廠商內部編號,47600,1
7_廠商內部編號,（45K）,1
7_廠商內部編號,R070,1
7_廠商內部編號,3010024,1
7_廠商內部編號,(3010024),1
7_廠商內部編號,3010062,1
7_廠商內部編號,(3010062),1
7_廠商內部編號,3008940,1
7_廠商內部編號,(3008940),1
7_廠商內部編號,3009002,1
7_廠商內部編號,(3009002),1
7_廠商內部編號,3007426,1
7_廠商內部編號,(3007426),1
7_廠商內部編號,(FJ),1
7_廠商內部編號,3005000,1
7_廠商內部編號,(3005000),1
7_廠商內部編號,45139,1
7_廠商內部編號,42450,1
7_廠商內部編號,（06-07）,1
7_廠商內部編號,3008421,1
7_廠商內部編號,(3008421),1
7_廠商內部編號,3008699,1
7_廠商內部編號,(3008699),1
7_廠商內部編號,3009232,1
7_廠商內部編號,(3009232),1
7_廠商內部編號,3009835,1
7_廠商內部編號,(3009835),1
7_廠商內部編號,3009830,1
7_廠商內部編號,(3009830),1
7_廠商內部編號,3009595,1
7_廠商內部編號,(3009595),1
7_廠商內部編號,3010079,1
7_廠商內部編號,(3010079),1
7_廠商內部編號,3009901,1
7_廠商內部編號,(3009901),1
7_廠商內部編號,3007775,1
7_廠商內部編號,(3007775),1
7_廠商內部編號,3009920,1
7_廠商內部編號,(3009920),1
7_廠商內部編號,3010236,1
7_廠商內部編號,(3010236),1
7_廠商內部編號,3008784,1
7_廠商內部編號,(3008784),1
7_廠商內部編號,3008759,1
7_廠商內部編號,(3008759),1
7_廠商內部編號,Y26,1
7_廠商內部編號,3007861,1
7_廠商內部編號,(3007861),1
7_廠商內部編號,3007753,1
7_廠商內部編號,(3007753),1
7_廠商內部編號,3010073,1
7_廠商內部編號,(3010073),1
7_廠商內部編號,3008271,1
7_廠商內部編號,(3008271),1
7_廠商內部編號,3009581,1
7_廠商內部編號,(3009581),1
7_廠商內部編號,3008368,1
7_廠商內部編號,(3008368),1
7_廠商內部編號,3008571,1
7_廠商內部編號,(3008571),1
7_廠商內部編號,CT110,1
7_廠商內部編號,3009585,1
7_廠商內部編號,(3009585),1
7_廠商內部編號,FA26025,1
7_廠商內部編號,26025,1
7_廠商內部編號,3007929,1
7_廠商內部編號,(3007929),1
7_廠商內部編號,1738,1
7_廠商內部編號,3009545,1
7_廠商內部編號,(3009545),1
7_廠商內部編號,26461103,1
7_廠商內部編號,(26461103),1
7_廠商內部編號,K010,1
7_廠商內部編號,3327446,1
7_廠商內部編號,3336232,1
7_廠商內部編號,40200,1
7_廠商內部編號,2212,1
7_廠商內部編號,3009240,1
7_廠商內部編號,(3009240),1
7_廠商內部編號,H002,1
7_廠商內部編號,24465002,1
7_廠商內部編號,(24465002),1
7_廠商內部編號,JE05,1
7_廠商內部編號,24440001,1
7_廠商內部編號,(24440001),1
7_廠商內部編號,(LU-8),1
7_廠商內部編號,A00910,1
7_廠商內部編號,00910,1
7_廠商內部編號,(GATE3),1
7_廠商內部編號,(R3),1
7_廠商內部編號,36600,1
7_廠商內部編號,38800,1
7_廠商內部編號,RK309,1
7_廠商內部編號,0927151211,1
7_廠商內部編號,0926071001,1
7_廠商內部編號,0981056229,1
7_廠商內部編號,0952,1
7_廠商內部編號,002200,1
7_廠商內部編號,1536,1
7_廠商內部編號,(R5),1
7_廠商內部編號,(115-030),1
7_廠商內部編號,3009588,1
7_廠商內部編號,(3009588),1
7_廠商內部編號,3009589,1
7_廠商內部編號,(3009589),1
7_廠商內部編號,J25000,1
7_廠商內部編號,RD23002,1
7_廠商內部編號,0922,1
7_廠商內部編號,499459,1
7_廠商內部編號,in89,1
7_廠商內部編號,6052,1
7_廠商內部編號,3008806,1
7_廠商內部編號,(3008806),1
7_廠商內部編號,(Sourcing),1
7_廠商內部編號,3009609,1
7_廠商內部編號,(3009609),1
7_廠商內部編號,RH5406,1
7_廠商內部編號,5406,1
7_廠商內部編號,3009337,1
7_廠商內部編號,(3009337),1
7_廠商內部編號,3009887,1
7_廠商內部編號,(3009887),1
7_廠商內部編號,1150462,1
7_廠商內部編號,（10-18）,1
7_廠商內部編號,jk13,1
7_廠商內部編號,jk16,1
7_廠商內部編號,1150549,1
7_廠商內部編號,3008197,1
7_廠商內部編號,(3008197),1
7_廠商內部編號,3008192,1
7_廠商內部編號,(3008192),1
7_廠商內部編號,3008963,1
7_廠商內部編號,(3008963),1
7_廠商內部編號,3008924,1
7_廠商內部編號,(3008924),1
7_廠商內部編號,3009468,1
7_廠商內部編號,(3009468),1
7_廠商內部編號,5860090,1
7_廠商內部編號,3009235,1
7_廠商內部編號,(3009235),1
7_廠商內部編號,3009457,1
7_廠商內部編號,(3009457),1
7_廠商內部編號,3009220,1
7_廠商內部編號,(3009220),1
7_廠商內部編號,11201,1
7_廠商內部編號,11301,1
7_廠商內部編號,10401,1
7_廠商內部編號,10601,1
7_廠商內部編號,10701,1
7_廠商內部編號,11401,1
7_廠商內部編號,0963013188,1
7_廠商內部編號,8701,1
7_廠商內部編號,1150303,1
7_廠商內部編號,(TCTC),1
7_廠商內部編號,478800,1
7_廠商內部編號,266927,1
7_廠商內部編號,0953504847,1
7_廠商內部編號,2350,1
7_廠商內部編號,2650,1
7_廠商內部編號,613462,1
7_廠商內部編號,11001,1
7_廠商內部編號,10901,1
7_廠商內部編號,10801,1
7_廠商內部編號,NTC066,1
7_廠商內部編號,A17,1
7_廠商內部編號,0930003876,1
7_廠商內部編號,701793,1
7_廠商內部編號,L0321,1
7_廠商內部編號,0321,1
7_廠商內部編號,(Thailand),1
7_廠商內部編號,35338,1
7_廠商內部編號,E45,1
7_廠商內部編號,R029,1
7_廠商內部編號,0963433278,1
7_廠商內部編號,0300,1
7_廠商內部編號,3816688,1
7_廠商內部編號,1648,1
7_廠商內部編號,85130,1
7_廠商內部編號,31590,1
7_廠商內部編號,(PLC),1
7_廠商內部編號,(SS-01),1
7_廠商內部編號,AM05,1
7_廠商內部編號,066890712,1
7_廠商內部編號,（OP）,1
7_廠商內部編號,0912,1
7_廠商內部編號,0967295257,1
7_廠商內部編號,R19,1
7_廠商內部編號,63600,1
7_廠商內部編號,PT12,1
7_廠商內部編號,53920,1
7_廠商內部編號,5999799,1
7_廠商內部編號,3009249,1
7_廠商內部編號,(3009249),1
7_廠商內部編號,3009254,1
7_廠商內部編號,(3009254),1
7_廠商內部編號,SA300,1
7_廠商內部編號,45840,1
7_廠商內部編號,P10,1
7_廠商內部編號,3010337,1
7_廠商內部編號,(Overseas),1
7_廠商內部編號,(3010337),1
7_廠商內部編號,86772315,1
7_廠商內部編號,700391,1
7_廠商內部編號,3009762,1
7_廠商內部編號,(3009762),1
7_廠商內部編號,3008079,1
7_廠商內部編號,(3008079),1
7_廠商內部編號,3008190,1
7_廠商內部編號,(3008190),1
7_廠商內部編號,3008325,1
7_廠商內部編號,(3008325),1
7_廠商內部編號,3008357,1
7_廠商內部編號,(3008357),1
7_廠商內部編號,3008894,1
7_廠商內部編號,(3008894),1
7_廠商內部編號,3008046,1
7_廠商內部編號,(3008046),1
7_廠商內部編號,3008314,1
7_廠商內部編號,(3008314),1
7_廠商內部編號,3008462,1
7_廠商內部編號,(3008462),1
7_廠商內部編號,M011,1
7_廠商內部編號,M028,1
7_廠商內部編號,674325,1
7_廠商內部編號,3009807,1
7_廠商內部編號,(3009807),1
7_廠商內部編號,AH113,1
7_廠商內部編號,3008532,1
7_廠商內部編號,(3008532),1
7_廠商內部編號,3008426,1
7_廠商內部編號,(3008426),1
7_廠商內部編號,3007774,1
7_廠商內部編號,(3007774),1
7_廠商內部編號,3010053,1
7_廠商內部編號,(3010053),1
7_廠商內部編號,3010219,1
7_廠商內部編號,(3010219),1
7_廠商內部編號,3007856,1
7_廠商內部編號,(3007856),1
7_廠商內部編號,3008480,1
7_廠商內部編號,(3008480),1
7_廠商內部編號,3010281,1
7_廠商內部編號,(3010281),1
7_廠商內部編號,3009696,1
7_廠商內部編號,(3009696),1
7_廠商內部編號,F4601,1
7_廠商內部編號,4601,1
7_廠商內部編號,3007431,1
7_廠商內部編號,(3007431),1
7_廠商內部編號,3009960,1
7_廠商內部編號,(3009960),1
7_廠商內部編號,G07,1
7_廠商內部編號,W07,1
7_廠商內部編號,4993019,1
7_廠商內部編號,3005370,1
7_廠商內部編號,(3005370),1
7_廠商內部編號,0609,1
7_廠商內部編號,3010138,1
7_廠商內部編號,(3010138),1
7_廠商內部編號,3010192,1
7_廠商內部編號,(3010192),1
7_廠商內部編號,3009554,1
7_廠商內部編號,(3009554),1
7_廠商內部編號,3008129,1
7_廠商內部編號,(3008129),1
7_廠商內部編號,3008164,1
7_廠商內部編號,(3008164),1
7_廠商內部編號,3008809,1
7_廠商內部編號,(3008809),1
7_廠商內部編號,1150521001,1
7_廠商內部編號,E511503,1
7_廠商內部編號,511503,1
7_廠商內部編號,ADH001,1
7_廠商內部編號,3008355,1
7_廠商內部編號,(3008355),1
7_廠商內部編號,3009128,1
7_廠商內部編號,(3009128),1
7_廠商內部編號,3010114,1
7_廠商內部編號,(3010114),1
7_廠商內部編號,3010011,1
7_廠商內部編號,(3010011),1
7_廠商內部編號,0927199226,1
7_廠商內部編號,3008177,1
7_廠商內部編號,(3008177),1
7_廠商內部編號,3008044,1
7_廠商內部編號,(3008044),1
7_廠商內部編號,3007853,1
7_廠商內部編號,(Android),1
7_廠商內部編號,(3007853),1
7_廠商內部編號,3007829,1
7_廠商內部編號,(3007829),1
7_廠商內部編號,3008509,1
7_廠商內部編號,(3008509),1
7_廠商內部編號,3008399,1
7_廠商內部編號,(3008399),1
7_廠商內部編號,3008300,1
7_廠商內部編號,(3008300),1
7_廠商內部編號,3008193,1
7_廠商內部編號,(3008193),1
7_廠商內部編號,3008175,1
7_廠商內部編號,(3008175),1
7_廠商內部編號,3009336,1
7_廠商內部編號,(3009336),1
7_廠商內部編號,3009652,1
7_廠商內部編號,(3009652),1
7_廠商內部編號,E8151,1
7_廠商內部編號,8151,1
7_廠商內部編號,3736,1
7_廠商內部編號,F19,1
7_廠商內部編號,A030130,1
7_廠商內部編號,030130,1
7_廠商內部編號,（A030130）,1
7_廠商內部編號,3007556,1
7_廠商內部編號,(3007556),1
7_廠商內部編號,3010142,1
7_廠商內部編號,(3010142),1
7_廠商內部編號,3010143,1
7_廠商內部編號,(3010143),1
7_廠商內部編號,3010238,1
7_廠商內部編號,(3010238),1
7_廠商內部編號,3009628,1
7_廠商內部編號,(3009628),1
7_廠商內部編號,3009632,1
7_廠商內部編號,(3009632),1
7_廠商內部編號,3009520,1
7_廠商內部編號,(3009520),1
7_廠商內部編號,3009623,1
7_廠商內部編號,(3009623),1
7_廠商內部編號,3009640,1
7_廠商內部編號,(3009640),1
7_廠商內部編號,3009619,1
7_廠商內部編號,(3009619),1
7_廠商內部編號,3005127,1
7_廠商內部編號,(3005127),1
7_廠商內部編號,3008574,1
7_廠商內部編號,(3008574),1
7_廠商內部編號,3008983,1
7_廠商內部編號,(3008983),1
7_廠商內部編號,3008949,1
7_廠商內部編號,(3008949),1
7_廠商內部編號,3007723,1
7_廠商內部編號,(3007723),1
7_廠商內部編號,3008450,1
7_廠商內部編號,(3008450),1
7_廠商內部編號,3008363,1
7_廠商內部編號,(3008363),1
7_廠商內部編號,T111505,1
7_廠商內部編號,QTW10,1
7_廠商內部編號,15156,1
7_廠商內部編號,(DL-15156),1
7_廠商內部編號,3010052,1
7_廠商內部編號,(3010052),1
7_廠商內部編號,3010022,1
7_廠商內部編號,(3010022),1
7_廠商內部編號,3010036,1
7_廠商內部編號,(3010036),1
7_廠商內部編號,3009946,1
7_廠商內部編號,(3009946),1
7_廠商內部編號,3009990,1
7_廠商內部編號,(3009990),1
7_廠商內部編號,3008095,1
7_廠商內部編號,(3008095),1
7_廠商內部編號,3008343,1
7_廠商內部編號,(3008343),1
7_廠商內部編號,3008313,1
7_廠商內部編號,(3008313),1
7_廠商內部編號,3008227,1
7_廠商內部編號,(3008227),1
7_廠商內部編號,3008819,1
7_廠商內部編號,(3008819),1
7_廠商內部編號,702407,1
7_廠商內部編號,691681,1
7_廠商內部編號,3009831,1
7_廠商內部編號,(3009831),1
7_廠商內部編號,HH379,1
7_廠商內部編號,3008085,1
7_廠商內部編號,(3008085),1
7_廠商內部編號,（22-02）,1
7_廠商內部編號,3008578,1
7_廠商內部編號,(3008578),1
7_廠商內部編號,C403,1
7_廠商內部編號,C404,1
7_廠商內部編號,C602,1
7_廠商內部編號,3009866,1
7_廠商內部編號,(3009866),1
7_廠商內部編號,3007660,1
7_廠商內部編號,(3007660),1
7_廠商內部編號,3008463,1
7_廠商內部編號,(3008463),1
7_廠商內部編號,3008464,1
7_廠商內部編號,(3008464),1
7_廠商內部編號,1029,1
7_廠商內部編號,DA02,1
7_廠商內部編號,A00939,1
7_廠商內部編號,00939,1
7_廠商內部編號,86110,1
7_廠商內部編號,P6030,1
7_廠商內部編號,6030,1
7_廠商內部編號,(S2A),1
7_廠商內部編號,69000,1
7_廠商內部編號,3010107,1
7_廠商內部編號,(3010107),1
7_廠商內部編號,3008263,1
7_廠商內部編號,(3008263),1
7_廠商內部編號,3008083,1
7_廠商內部編號,(3008083),1
7_廠商內部編號,3008053,1
7_廠商內部編號,(3008053),1
7_廠商內部編號,R124,1
7_廠商內部編號,253256,1
7_廠商內部編號,F52,1
7_廠商內部編號,(F52),1
7_廠商內部編號,R13,1
7_廠商內部編號,11257,1
7_廠商內部編號,(11257),1
7_廠商內部編號,3007746,1
7_廠商內部編號,(3007746),1
7_廠商內部編號,3007828,1
7_廠商內部編號,(3007828),1
7_廠商內部編號,681860,1
7_廠商內部編號,3009799,1
7_廠商內部編號,(3009799),1
7_廠商內部編號,3009027,1
7_廠商內部編號,(3009027),1
7_廠商內部編號,649235,1
7_廠商內部編號,3010247,1
7_廠商內部編號,(3010247),1
7_廠商內部編號,3010070,1
7_廠商內部編號,(3010070),1
7_廠商內部編號,3010151,1
7_廠商內部編號,(3010151),1
7_廠商內部編號,SA320,1
7_廠商內部編號,3009995,1
7_廠商內部編號,(3009995),1
7_廠商內部編號,（49K）,1
7_廠商內部編號,H48080,1
7_廠商內部編號,(288H48080),1
7_廠商內部編號,3008687,1
7_廠商內部編號,(3008687),1
7_廠商內部編號,（52K）,1
7_廠商內部編號,(8-4),1
7_廠商內部編號,3009927,1
7_廠商內部編號,(3009927),1
7_廠商內部編號,3008954,1
7_廠商內部編號,(3008954),1
7_廠商內部編號,3007508,1
7_廠商內部編號,(3007508),1
7_廠商內部編號,3009712,1
7_廠商內部編號,(3009712),1
7_廠商內部編號,3009393,1
7_廠商內部編號,(3009393),1
7_廠商內部編號,3009226,1
7_廠商內部編號,(3009226),1
7_廠商內部編號,3009283,1
7_廠商內部編號,(3009283),1
7_廠商內部編號,3008395,1
7_廠商內部編號,(3008395),1
7_廠商內部編號,7141,1
7_廠商內部編號,４５５００,1
7_廠商內部編號,3009683,1
7_廠商內部編號,(3009683),1
7_廠商內部編號,3009542,1
7_廠商內部編號,(3009542),1
7_廠商內部編號,R012,1
7_廠商內部編號,R060,1
7_廠商內部編號,41400,1
7_廠商內部編號,V13,1
7_廠商內部編號,3008218,1
7_廠商內部編號,(3008218),1
7_廠商內部編號,3007380,1
7_廠商內部編號,(3007380),1
7_廠商內部編號,3008645,1
7_廠商內部編號,(3008645),1
7_廠商內部編號,(OEM),1
7_廠商內部編號,3006469,1
7_廠商內部編號,(3006469),1
7_廠商內部編號,6032,1
7_廠商內部編號,Q12,1
7_廠商內部編號,R11,1
7_廠商內部編號,R12,1
7_廠商內部編號,699324,1
7_廠商內部編號,11502006,1
7_廠商內部編號,3007477,1
7_廠商內部編號,(3007477),1
7_廠商內部編號,2985777,1
7_廠商內部編號,3009515,1
7_廠商內部編號,(3009515),1
7_廠商內部編號,CK630,1
7_廠商內部編號,873173,1
7_廠商內部編號,A207,1
7_廠商內部編號,A206,1
7_廠商內部編號,A602,1
7_廠商內部編號,3008844,1
7_廠商內部編號,(3008844),1
7_廠商內部編號,3007717,1
7_廠商內部編號,(3007717),1
7_廠商內部編號,3010049,1
7_廠商內部編號,(3010049),1
7_廠商內部編號,(MA),1
7_廠商內部編號,3009395,1
7_廠商內部編號,(3009395),1
7_廠商內部編號,3009383,1
7_廠商內部編號,(3009383),1
7_廠商內部編號,3006589,1
7_廠商內部編號,(3006589),1
7_廠商內部編號,3010344,1
7_廠商內部編號,(3010344),1
7_廠商內部編號,3010359,1
7_廠商內部編號,(3010359),1
7_廠商內部編號,11408040,1
7_廠商內部編號,3008107,1
7_廠商內部編號,(3008107),1
7_廠商內部編號,A404,1
7_廠商內部編號,A209,1
7_廠商內部編號,47232,1
7_廠商內部編號,R079,1
7_廠商內部編號,(07-15),1
7_廠商內部編號,(15-23),1
7_廠商內部編號,34171,1
7_廠商內部編號,1645,1
7_廠商內部編號,A017,1
7_廠商內部編號,A029,1
7_廠商內部編號,A025,1
7_廠商內部編號,A5007,1
7_廠商內部編號,5007,1
7_廠商內部編號,(KD),1
7_廠商內部編號,67400,1
7_廠商內部編號,1150504,1
7_廠商內部編號,1140411,1
7_廠商內部編號,24450101,1
7_廠商內部編號,(24450101),1
7_廠商內部編號,7885,1
7_廠商內部編號,A63,1
7_廠商內部編號,TWM006,1
7_廠商內部編號,3007875,1
7_廠商內部編號,(3007875),1
7_廠商內部編號,3006602,1
7_廠商內部編號,(3006602),1
7_廠商內部編號,3008490,1
7_廠商內部編號,(3008490),1
7_廠商內部編號,3008126,1
7_廠商內部編號,(3008126),1
7_廠商內部編號,3007736,1
7_廠商內部編號,(3007736),1
7_廠商內部編號,3007930,1
7_廠商內部編號,(3007930),1
7_廠商內部編號,45300,1
7_廠商內部編號,3007793,1
7_廠商內部編號,(3007793),1
7_廠商內部編號,687757,1
7_廠商內部編號,0939919173,1
7_廠商內部編號,3008506,1
7_廠商內部編號,(3008506),1
7_廠商內部編號,3010242,1
7_廠商內部編號,(3010242),1
7_廠商內部編號,H04D,1
7_廠商內部編號,RTR008,1
7_廠商內部編號,3009376,1
7_廠商內部編號,(3009376),1
7_廠商內部編號,3008579,1
7_廠商內部編號,(3008579),1
7_廠商內部編號,3009024,1
7_廠商內部編號,(3009024),1
7_廠商內部編號,3007970,1
7_廠商內部編號,(3007970),1
7_廠商內部編號,3008344,1
7_廠商內部編號,(3008344),1
7_廠商內部編號,3010212,1
7_廠商內部編號,(3010212),1
7_廠商內部編號,37285,1
7_廠商內部編號,E13,1
7_廠商內部編號,G03,1
7_廠商內部編號,A29,1
7_廠商內部編號,613238,1
7_廠商內部編號,（6H),1
7_廠商內部編號,3008134,1
7_廠商內部編號,(3008134),1
7_廠商內部編號,0918237522,1
7_廠商內部編號,2601668,1
7_廠商內部編號,0906,1
7_廠商內部編號,1150521004,1
7_廠商內部編號,00000065,1
7_廠商內部編號,S11505270,1
7_廠商內部編號,1150527001,1
7_廠商內部編號,8668868,1
7_廠商內部編號,CNC30000,1
7_廠商內部編號,(IPQC),1
7_廠商內部編號,719157,1
7_廠商內部編號,0975332994,1
7_廠商內部編號,097552,1
7_廠商內部編號,37400,1
7_廠商內部編號,0909398336,1
7_廠商內部編號,603056,1
7_廠商內部編號,0958,1
7_廠商內部編號,150526,1
7_廠商內部編號,68400,1
7_廠商內部編號,708766,1
7_廠商內部編號,8236,1
7_廠商內部編號,0930606107,1
7_廠商內部編號,（288hr),1
7_廠商內部編號,F508,1
7_廠商內部編號,RFS883,1
7_廠商內部編號,G01,1
7_廠商內部編號,0986740835,1
7_廠商內部編號,G00,1
7_廠商內部編號,F07D,1
7_廠商內部編號,E23,1
7_廠商內部編號,2619,1
7_廠商內部編號,4730,1
7_廠商內部編號,0935827357,1
7_廠商內部編號,669618,1
7_廠商內部編號,223072,1
7_廠商內部編號,10200,1
7_廠商內部編號,2299,1
7_廠商內部編號,3612,1
7_廠商內部編號,2909,1
7_廠商內部編號,6772,1
7_廠商內部編號,KC50,1
7_廠商內部編號,R002,1
7_廠商內部編號,3009629,1
7_廠商內部編號,(3009629),1
7_廠商內部編號,3837011,1
7_廠商內部編號,85200,1
7_廠商內部編號,F2211505,1
7_廠商內部編號,2211505,1
7_廠商內部編號,T208,1
7_廠商內部編號,D026,1
7_廠商內部編號,40360,1
7_廠商內部編號,(QC),1
7_廠商內部編號,YA04,1
7_廠商內部編號,(47k),1
7_廠商內部編號,2252,1
7_廠商內部編號,1732,1
7_廠商內部編號,YA44,1
7_廠商內部編號,2025014,1
7_廠商內部編號,(H-2025014),1
7_廠商內部編號,3008312,1
7_廠商內部編號,(3008312),1
7_廠商內部編號,A01000900,1
7_廠商內部編號,01000900,1
7_廠商內部編號,(A01000900),1
7_廠商內部編號,M021,1
7_廠商內部編號,CF670A,1
7_廠商內部編號,3007680,1
7_廠商內部編號,(3007680),1
7_廠商內部編號,3009653,1
7_廠商內部編號,(3009653),1
7_廠商內部編號,K009,1
7_廠商內部編號,cu28,1
7_廠商內部編號,5858837,1
7_廠商內部編號,450000,1
7_廠商內部編號,cu37,1
7_廠商內部編號,(346mos),1
7_廠商內部編號,(353mos),1
7_廠商內部編號,cu38,1
7_廠商內部編號,cu32,1
7_廠商內部編號,0978,1
7_廠商內部編號,0932684380,1
7_廠商內部編號,3008084,1
7_廠商內部編號,(3008084),1
7_廠商內部編號,3008479,1
7_廠商內部編號,(3008479),1
7_廠商內部編號,3009174,1
7_廠商內部編號,(3009174),1
7_廠商內部編號,(sales),1
7_廠商內部編號,(wholesale),1
7_廠商內部編號,C40,1
7_廠商內部編號,(AutoCAD),1
7_廠商內部編號,0956373533,1
7_廠商內部編號,3007696,1
7_廠商內部編號,(3007696),1
7_廠商內部編號,3008493,1
7_廠商內部編號,(3008493),1
7_廠商內部編號,3008631,1
7_廠商內部編號,(3008631),1
7_廠商內部編號,B048,1
7_廠商內部編號,JR101988,1
7_廠商內部編號,101988,1
7_廠商內部編號,21000,1
7_廠商內部編號,E8001,1
7_廠商內部編號,8001,1
7_廠商內部編號,3008682,1
7_廠商內部編號,(3008682),1
7_廠商內部編號,3008471,1
7_廠商內部編號,(3008471),1
7_廠商內部編號,3008715,1
7_廠商內部編號,(3008715),1
7_廠商內部編號,3009063,1
7_廠商內部編號,(LINUX),1
7_廠商內部編號,(3009063),1
7_廠商內部編號,3009064,1
7_廠商內部編號,(3009064),1
7_廠商內部編號,I105,1
7_廠商內部編號,D014,1
7_廠商內部編號,F103,1
7_廠商內部編號,(F103),1
7_廠商內部編號,(31K-37K),1
7_廠商內部編號,53600,1
7_廠商內部編號,RD010,1
7_廠商內部編號,RD006,1
7_廠商內部編號,3009253,1
7_廠商內部編號,(3009253),1
7_廠商內部編號,3008724,1
7_廠商內部編號,(3008724),1
7_廠商內部編號,3006745,1
7_廠商內部編號,(3006745),1
7_廠商內部編號,3007781,1
7_廠商內部編號,(3007781),1
7_廠商內部編號,3007885,1
7_廠商內部編號,(3007885),1
7_廠商內部編號,(28),1
7_廠商內部編號,35205,1
7_廠商內部編號,（47K),1
7_廠商內部編號,3009740,1
7_廠商內部編號,(3009740),1
7_廠商內部編號,b12,1
7_廠商內部編號,A00836,1
7_廠商內部編號,00836,1
7_廠商內部編號,3010010,1
7_廠商內部編號,(EE),1
7_廠商內部編號,(3010010),1
7_廠商內部編號,（S200),1
7_廠商內部編號,3008985,1
7_廠商內部編號,(3008985),1
7_廠商內部編號,F2611503,1
7_廠商內部編號,2611503,1
7_廠商內部編號,26597266,1
7_廠商內部編號,0926265699,1
7_廠商內部編號,1960,1
7_廠商內部編號,7336,1
7_廠商內部編號,0919620736,1
7_廠商內部編號,0987780200,1
7_廠商內部編號,K500,1
7_廠商內部編號,(K500),1
7_廠商內部編號,3008208,1
7_廠商內部編號,(3008208),1
7_廠商內部編號,x86,1
7_廠商內部編號,C031C,1
7_廠商內部編號,KS2104,1
7_廠商內部編號,2104,1
7_廠商內部編號,3008163,1
7_廠商內部編號,(3008163),1
7_廠商內部編號,A23,1
7_廠商內部編號,3009718,1
7_廠商內部編號,(3009718),1
7_廠商內部編號,3009948,1
7_廠商內部編號,(3009948),1
7_廠商內部編號,KS1104,1
7_廠商內部編號,1104,1
7_廠商內部編號,(84K),1
7_廠商內部編號,0600,1
7_廠商內部編號,(196),1
7_廠商內部編號,2226,1
7_廠商內部編號,(0Q200),1
7_廠商內部編號,(3C),1
7_廠商內部編號,JR105381,1
7_廠商內部編號,105381,1
7_廠商內部編號,HK03,1
7_廠商內部編號,676608,1
7_廠商內部編號,2602,1
7_廠商內部編號,R072,1
7_廠商內部編號,3008093,1
7_廠商內部編號,(3008093),1
7_廠商內部編號,T502,1
7_廠商內部編號,(T502),1
7_廠商內部編號,0986836679,1
7_廠商內部編號,0912036881,1
7_廠商內部編號,3010358,1
7_廠商內部編號,(3010358),1
7_廠商內部編號,3008305,1
7_廠商內部編號,(3008305),1
7_廠商內部編號,3008074,1
7_廠商內部編號,(3008074),1
7_廠商內部編號,3007789,1
7_廠商內部編號,(3007789),1
7_廠商內部編號,B015,1
7_廠商內部編號,B003,1
7_廠商內部編號,0928955586,1
7_廠商內部編號,1226,1
7_廠商內部編號,C004,1
7_廠商內部編號,C009,1
7_廠商內部編號,C604,1
7_廠商內部編號,C115,1
7_廠商內部編號,(6P),1
7_廠商內部編號,B059,1
7_廠商內部編號,K301,1
7_廠商內部編號,(K301),1
7_廠商內部編號,U205,1
7_廠商內部編號,(U205),1
7_廠商內部編號,U206,1
7_廠商內部編號,(U206),1
7_廠商內部編號,(T1),1
7_廠商內部編號,(T2),1
7_廠商內部編號,(J000),1
7_廠商內部編號,(K1),1
7_廠商內部編號,K201,1
7_廠商內部編號,(K201),1
7_廠商內部編號,(QA),1
7_廠商內部編號,3007545,1
7_廠商內部編號,(3007545),1
7_廠商內部編號,cu13,1
7_廠商內部編號,cu29,1
7_廠商內部編號,A071,1
7_廠商內部編號,cu33,1
7_廠商內部編號,(160mos),1
7_廠商內部編號,(185mos),1
7_廠商內部編號,(151mos),1
7_廠商內部編號,(186mos),1
7_廠商內部編號,(309mos),1
7_廠商內部編號,(070mos),1
7_廠商內部編號,3008559,1
7_廠商內部編號,(3008559),1
7_廠商內部編號,B17,1
7_廠商內部編號,680689,1
7_廠商內部編號,3009938,1
7_廠商內部編號,(3009938),1
7_廠商內部編號,11407011,1
7_廠商內部編號,11411012,1
7_廠商內部編號,11403017,1
7_廠商內部編號,3007169,1
7_廠商內部編號,(3007169),1
7_廠商內部編號,3007307,1
7_廠商內部編號,(3007307),1
7_廠商內部編號,3008733,1
7_廠商內部編號,(3008733),1
7_廠商內部編號,3008830,1
7_廠商內部編號,(3008830),1
7_廠商內部編號,3010117,1
7_廠商內部編號,(3010117),1
7_廠商內部編號,3009381,1
7_廠商內部編號,(3009381),1
7_廠商內部編號,3009477,1
7_廠商內部編號,(3009477),1
7_廠商內部編號,3009478,1
7_廠商內部編號,(3009478),1
7_廠商內部編號,(Java),1
7_廠商內部編號,3010250,1
7_廠商內部編號,(3010250),1
7_廠商內部編號,B25,1
7_廠商內部編號,13143,1
7_廠商內部編號,(NSK),1
7_廠商內部編號,2025019,1
7_廠商內部編號,1150487,1
7_廠商內部編號,C027C,1
7_廠商內部編號,C204,1
7_廠商內部編號,C112,1
7_廠商內部編號,C011,1
7_廠商內部編號,3316367,1
7_廠商內部編號,788000,1
7_廠商內部編號,23365525,1
7_廠商內部編號,3007804,1
7_廠商內部編號,(3007804),1
7_廠商內部編號,(388mos),1
7_廠商內部編號,3009951,1
7_廠商內部編號,(3009951),1
7_廠商內部編號,41700,1
7_廠商內部編號,(US),1
7_廠商內部編號,(AM),1
7_廠商內部編號,0910100822,1
7_廠商內部編號,7105,1
7_廠商內部編號,00000189,1
7_廠商內部編號,cu30,1
7_廠商內部編號,N032,1
7_廠商內部編號,0968,1
7_廠商內部編號,A00,1
7_廠商內部編號,0960730025,1
7_廠商內部編號,3008360,1
7_廠商內部編號,(3008360),1
7_廠商內部編號,3007773,1
7_廠商內部編號,(3007773),1
7_廠商內部編號,3009917,1
7_廠商內部編號,(3009917),1
7_廠商內部編號,3008165,1
7_廠商內部編號,(3008165),1
7_廠商內部編號,3009734,1
7_廠商內部編號,(3009734),1
7_廠商內部編號,681558,1
7_廠商內部編號,SV640,1
7_廠商內部編號,3009285,1
7_廠商內部編號,(3009285),1
7_廠商內部編號,3008507,1
7_廠商內部編號,(3008507),1
7_廠商內部編號,3005136,1
7_廠商內部編號,(3005136),1
7_廠商內部編號,SA600,1
7_廠商內部編號,C21,1
7_廠商內部編號,3007852,1
7_廠商內部編號,(3007852),1
7_廠商內部編號,3008602,1
7_廠商內部編號,(3008602),1
7_廠商內部編號,3008708,1
7_廠商內部編號,(3008708),1
7_廠商內部編號,3008333,1
7_廠商內部編號,(3008333),1
7_廠商內部編號,3009267,1
7_廠商內部編號,(3009267),1
7_廠商內部編號,3009862,1
7_廠商內部編號,(3009862),1
7_廠商內部編號,3010025,1
7_廠商內部編號,(3010025),1
7_廠商內部編號,3008279,1
7_廠商內部編號,(3008279),1
7_廠商內部編號,3009216,1
7_廠商內部編號,(3009216),1
7_廠商內部編號,WS95,1
7_廠商內部編號,3007436,1
7_廠商內部編號,(3007436),1
7_廠商內部編號,3007544,1
7_廠商內部編號,(3007544),1
7_廠商內部編號,2605,1
7_廠商內部編號,2606,1
7_廠商內部編號,3008277,1
7_廠商內部編號,(3008277),1
7_廠商內部編號,C611501,1
7_廠商內部編號,611501,1
7_廠商內部編號,60056,1
7_廠商內部編號,60066,1
7_廠商內部編號,613189,1
7_廠商內部編號,114003,1
7_廠商內部編號,115004,1
7_廠商內部編號,0927528899,1
7_廠商內部編號,520000,1
7_廠商內部編號,3007950,1
7_廠商內部編號,(3007950),1
7_廠商內部編號,cu45,1
7_廠商內部編號,ha18,1
7_廠商內部編號,ha16,1
7_廠商內部編號,3008293,1
7_廠商內部編號,(3008293),1
7_廠商內部編號,3008944,1
7_廠商內部編號,(3008944),1
7_廠商內部編號,3009526,1
7_廠商內部編號,(3009526),1
7_廠商內部編號,ha17,1
7_廠商內部編號,1006,1
7_廠商內部編號,53200,1
7_廠商內部編號,P0201,1
7_廠商內部編號,3009846,1
7_廠商內部編號,(3009846),1
7_廠商內部編號,3008372,1
7_廠商內部編號,(3008372),1
7_廠商內部編號,3008536,1
7_廠商內部編號,(3008536),1
7_廠商內部編號,3009934,1
7_廠商內部編號,(3009934),1
7_廠商內部編號,38700,1
7_廠商內部編號,SA410,1
7_廠商內部編號,1004,1
7_廠商內部編號,T0510,1
7_廠商內部編號,481110,1
7_廠商內部編號,11340,1
7_廠商內部編號,10320,1
7_廠商內部編號,2003,1
7_廠商內部編號,B61,1
7_廠商內部編號,B62,1
7_廠商內部編號,AP06,1
7_廠商內部編號,3009497,1
7_廠商內部編號,(3009497),1
7_廠商內部編號,3010267,1
7_廠商內部編號,(3010267),1
7_廠商內部編號,3009803,1
7_廠商內部編號,(3009803),1
7_廠商內部編號,3009038,1
7_廠商內部編號,(3009038),1
7_廠商內部編號,3007845,1
7_廠商內部編號,(3007845),1
7_廠商內部編號,3009507,1
7_廠商內部編號,(3009507),1
7_廠商內部編號,S047,1
7_廠商內部編號,（D000）,1
7_廠商內部編號,TM01,1
7_廠商內部編號,HM01,1
7_廠商內部編號,DD043,1
7_廠商內部編號,699330,1
7_廠商內部編號,V402,1
7_廠商內部編號,(V402),1
7_廠商內部編號,Q05,1
7_廠商內部編號,Q21,1
7_廠商內部編號,（W400）,1
7_廠商內部編號,3010183,1
7_廠商內部編號,(3010183),1
7_廠商內部編號,660260,1
7_廠商內部編號,673911,1
7_廠商內部編號,(R2),1
7_廠商內部編號,M26013,1
7_廠商內部編號,26013,1
7_廠商內部編號,F2811503,1
7_廠商內部編號,2811503,1
7_廠商內部編號,25942177,1
7_廠商內部編號,3008341,1
7_廠商內部編號,(3008341),1
7_廠商內部編號,SV612,1
7_廠商內部編號,(29),1
7_廠商內部編號,ha12,1
7_廠商內部編號,（shimamura）,1
7_廠商內部編號,cu43,1
7_廠商內部編號,3010345,1
7_廠商內部編號,(3010345),1
7_廠商內部編號,cu41,1
7_廠商內部編號,jk12,1
7_廠商內部編號,jk14,1
7_廠商內部編號,jk15,1
7_廠商內部編號,jk11,1
7_廠商內部編號,3711788,1
7_廠商內部編號,3008009,1
7_廠商內部編號,(3008009),1
7_廠商內部編號,3007919,1
7_廠商內部編號,(3007919),1
7_廠商內部編號,219032,1
7_廠商內部編號,0916776256,1
7_廠商內部編號,1681,1
7_廠商內部編號,（KTS_1681）,1
7_廠商內部編號,7491120,1
7_廠商內部編號,pge2147h,1
7_廠商內部編號,2147,1
7_廠商內部編號,0200,1
7_廠商內部編號,(75),1
7_廠商內部編號,559717,1
7_廠商內部編號,0953041802,1
7_廠商內部編號,5560088,1
7_廠商內部編號,RD008,1
7_廠商內部編號,177676,1
7_廠商內部編號,2433,1
7_廠商內部編號,6109,1
7_廠商內部編號,eling18,1
7_廠商內部編號,0935579620,1
7_廠商內部編號,RS403,1
7_廠商內部編號,0931165991,1
7_廠商內部編號,NTC117,1
7_廠商內部編號,AM08,1
7_廠商內部編號,5263,1
7_廠商內部編號,0929285325,1
7_廠商內部編號,(restaurant),1
7_廠商內部編號,0916,1
7_廠商內部編號,TC1103,1
7_廠商內部編號,1103,1
7_廠商內部編號,0905885280,1
7_廠商內部編號,J01,1
7_廠商內部編號,(107),1
7_廠商內部編號,(107-1),1
7_廠商內部編號,00000108,1
7_廠商內部編號,00000188,1
7_廠商內部編號,00000016,1
7_廠商內部編號,I201,1
7_廠商內部編號,(N01),1
7_廠商內部編號,15158,1
7_廠商內部編號,(DL-15158),1
7_廠商內部編號,DM09,1
7_廠商內部編號,DM801,1
7_廠商內部編號,DM10,1
7_廠商內部編號,L500,1
7_廠商內部編號,(L500),1
7_廠商內部編號,28800,1
7_廠商內部編號,78000,1
7_廠商內部編號,I20,1
7_廠商內部編號,mos409,1
7_廠商內部編號,(mos409),1
7_廠商內部編號,0932599727,1
7_廠商內部編號,（92）,1
7_廠商內部編號,60502,1
7_廠商內部編號,61202,1
7_廠商內部編號,6622,1
7_廠商內部編號,Z10,1
7_廠商內部編號,4907879,1
7_廠商內部編號,2728,1
7_廠商內部編號,C05D,1
7_廠商內部編號,0918628059,1
7_廠商內部編號,S38,1
7_廠商內部編號,0926113316,1
7_廠商內部編號,DNT137872,1
7_廠商內部編號,137872,1
7_廠商內部編號,SKH438,1
7_廠商內部編號,C25,1
7_廠商內部編號,A111,1
7_廠商內部編號,F2911501,1
7_廠商內部編號,2911501,1
7_廠商內部編號,777458,1
7_廠商內部編號,11504017,1
7_廠商內部編號,C11P,1
7_廠商內部編號,A22P,1
7_廠商內部編號,F15P,1
7_廠商內部編號,(09-13),1
7_廠商內部編號,(17-21),1
7_廠商內部編號,H01P,1
7_廠商內部編號,C10P,1
7_廠商內部編號,(137-1),1
7_廠商內部編號,K016K,1
7_廠商內部編號,FM23001,1
7_廠商內部編號,FM23002,1
7_廠商內部編號,IT25031,1
7_廠商內部編號,25031,1
7_廠商內部編號,D4000Y,1
7_廠商內部編號,（Recruiter）,1
7_廠商內部編號,JC01,1
7_廠商內部編號,37100,1
7_廠商內部編號,NEO19,1
7_廠商內部編號,h16,1
7_廠商內部編號,7802,1
7_廠商內部編號,(SS-02),1
7_廠商內部編號,I103,1
7_廠商內部編號,(140-1),1
7_廠商內部編號,A108,1
7_廠商內部編號,R045,1
7_廠商內部編號,AD10105,1
7_廠商內部編號,9287700,1
7_廠商內部編號,(45K),1
7_廠商內部編號,JR105422,1
7_廠商內部編號,105422,1
7_廠商內部編號,26950243,1
7_廠商內部編號,0937744982,1
7_廠商內部編號,(IC),1
7_廠商內部編號,H713,1
7_廠商內部編號,A02,1
7_廠商內部編號,0932969237,1
7_廠商內部編號,A20P,1
7_廠商內部編號,E01,1
7_廠商內部編號,46100,1
7_廠商內部編號,49100,1
7_廠商內部編號,0982768327,1
7_廠商內部編號,C056C,1
7_廠商內部編號,0930109338,1
7_廠商內部編號,0920546211,1
7_廠商內部編號,595439,1
7_廠商內部編號,E8101,1
7_廠商內部編號,8101,1
7_廠商內部編號,0913551649,1
7_廠商內部編號,93090,1
7_廠商內部編號,3009016,1
7_廠商內部編號,(3009016),1
7_廠商內部編號,3009851,1
7_廠商內部編號,(3009851),1
7_廠商內部編號,3007899,1
7_廠商內部編號,(3007899),1
7_廠商內部編號,3007983,1
7_廠商內部編號,(3007983),1
7_廠商內部編號,3010293,1
7_廠商內部編號,(3010293),1
7_廠商內部編號,3009095,1
7_廠商內部編號,(3009095),1
7_廠商內部編號,3009140,1
7_廠商內部編號,(3009140),1
7_廠商內部編號,3010097,1
7_廠商內部編號,(3010097),1
7_廠商內部編號,3010106,1
7_廠商內部編號,(3010106),1
7_廠商內部編號,3009203,1
7_廠商內部編號,(3009203),1
7_廠商內部編號,3009301,1
7_廠商內部編號,(3009301),1
7_廠商內部編號,3008191,1
7_廠商內部編號,(3008191),1
7_廠商內部編號,3007497,1
7_廠商內部編號,(3007497),1
7_廠商內部編號,601043,1
7_廠商內部編號,601039,1
7_廠商內部編號,3007692,1
7_廠商內部編號,(3007692),1
7_廠商內部編號,3010068,1
7_廠商內部編號,(3010068),1
7_廠商內部編號,3010233,1
7_廠商內部編號,(3010233),1
7_廠商內部編號,3008609,1
7_廠商內部編號,(3008609),1
7_廠商內部編號,3008367,1
7_廠商內部編號,(3008367),1
7_廠商內部編號,3008718,1
7_廠商內部編號,(3008718),1
7_廠商內部編號,3008691,1
7_廠商內部編號,(3008691),1
7_廠商內部編號,3009263,1
7_廠商內部編號,(3009263),1
7_廠商內部編號,3008978,1
7_廠商內部編號,(3008978),1
7_廠商內部編號,3007877,1
7_廠商內部編號,(3007877),1
7_廠商內部編號,3008240,1
7_廠商內部編號,(3008240),1
7_廠商內部編號,3009812,1
7_廠商內部編號,(3009812),1
7_廠商內部編號,3008324,1
7_廠商內部編號,(3008324),1
7_廠商內部編號,3010077,1
7_廠商內部編號,(3010077),1
7_廠商內部編號,3009026,1
7_廠商內部編號,(3009026),1
7_廠商內部編號,3010274,1
7_廠商內部編號,(3010274),1
7_廠商內部編號,3008379,1
7_廠商內部編號,(3008379),1
7_廠商內部編號,3008735,1
7_廠商內部編號,(3008735),1
7_廠商內部編號,3008888,1
7_廠商內部編號,(3008888),1
7_廠商內部編號,3009181,1
7_廠商內部編號,(3009181),1
7_廠商內部編號,3008222,1
7_廠商內部編號,(3008222),1
7_廠商內部編號,3008247,1
7_廠商內部編號,(3008247),1
7_廠商內部編號,3008130,1
7_廠商內部編號,(3008130),1
7_廠商內部編號,3008308,1
7_廠商內部編號,(3008308),1
7_廠商內部編號,(IPO),1
7_廠商內部編號,3008817,1
7_廠商內部編號,(3008817),1
7_廠商內部編號,3008624,1
7_廠商內部編號,(3008624),1
7_廠商內部編號,C109,1
7_廠商內部編號,C203,1
7_廠商內部編號,C110,1
7_廠商內部編號,3010088,1
7_廠商內部編號,(3010088),1
7_廠商內部編號,3007520,1
7_廠商內部編號,(3007520),1
7_廠商內部編號,3007519,1
7_廠商內部編號,(APS),1
7_廠商內部編號,(3007519),1
7_廠商內部編號,3010136,1
7_廠商內部編號,(3010136),1
7_廠商內部編號,3008023,1
7_廠商內部編號,(3008023),1
7_廠商內部編號,DC08,1
7_廠商內部編號,DD060,1
7_廠商內部編號,3008056,1
7_廠商內部編號,(3008056),1
7_廠商內部編號,3008397,1
7_廠商內部編號,(3008397),1
7_廠商內部編號,3008899,1
7_廠商內部編號,(3008899),1
7_廠商內部編號,B35,1
7_廠商內部編號,B36,1
7_廠商內部編號,B34,1
7_廠商內部編號,B44,1
7_廠商內部編號,ELE00,1
7_廠商內部編號,B46,1
7_廠商內部編號,B55,1
7_廠商內部編號,B56,1
7_廠商內部編號,B53,1
7_廠商內部編號,B48,1
7_廠商內部編號,(ROBOT),1
7_廠商內部編號,B58,1
7_廠商內部編號,1003,1
7_廠商內部編號,3008260,1
7_廠商內部編號,(3008260),1
7_廠商內部編號,3008329,1
7_廠商內部編號,(3008329),1
7_廠商內部編號,M23007,1
7_廠商內部編號,23007,1
7_廠商內部編號,3007600,1
7_廠商內部編號,(3007600),1
7_廠商內部編號,3008183,1
7_廠商內部編號,(3008183),1
7_廠商內部編號,bo43,1
7_廠商內部編號,bo44,1
7_廠商內部編號,PM22,1
7_廠商內部編號,A00899,1
7_廠商內部編號,00899,1
7_廠商內部編號,Q017Q,1
7_廠商內部編號,C007C,1
7_廠商內部編號,3008688,1
7_廠商內部編號,(3008688),1
7_廠商內部編號,(HY-03),1
7_廠商內部編號,3008008,1
7_廠商內部編號,(3008008),1
7_廠商內部編號,3008224,1
7_廠商內部編號,(3008224),1
7_廠商內部編號,R10,1
7_廠商內部編號,B012,1
7_廠商內部編號,A603,1
7_廠商內部編號,A501,1
7_廠商內部編號,B113,1
7_廠商內部編號,B114,1
7_廠商內部編號,A504,1
7_廠商內部編號,L300,1
7_廠商內部編號,3005880,1
7_廠商內部編號,(3005880),1
7_廠商內部編號,3009648,1
7_廠商內部編號,(3009648),1
7_廠商內部編號,3008518,1
7_廠商內部編號,(3008518),1
7_廠商內部編號,A24,1
7_廠商內部編號,A510,1
7_廠商內部編號,B205,1
7_廠商內部編號,392721,1
7_廠商內部編號,3009914,1
7_廠商內部編號,(3009914),1
7_廠商內部編號,3007713,1
7_廠商內部編號,(3007713),1
7_廠商內部編號,3010035,1
7_廠商內部編號,(3010035),1
7_廠商內部編號,3008239,1
7_廠商內部編號,(3008239),1
7_廠商內部編號,3009767,1
7_廠商內部編號,(3009767),1
7_廠商內部編號,701835,1
7_廠商內部編號,(241mos),1
7_廠商內部編號,3009568,1
7_廠商內部編號,(3009568),1
7_廠商內部編號,3009841,1
7_廠商內部編號,(3009841),1
7_廠商內部編號,(276mos),1
7_廠商內部編號,A011,1
7_廠商內部編號,7894010,1
7_廠商內部編號,3009245,1
7_廠商內部編號,(3009245),1
7_廠商內部編號,34300,1
7_廠商內部編號,37300,1
7_廠商內部編號,41100,1
7_廠商內部編號,3010262,1
7_廠商內部編號,(3010262),1
7_廠商內部編號,PM16,1
7_廠商內部編號,3010100,1
7_廠商內部編號,(3010100),1
7_廠商內部編號,68137,1
7_廠商內部編號,3008469,1
7_廠商內部編號,(3008469),1
7_廠商內部編號,3004451,1
7_廠商內部編號,(3004451),1
7_廠商內部編號,3009752,1
7_廠商內部編號,(3009752),1
7_廠商內部編號,3008148,1
7_廠商內部編號,(3008148),1
7_廠商內部編號,3008276,1
7_廠商內部編號,(3008276),1
7_廠商內部編號,36725,1
7_廠商內部編號,(5hrs),1
7_廠商內部編號,0980484747,1
7_廠商內部編號,Focus13,1
7_廠商內部編號,0975279422,1
7_廠商內部編號,H05,1
7_廠商內部編號,7850697,1
7_廠商內部編號,737340,1
7_廠商內部編號,4755151,1
7_廠商內部編號,0926692299,1
7_廠商內部編號,2724315,1
7_廠商內部編號,1568,1
7_廠商內部編號,0965028869,1
7_廠商內部編號,0927696867,1
7_廠商內部編號,2229,1
7_廠商內部編號,2353,1
7_廠商內部編號,530009,1
7_廠商內部編號,0970688035,1
7_廠商內部編號,A41,1
7_廠商內部編號,2550,1
7_廠商內部編號,11502007,1
7_廠商內部編號,0983026058,1
7_廠商內部編號,2708368,1
7_廠商內部編號,18149,1
7_廠商內部編號,M655,1
7_廠商內部編號,F2511504,1
7_廠商內部編號,2511504,1
7_廠商內部編號,85513,1
7_廠商內部編號,85310,1
7_廠商內部編號,36500,1
7_廠商內部編號,548274,1
7_廠商內部編號,A132,1
7_廠商內部編號,(2D),1
7_廠商內部編號,0982248808,1
7_廠商內部編號,Mia013,1
7_廠商內部編號,C003,1
7_廠商內部編號,HR25046,1
7_廠商內部編號,25046,1
7_廠商內部編號,85514,1
7_廠商內部編號,(A1),1
7_廠商內部編號,8366,1
7_廠商內部編號,AMR225,1
7_廠商內部編號,2339,1
7_廠商內部編號,3338,1
7_廠商內部編號,HC001,1
7_廠商內部編號,34928,1
7_廠商內部編號,0981209672,1
7_廠商內部編號,AA03,1
7_廠商內部編號,(88K),1
7_廠商內部編號,Bella02,1
7_廠商內部編號,DD194,1
7_廠商內部編號,2023,1
7_廠商內部編號,MMN05,1
7_廠商內部編號,(Mechanical),1
7_廠商內部編號,DD227,1
7_廠商內部編號,3009143,1
7_廠商內部編號,(3009143),1
7_廠商內部編號,SC5003,1
7_廠商內部編號,C500,1
7_廠商內部編號,(C500),1
7_廠商內部編號,(CDS),1
7_廠商內部編號,T111502,1
7_廠商內部編號,111502,1
7_廠商內部編號,3007521,1
7_廠商內部編號,(3007521),1
7_廠商內部編號,11503021,1
7_廠商內部編號,75200,1
7_廠商內部編號,3010023,1
7_廠商內部編號,(3010023),1
7_廠商內部編號,12959,1
7_廠商內部編號,(D31-12959),1
7_廠商內部編號,14060,1
7_廠商內部編號,(D31-14060),1
7_廠商內部編號,3008709,1
7_廠商內部編號,(3008709),1
7_廠商內部編號,AW5203,1
7_廠商內部編號,5203,1
7_廠商內部編號,(F200),1
7_廠商內部編號,（SMT）,1
7_廠商內部編號,23808332,1
7_廠商內部編號,035556999,1
7_廠商內部編號,8587,1
7_廠商內部編號,(D7-8587),1
7_廠商內部編號,8578,1
7_廠商內部編號,(D7-8578),1
7_廠商內部編號,(SQM),1
7_廠商內部編號,3903651,1
7_廠商內部編號,33700,1
7_廠商內部編號,45270,1
7_廠商內部編號,57600,1
7_廠商內部編號,(252H),1
7_廠商內部編號,HS02,1
7_廠商內部編號,H09,1
7_廠商內部編號,3007892,1
7_廠商內部編號,(3007892),1
7_廠商內部編號,RS32,1
7_廠商內部編號,0985353244,1
7_廠商內部編號,(mes),1
7_廠商內部編號,C022C,1
7_廠商內部編號,5899,1
7_廠商內部編號,13970,1
7_廠商內部編號,14216,1
7_廠商內部編號,0925023829,1
7_廠商內部編號,2994870,1
7_廠商內部編號,0933652188,1
7_廠商內部編號,(550J000),1
7_廠商內部編號,E05B,1
7_廠商內部編號,B30,1
7_廠商內部編號,3010013,1
7_廠商內部編號,(3010013),1
7_廠商內部編號,A511,1
7_廠商內部編號,Q24001,1
7_廠商內部編號,13509,1
7_廠商內部編號,(DL-13509),1
7_廠商內部編號,14823,1
7_廠商內部編號,(DL-14823),1
7_廠商內部編號,672508,1
7_廠商內部編號,C0201,1
7_廠商內部編號,E0510,1
7_廠商內部編號,K005,1
7_廠商內部編號,N105,1
7_廠商內部編號,DD009,1
7_廠商內部編號,(0J100),1
7_廠商內部編號,(G500),1
7_廠商內部編號,(550G200),1
7_廠商內部編號,3009287,1
7_廠商內部編號,(3009287),1
7_廠商內部編號,115009,1
7_廠商內部編號,113075,1
7_廠商內部編號,15019,1
7_廠商內部編號,(383mos),1
7_廠商內部編號,(351mos),1
7_廠商內部編號,2222,1
7_廠商內部編號,H604,1
7_廠商內部編號,1040,1
7_廠商內部編號,(384mos),1
7_廠商內部編號,(B100),1
7_廠商內部編號,D004,1
7_廠商內部編號,D211,1
7_廠商內部編號,D010,1
7_廠商內部編號,D111,1
7_廠商內部編號,D311,1
7_廠商內部編號,D206,1
7_廠商內部編號,D203,1
7_廠商內部編號,(282mos),1
7_廠商內部編號,0982577043,1
7_廠商內部編號,43960,1
7_廠商內部編號,45880,1
7_廠商內部編號,172787,1
7_廠商內部編號,2888,1
7_廠商內部編號,1086,1
7_廠商內部編號,8648,1
7_廠商內部編號,8388,1
7_廠商內部編號,22269477,1
7_廠商內部編號,14115,1
7_廠商內部編號,(D9-14115),1
7_廠商內部編號,3008124,1
7_廠商內部編號,(3008124),1
7_廠商內部編號,(K0),1
7_廠商內部編號,3009175,1
7_廠商內部編號,(3009175),1
7_廠商內部編號,3008868,1
7_廠商內部編號,(3008868),1
7_廠商內部編號,3010307,1
7_廠商內部編號,(3010307),1
7_廠商內部編號,3009741,1
7_廠商內部編號,(3009741),1
7_廠商內部編號,3009239,1
7_廠商內部編號,(3009239),1
7_廠商內部編號,(R6),1
7_廠商內部編號,85523,1
7_廠商內部編號,RH5404,1
7_廠商內部編號,5404,1
7_廠商內部編號,11407010,1
7_廠商內部編號,JC5409,1
7_廠商內部編號,5409,1
7_廠商內部編號,85540,1
7_廠商內部編號,F2311510,1
7_廠商內部編號,2311510,1
7_廠商內部編號,AW5305,1
7_廠商內部編號,5305,1
7_廠商內部編號,8541,1
7_廠商內部編號,3008607,1
7_廠商內部編號,(3008607),1
7_廠商內部編號,(299mos),1
7_廠商內部編號,B354m,1
7_廠商內部編號,(B354mos),1
7_廠商內部編號,S111508,1
7_廠商內部編號,S39,1
7_廠商內部編號,SP340,1
7_廠商內部編號,113023,1
7_廠商內部編號,(550J300),1
7_廠商內部編號,(ECP),1
7_廠商內部編號,0958798666,1
7_廠商內部編號,2703,1
7_廠商內部編號,9001,1
7_廠商內部編號,0913566900,1
7_廠商內部編號,85552,1
7_廠商內部編號,0989259583,1
7_廠商內部編號,0912311886,1
7_廠商內部編號,F01C,1
7_廠商內部編號,JR103659,1
7_廠商內部編號,103659,1
7_廠商內部編號,0702,1
7_廠商內部編號,3009847,1
7_廠商內部編號,(3009847),1
7_廠商內部編號,3007836,1
7_廠商內部編號,(3007836),1
7_廠商內部編號,3007685,1
7_廠商內部編號,(3007685),1
7_廠商內部編號,3007643,1
7_廠商內部編號,(3007643),1
7_廠商內部編號,3007555,1
7_廠商內部編號,(3007555),1
7_廠商內部編號,3007785,1
7_廠商內部編號,(3007785),1
7_廠商內部編號,3007543,1
7_廠商內部編號,(3007543),1
7_廠商內部編號,3007539,1
7_廠商內部編號,(3007539),1
7_廠商內部編號,3007995,1
7_廠商內部編號,(3007995),1
7_廠商內部編號,3008104,1
7_廠商內部編號,(3008104),1
7_廠商內部編號,3009974,1
7_廠商內部編號,(3009974),1
7_廠商內部編號,Q015Q,1
7_廠商內部編號,3009129,1
7_廠商內部編號,(3009129),1
7_廠商內部編號,3010092,1
7_廠商內部編號,(3010092),1
7_廠商內部編號,3009650,1
7_廠商內部編號,(3009650),1
7_廠商內部編號,K019K,1
7_廠商內部編號,3008098,1
7_廠商內部編號,(3008098),1
7_廠商內部編號,3007810,1
7_廠商內部編號,(3007810),1
7_廠商內部編號,3008912,1
7_廠商內部編號,(3008912),1
7_廠商內部編號,3009784,1
7_廠商內部編號,(3009784),1
7_廠商內部編號,3009785,1
7_廠商內部編號,(3009785),1
7_廠商內部編號,3010322,1
7_廠商內部編號,(3010322),1
7_廠商內部編號,11403044,1
7_廠商內部編號,3010272,1
7_廠商內部編號,(3010272),1
7_廠商內部編號,60036,1
7_廠商內部編號,60046,1
7_廠商內部編號,3008997,1
7_廠商內部編號,(3008997),1
7_廠商內部編號,3008542,1
7_廠商內部編號,(3008542),1
7_廠商內部編號,RS13,1
7_廠商內部編號,26973653,1
7_廠商內部編號,MM002,1
7_廠商內部編號,LLS834,1
7_廠商內部編號,(484),1
7_廠商內部編號,2028,1
7_廠商內部編號,(SPI),1
7_廠商內部編號,(Shift),1
7_廠商內部編號,3009533,1
7_廠商內部編號,(3009533),1
7_廠商內部編號,3008110,1
7_廠商內部編號,(3008110),1
7_廠商內部編號,(P000),1
7_廠商內部編號,(550U400),1
7_廠商內部編號,D101,1
7_廠商內部編號,S35,1
7_廠商內部編號,61001,1
7_廠商內部編號,620226,1
7_廠商內部編號,3008557,1
7_廠商內部編號,(3008557),1
7_廠商內部編號,3008837,1
7_廠商內部編號,(3008837),1
7_廠商內部編號,A04,1
7_廠商內部編號,3008667,1
7_廠商內部編號,(3008667),1
7_廠商內部編號,3008892,1
7_廠商內部編號,(3008892),1
7_廠商內部編號,3008893,1
7_廠商內部編號,(3008893),1
7_廠商內部編號,3008880,1
7_廠商內部編號,(3008880),1
7_廠商內部編號,(SDET),1
7_廠商內部編號,3009062,1
7_廠商內部編號,(3009062),1
7_廠商內部編號,(508),1
7_廠商內部編號,B025,1
7_廠商內部編號,B040,1
7_廠商內部編號,3008102,1
7_廠商內部編號,(3008102),1
7_廠商內部編號,3008018,1
7_廠商內部編號,(3008018),1
7_廠商內部編號,3008656,1
7_廠商內部編號,(3008656),1
7_廠商內部編號,3008544,1
7_廠商內部編號,(3008544),1
7_廠商內部編號,3008386,1
7_廠商內部編號,(3008386),1
7_廠商內部編號,3008365,1
7_廠商內部編號,(3008365),1
7_廠商內部編號,(U102),1
7_廠商內部編號,F102,1
7_廠商內部編號,(F102),1
7_廠商內部編號,M203,1
7_廠商內部編號,(M203),1
7_廠商內部編號,F02,1
7_廠商內部編號,(F02),1
7_廠商內部編號,（U102）,1
7_廠商內部編號,3009937,1
7_廠商內部編號,(3009937),1
7_廠商內部編號,0966387982,1
7_廠商內部編號,A00890,1
7_廠商內部編號,00890,1
7_廠商內部編號,6211,1
7_廠商內部編號,6208,1
7_廠商內部編號,47800,1
7_廠商內部編號,150000,1
7_廠商內部編號,38400,1
7_廠商內部編號,M700,1
7_廠商內部編號,(M700),1
7_廠商內部編號,G121,1
7_廠商內部編號,N075,1
7_廠商內部編號,N113,1
7_廠商內部編號,N084,1
7_廠商內部編號,3008563,1
7_廠商內部編號,(3008563),1
7_廠商內部編號,PC5302,1
7_廠商內部編號,11408030,1
7_廠商內部編號,11408024,1
7_廠商內部編號,M23001,1
7_廠商內部編號,3009159,1
7_廠商內部編號,(3009159),1
7_廠商內部編號,8121,1
7_廠商內部編號,0989558122,1
7_廠商內部編號,D19000,1
7_廠商內部編號,26033001,1
7_廠商內部編號,26042903,1
7_廠商內部編號,DD068,1
7_廠商內部編號,26061501,1
7_廠商內部編號,11408026,1
7_廠商內部編號,11408027,1
7_廠商內部編號,8123,1
7_廠商內部編號,3010081,1
7_廠商內部編號,(3010081),1
7_廠商內部編號,K012K,1
7_廠商內部編號,MK35100,1
7_廠商內部編號,1150603003,1
7_廠商內部編號,85522,1
7_廠商內部編號,3010331,1
7_廠商內部編號,(3010331),1
7_廠商內部編號,3004927,1
7_廠商內部編號,(3004927),1
7_廠商內部編號,Q011Q,1
7_廠商內部編號,11411016,1
7_廠商內部編號,3008726,1
7_廠商內部編號,(3008726),1
7_廠商內部編號,3008928,1
7_廠商內部編號,(3008928),1
7_廠商內部編號,3008822,1
7_廠商內部編號,(3008822),1
7_廠商內部編號,EA003,1
7_廠商內部編號,3009238,1
7_廠商內部編號,(3009238),1
7_廠商內部編號,3007968,1
7_廠商內部編號,(3007968),1
7_廠商內部編號,3008604,1
7_廠商內部編號,(3008604),1
7_廠商內部編號,M01,1
7_廠商內部編號,M02,1
7_廠商內部編號,A009,1
7_廠商內部編號,0936963833,1
7_廠商內部編號,0909453188,1
7_廠商內部編號,YA07,1
7_廠商內部編號,39776,1
7_廠商內部編號,15485,1
7_廠商內部編號,R30701,1
7_廠商內部編號,30701,1
7_廠商內部編號,(0T000),1
7_廠商內部編號,3008345,1
7_廠商內部編號,(3008345),1
7_廠商內部編號,674331,1
7_廠商內部編號,13063,1
7_廠商內部編號,(D7-13063),1
7_廠商內部編號,DW5302,1
7_廠商內部編號,3007675,1
7_廠商內部編號,(3007675),1
7_廠商內部編號,3009984,1
7_廠商內部編號,(3009984),1
7_廠商內部編號,3009983,1
7_廠商內部編號,(3009983),1
7_廠商內部編號,26412001,1
7_廠商內部編號,(26412001),1
7_廠商內部編號,A06,1
7_廠商內部編號,0850,1
7_廠商內部編號,1750,1
7_廠商內部編號,(9H),1
7_廠商內部編號,0931130913,1
7_廠商內部編號,86852209,1
7_廠商內部編號,7925815,1
7_廠商內部編號,T200,1
7_廠商內部編號,3009961,1
7_廠商內部編號,(3009961),1
7_廠商內部編號,SS660,1
7_廠商內部編號,4063,1
7_廠商內部編號,168000,1
7_廠商內部編號,F2611504,1
7_廠商內部編號,2611504,1
7_廠商內部編號,F2611502,1
7_廠商內部編號,2611502,1
7_廠商內部編號,elval750616,1
7_廠商內部編號,750616,1
7_廠商內部編號,F2511514,1
7_廠商內部編號,2511514,1
7_廠商內部編號,8630,1
7_廠商內部編號,3333,1
7_廠商內部編號,RK801,1
7_廠商內部編號,(K200),1
7_廠商內部編號,3617189,1
7_廠商內部編號,0968222835,1
7_廠商內部編號,4066,1
7_廠商內部編號,4075,1
7_廠商內部編號,20260013,1
7_廠商內部編號,3009692,1
7_廠商內部編號,(3009692),1
7_廠商內部編號,3009904,1
7_廠商內部編號,(3009904),1
7_廠商內部編號,3009880,1
7_廠商內部編號,(3009880),1
7_廠商內部編號,3009694,1
7_廠商內部編號,(3009694),1
7_廠商內部編號,3009058,1
7_廠商內部編號,(3009058),1
7_廠商內部編號,3008172,1
7_廠商內部編號,(3008172),1
7_廠商內部編號,3010169,1
7_廠商內部編號,(3010169),1
7_廠商內部編號,T500,1
7_廠商內部編號,(270T500),1
7_廠商內部編號,( 690R100 ),1
7_廠商內部編號,(690M200),1
7_廠商內部編號,7820,1
7_廠商內部編號,M05,1
7_廠商內部編號,3009935,1
7_廠商內部編號,(3009935),1
7_廠商內部編號,3008835,1
7_廠商內部編號,(3008835),1
7_廠商內部編號,１５０００,1
7_廠商內部編號,23808425,1
7_廠商內部編號,0965106969,1
7_廠商內部編號,691638,1
7_廠商內部編號,ECN06,1
7_廠商內部編號,681433,1
7_廠商內部編號,Q016Q,1
7_廠商內部編號,Q018Q,1
7_廠商內部編號,K015K,1
7_廠商內部編號,B11,1
7_廠商內部編號,3007401,1
7_廠商內部編號,(3007401),1
7_廠商內部編號,RD23008,1
7_廠商內部編號,23008,1
7_廠商內部編號,(690M100),1
7_廠商內部編號,11408023,1
7_廠商內部編號,3010018,1
7_廠商內部編號,(3010018),1
7_廠商內部編號,3008092,1
7_廠商內部編號,(3008092),1
7_廠商內部編號,3007893,1
7_廠商內部編號,(3007893),1
7_廠商內部編號,3007937,1
7_廠商內部編號,(3007937),1
7_廠商內部編號,3008575,1
7_廠商內部編號,(3008575),1
7_廠商內部編號,3010325,1
7_廠商內部編號,(3010325),1
7_廠商內部編號,(Taoyuan),1
7_廠商內部編號,3008078,1
7_廠商內部編號,(3008078),1
7_廠商內部編號,3008553,1
7_廠商內部編號,(3008553),1
7_廠商內部編號,3009998,1
7_廠商內部編號,(3009998),1
7_廠商內部編號,26971492,1
7_廠商內部編號,26954008,1
7_廠商內部編號,3008064,1
7_廠商內部編號,(3008064),1
7_廠商內部編號,7640,1
7_廠商內部編號,D0036,1
7_廠商內部編號,0036,1
7_廠商內部編號,HR26044,1
7_廠商內部編號,26044,1
7_廠商內部編號,3009154,1
7_廠商內部編號,(3009154),1
7_廠商內部編號,OCS331,1
7_廠商內部編號,(114-070),1
7_廠商內部編號,HR26021,1
7_廠商內部編號,26021,1
7_廠商內部編號,HR000,1
7_廠商內部編號,JR104570,1
7_廠商內部編號,104570,1
7_廠商內部編號,9012,1
7_廠商內部編號,(D7-9012),1
7_廠商內部編號,3010060,1
7_廠商內部編號,(3010060),1
7_廠商內部編號,15166,1
7_廠商內部編號,(D7-15166),1
7_廠商內部編號,15110,1
7_廠商內部編號,(D7-15110),1
7_廠商內部編號,12196,1
7_廠商內部編號,(D7-12196),1
7_廠商內部編號,3009627,1
7_廠商內部編號,(3009627),1
7_廠商內部編號,3009597,1
7_廠商內部編號,(3009597),1
7_廠商內部編號,(300H),1
7_廠商內部編號,11000,1
7_廠商內部編號,(320H),1
7_廠商內部編號,14069,1
7_廠商內部編號,(D7-14069),1
7_廠商內部編號,(S400),1
7_廠商內部編號,3009209,1
7_廠商內部編號,(3009209),1
7_廠商內部編號,666893,1
7_廠商內部編號,D79,1
7_廠商內部編號,(Fanuc-31i),1
7_廠商內部編號,OCS302,1
7_廠商內部編號,P002,1
7_廠商內部編號,(27),1
7_廠商內部編號,15025,1
7_廠商內部編號,(D3-15025),1
7_廠商內部編號,10814,1
7_廠商內部編號,5083,1
7_廠商內部編號,(5083P),1
7_廠商內部編號,06231,1
7_廠商內部編號,(EMS),1
7_廠商內部編號,(550H200),1
7_廠商內部編號,(115-047),1
7_廠商內部編號,3009527,1
7_廠商內部編號,(3009527),1
7_廠商內部編號,D357,1
7_廠商內部編號,(550P400),1
7_廠商內部編號,DD232,1
7_廠商內部編號,C9108,1
7_廠商內部編號,9108,1
7_廠商內部編號,1150353,1
7_廠商內部編號,26520001,1
7_廠商內部編號,(26520001),1
7_廠商內部編號,DD162,1
7_廠商內部編號,DD164,1
7_廠商內部編號,A21,1
7_廠商內部編號,(ESS),1
7_廠商內部編號,DD093,1
7_廠商內部編號,D277,1
7_廠商內部編號,(V200),1
7_廠商內部編號,3010137,1
7_廠商內部編號,(3010137),1
7_廠商內部編號,3007075,1
7_廠商內部編號,(3007075),1
7_廠商內部編號,3007909,1
7_廠商內部編號,(3007909),1
7_廠商內部編號,3004349,1
7_廠商內部編號,(3004349),1
7_廠商內部編號,60146,1
7_廠商內部編號,D658,1
7_廠商內部編號,(C6),1
7_廠商內部編號,（DBA）,1
7_廠商內部編號,3005605,1
7_廠商內部編號,(3005605),1
7_廠商內部編號,3006176,1
7_廠商內部編號,(3006176),1
7_廠商內部編號,3006150,1
7_廠商內部編號,(3006150),1
7_廠商內部編號,3006624,1
7_廠商內部編號,(3006624),1
7_廠商內部編號,3008842,1
7_廠商內部編號,(3008842),1
7_廠商內部編號,3005604,1
7_廠商內部編號,(3005604),1
7_廠商內部編號,JR105367,1
7_廠商內部編號,105367,1
7_廠商內部編號,JR102109,1
7_廠商內部編號,102109,1
7_廠商內部編號,3009744,1
7_廠商內部編號,(3009744),1
7_廠商內部編號,(114-050),1
7_廠商內部編號,3003898,1
7_廠商內部編號,(3003898),1
7_廠商內部編號,DD128,1
7_廠商內部編號,DD129,1
7_廠商內部編號,DD031,1
7_廠商內部編號,DD062,1
7_廠商內部編號,DD081,1
7_廠商內部編號,(R400),1
7_廠商內部編號,RDR003,1
7_廠商內部編號,0988370018,1
7_廠商內部編號,86481853,1
7_廠商內部編號,(P100),1
7_廠商內部編號,（550V200）,1
7_廠商內部編號,B500,1
7_廠商內部編號,(B500),1
7_廠商內部編號,(552),1
7_廠商內部編號,AJ1111,1
7_廠商內部編號,(17-22),1
7_廠商內部編號,25241405,1
7_廠商內部編號,（25241405）,1
7_廠商內部編號,2255,1
7_廠商內部編號,9225,1
7_廠商內部編號,3007989,1
7_廠商內部編號,(3007989),1
7_廠商內部編號,3007940,1
7_廠商內部編號,(3007940),1
7_廠商內部編號,3008223,1
7_廠商內部編號,(3008223),1
7_廠商內部編號,3008409,1
7_廠商內部編號,(3008409),1
7_廠商內部編號,3008543,1
7_廠商內部編號,(3008543),1
7_廠商內部編號,3008891,1
7_廠商內部編號,(3008891),1
7_廠商內部編號,3009885,1
7_廠商內部編號,(3009885),1
7_廠商內部編號,(PdM),1
7_廠商內部編號,3010336,1
7_廠商內部編號,(3010336),1
7_廠商內部編號,3010039,1
7_廠商內部編號,(3010039),1
7_廠商內部編號,3007910,1
7_廠商內部編號,(3007910),1
7_廠商內部編號,3008449,1
7_廠商內部編號,(3008449),1
7_廠商內部編號,3008815,1
7_廠商內部編號,(3008815),1
7_廠商內部編號,3007364,1
7_廠商內部編號,(3007364),1
7_廠商內部編號,3008356,1
7_廠商內部編號,(3008356),1
7_廠商內部編號,3009211,1
7_廠商內部編號,(3009211),1
7_廠商內部編號,3009300,1
7_廠商內部編號,(3009300),1
7_廠商內部編號,3007494,1
7_廠商內部編號,(3007494),1
7_廠商內部編號,M020,1
7_廠商內部編號,K002K,1
7_廠商內部編號,3007942,1
7_廠商內部編號,(3007942),1
7_廠商內部編號,3007716,1
7_廠商內部編號,(3007716),1
7_廠商內部編號,3007801,1
7_廠商內部編號,(3007801),1
7_廠商內部編號,(SPA),1
7_廠商內部編號,EMA60,1
7_廠商內部編號,bella19,1
7_廠商內部編號,bella17,1
7_廠商內部編號,EMP20,1
7_廠商內部編號,3008318,1
7_廠商內部編號,(3008318),1
7_廠商內部編號,3004936,1
7_廠商內部編號,(3004936),1
7_廠商內部編號,3007606,1
7_廠商內部編號,(3007606),1
7_廠商內部編號,3007128,1
7_廠商內部編號,(3007128),1
7_廠商內部編號,EMA20,1
7_廠商內部編號,3007699,1
7_廠商內部編號,(3007699),1
7_廠商內部編號,3008501,1
7_廠商內部編號,(3008501),1
7_廠商內部編號,3009014,1
7_廠商內部編號,(3009014),1
7_廠商內部編號,E8310,1
7_廠商內部編號,8310,1
7_廠商內部編號,C015C,1
7_廠商內部編號,(4B),1
7_廠商內部編號,DC09,1
7_廠商內部編號,8976,1
7_廠商內部編號,9234,1
7_廠商內部編號,3009969,1
7_廠商內部編號,(3009969),1
7_廠商內部編號,3009971,1
7_廠商內部編號,(3009971),1
7_廠商內部編號,U203,1
7_廠商內部編號,(U203),1
7_廠商內部編號,U204,1
7_廠商內部編號,(U204),1
7_廠商內部編號,U302,1
7_廠商內部編號,(U302),1
7_廠商內部編號,K202,1
7_廠商內部編號,(K202),1
7_廠商內部編號,RD24003,1
7_廠商內部編號,24003,1
7_廠商內部編號,U301,1
7_廠商內部編號,(U301),1
7_廠商內部編號,3007506,1
7_廠商內部編號,(3007506),1
7_廠商內部編號,3007786,1
7_廠商內部編號,(3007786),1
7_廠商內部編號,J003,1
7_廠商內部編號,0936816433,1
7_廠商內部編號,(KOL),1
7_廠商內部編號,3009800,1
7_廠商內部編號,(3009800),1
7_廠商內部編號,6258,1
7_廠商內部編號,6246,1
7_廠商內部編號,N106,1
7_廠商內部編號,3009330,1
7_廠商內部編號,(3009330),1
7_廠商內部編號,(4H),1
7_廠商內部編號,N004,1
7_廠商內部編號,N027,1
7_廠商內部編號,N069,1
7_廠商內部編號,3007813,1
7_廠商內部編號,(3007813),1
7_廠商內部編號,A063,1
7_廠商內部編號,2127900,1
7_廠商內部編號,(235mos),1
7_廠商內部編號,(338mos),1
7_廠商內部編號,(248mos),1
7_廠商內部編號,(290mos),1
7_廠商內部編號,(288mos),1
7_廠商內部編號,(002mos),1
7_廠商內部編號,(010mos),1
7_廠商內部編號,(017mos),1
7_廠商內部編號,(037mos),1
7_廠商內部編號,(040mos),1
7_廠商內部編號,6218,1
7_廠商內部編號,6271,1
7_廠商內部編號,6149,1
7_廠商內部編號,6148,1
7_廠商內部編號,(223mos),1
7_廠商內部編號,8063,1
7_廠商內部編號,11011021,1
7_廠商內部編號,3009086,1
7_廠商內部編號,(3009086),1
7_廠商內部編號,1520,1
7_廠商內部編號,(4hr),1
7_廠商內部編號,(041mos),1
7_廠商內部編號,(046mos),1
7_廠商內部編號,(052mos),1
7_廠商內部編號,(053mos),1
7_廠商內部編號,(056mos),1
7_廠商內部編號,(069mos),1
7_廠商內部編號,(076mos),1
7_廠商內部編號,(077mos),1
7_廠商內部編號,(081mos),1
7_廠商內部編號,(083mos),1
7_廠商內部編號,(112mos),1
7_廠商內部編號,(113mos),1
7_廠商內部編號,(122mos),1
7_廠商內部編號,(125mos),1
7_廠商內部編號,(126mos),1
7_廠商內部編號,(132mos),1
7_廠商內部編號,(136mos),1
7_廠商內部編號,(389mos),1
7_廠商內部編號,(138mos),1
7_廠商內部編號,(146mos),1
7_廠商內部編號,(153mos),1
7_廠商內部編號,(155mos),1
7_廠商內部編號,(157mos),1
7_廠商內部編號,(176mos),1
7_廠商內部編號,(178mos),1
7_廠商內部編號,(180mos),1
7_廠商內部編號,(286mos),1
7_廠商內部編號,(189mos),1
7_廠商內部編號,(191mos),1
7_廠商內部編號,(062mos),1
7_廠商內部編號,(107mos),1
7_廠商內部編號,(162mos),1
7_廠商內部編號,(164mos),1
7_廠商內部編號,(183mos),1
7_廠商內部編號,(172mos),1
7_廠商內部編號,(109mos),1
7_廠商內部編號,(280mos),1
7_廠商內部編號,(085mos),1
7_廠商內部編號,(095mos),1
7_廠商內部編號,(074mos),1
7_廠商內部編號,(082mos),1
7_廠商內部編號,(225mos),1
7_廠商內部編號,(229mos),1
7_廠商內部編號,(273mos),1
7_廠商內部編號,(227mos),1
7_廠商內部編號,(281mos),1
7_廠商內部編號,(272mos),1
7_廠商內部編號,(131mos),1
7_廠商內部編號,(260mos),1
7_廠商內部編號,(203mos),1
7_廠商內部編號,(261mos),1
7_廠商內部編號,(274mos),1
7_廠商內部編號,(104mos),1
7_廠商內部編號,(279mos),1
7_廠商內部編號,(269mos),1
7_廠商內部編號,(120mos),1
7_廠商內部編號,(044mos),1
7_廠商內部編號,(230mos),1
7_廠商內部編號,(258mos),1
7_廠商內部編號,(256mos),1
7_廠商內部編號,(246mos),1
7_廠商內部編號,(257mos),1
7_廠商內部編號,(216mos),1
7_廠商內部編號,(254mos),1
7_廠商內部編號,(121mos),1
7_廠商內部編號,(033mos),1
7_廠商內部編號,(247mos),1
7_廠商內部編號,(188mos),1
7_廠商內部編號,(289mos),1
7_廠商內部編號,(301mos),1
7_廠商內部編號,(300mos),1
7_廠商內部編號,(306mos),1
7_廠商內部編號,(238mos),1
7_廠商內部編號,(308mos),1
7_廠商內部編號,(304mos),1
7_廠商內部編號,(312mos),1
7_廠商內部編號,(313mos),1
7_廠商內部編號,(317mos),1
7_廠商內部編號,(259mos),1
7_廠商內部編號,(326mos),1
7_廠商內部編號,(108mos),1
7_廠商內部編號,(285mos),1
7_廠商內部編號,(330mos),1
7_廠商內部編號,(322mos),1
7_廠商內部編號,(329mos),1
7_廠商內部編號,(332mos),1
7_廠商內部編號,(333mos),1
7_廠商內部編號,(170mos),1
7_廠商內部編號,(348mos),1
7_廠商內部編號,(336mos),1
7_廠商內部編號,(334mos),1
7_廠商內部編號,(331mos),1
7_廠商內部編號,(335mos),1
7_廠商內部編號,(124mos),1
7_廠商內部編號,(347mos),1
7_廠商內部編號,(359mos),1
7_廠商內部編號,(362mos),1
7_廠商內部編號,(251mos),1
7_廠商內部編號,(222mos),1
7_廠商內部編號,(361mos),1
7_廠商內部編號,(218mos),1
7_廠商內部編號,(071mos),1
7_廠商內部編號,(075mos),1
7_廠商內部編號,(287mos),1
7_廠商內部編號,(098mos),1
7_廠商內部編號,(058mos),1
7_廠商內部編號,(374mos),1
7_廠商內部編號,(250mos),1
7_廠商內部編號,(243mos),1
7_廠商內部編號,(253mos),1
7_廠商內部編號,(088mos),1
7_廠商內部編號,(117mos),1
7_廠商內部編號,(154mos),1
7_廠商內部編號,(018mos),1
7_廠商內部編號,(224mos),1
7_廠商內部編號,(221mos),1
7_廠商內部編號,(068mos),1
7_廠商內部編號,(021mos),1
7_廠商內部編號,(226mos),1
7_廠商內部編號,(100mos),1
7_廠商內部編號,(137mos),1
7_廠商內部編號,(034mos),1
7_廠商內部編號,(217mos),1
7_廠商內部編號,(043mos),1
7_廠商內部編號,(016mos),1
7_廠商內部編號,(012mos),1
7_廠商內部編號,(036mos),1
7_廠商內部編號,(208mos),1
7_廠商內部編號,(168mos),1
7_廠商內部編號,(210mos),1
7_廠商內部編號,(156mos),1
7_廠商內部編號,(051mos),1
7_廠商內部編號,(097mos),1
7_廠商內部編號,(101mos),1
7_廠商內部編號,(103mos),1
7_廠商內部編號,(127mos),1
7_廠商內部編號,(139mos),1
7_廠商內部編號,(140mos),1
7_廠商內部編號,(161mos),1
7_廠商內部編號,(169mos),1
7_廠商內部編號,(204mos),1
7_廠商內部編號,(202mos),1
7_廠商內部編號,(001mos),1
7_廠商內部編號,(291mos),1
7_廠商內部編號,3008468,1
7_廠商內部編號,(3008468),1
7_廠商內部編號,605527,1
7_廠商內部編號,605520,1
7_廠商內部編號,ua10,1
7_廠商內部編號,5995157,1
7_廠商內部編號,701388,1
7_廠商內部編號,676812,1
7_廠商內部編號,3008321,1
7_廠商內部編號,(SQA),1
7_廠商內部編號,(3008321),1
7_廠商內部編號,3007403,1
7_廠商內部編號,(3007403),1
7_廠商內部編號,3010360,1
7_廠商內部編號,(3010360),1
7_廠商內部編號,3008020,1
7_廠商內部編號,(3008020),1
7_廠商內部編號,3008021,1
7_廠商內部編號,(3008021),1
7_廠商內部編號,595559,1
7_廠商內部編號,(BJ),1
7_廠商內部編號,3007941,1
7_廠商內部編號,(3007941),1
7_廠商內部編號,3007918,1
7_廠商內部編號,(3007918),1
7_廠商內部編號,3008472,1
7_廠商內部編號,(3008472),1
7_廠商內部編號,3008323,1
7_廠商內部編號,(3008323),1
7_廠商內部編號,3008310,1
7_廠商內部編號,(3008310),1
7_廠商內部編號,3008139,1
7_廠商內部編號,(3008139),1
7_廠商內部編號,3008219,1
7_廠商內部編號,(3008219),1
7_廠商內部編號,3008272,1
7_廠商內部編號,(3008272),1
7_廠商內部編號,I95,1
7_廠商內部編號,3008678,1
7_廠商內部編號,(3008678),1
7_廠商內部編號,3006587,1
7_廠商內部編號,(3006587),1
7_廠商內部編號,3007517,1
7_廠商內部編號,(3007517),1
7_廠商內部編號,3007857,1
7_廠商內部編號,(3007857),1
7_廠商內部編號,3007787,1
7_廠商內部編號,(3007787),1
7_廠商內部編號,3009761,1
7_廠商內部編號,(3009761),1
7_廠商內部編號,3009665,1
7_廠商內部編號,(3009665),1
7_廠商內部編號,3008941,1
7_廠商內部編號,(3008941),1
7_廠商內部編號,(SE),1
7_廠商內部編號,JR105550,1
7_廠商內部編號,105550,1
7_廠商內部編號,EA005,1
7_廠商內部編號,3010118,1
7_廠商內部編號,(3010118),1
7_廠商內部編號,3008723,1
7_廠商內部編號,(3008723),1
7_廠商內部編號,3010057,1
7_廠商內部編號,(3010057),1
7_廠商內部編號,(Infra),1
7_廠商內部編號,3009397,1
7_廠商內部編號,(3009397),1
7_廠商內部編號,3009275,1
7_廠商內部編號,(3009275),1
7_廠商內部編號,3009191,1
7_廠商內部編號,(3009191),1
7_廠商內部編號,3010308,1
7_廠商內部編號,(3010308),1
7_廠商內部編號,26070102,1
7_廠商內部編號,60186,1
7_廠商內部編號,26062201,1
7_廠商內部編號,3008499,1
7_廠商內部編號,(3008499),1
7_廠商內部編號,3007993,1
7_廠商內部編號,(3007993),1
7_廠商內部編號,(CSR),1
7_廠商內部編號,3008150,1
7_廠商內部編號,(3008150),1
7_廠商內部編號,I207,1
7_廠商內部編號,3008832,1
7_廠商內部編號,(3008832),1
7_廠商內部編號,I205,1
7_廠商內部編號,3010108,1
7_廠商內部編號,(3010108),1
7_廠商內部編號,GA100,1
7_廠商內部編號,26031201,1
7_廠商內部編號,HQ01,1
7_廠商內部編號,3009878,1
7_廠商內部編號,(3009878),1
7_廠商內部編號,3009386,1
7_廠商內部編號,(3009386),1
7_廠商內部編號,3009358,1
7_廠商內部編號,(3009358),1
7_廠商內部編號,26061502,1
7_廠商內部編號,M502,1
7_廠商內部編號,(M502),1
7_廠商內部編號,M501,1
7_廠商內部編號,(M501),1
7_廠商內部編號,3008167,1
7_廠商內部編號,(3008167),1
7_廠商內部編號,702074,1
7_廠商內部編號,3008481,1
7_廠商內部編號,(3008481),1
7_廠商內部編號,TC200,1
7_廠商內部編號,3010231,1
7_廠商內部編號,(3010231),1
7_廠商內部編號,C018C,1
7_廠商內部編號,C111503,1
7_廠商內部編號,3010174,1
7_廠商內部編號,(3010174),1
7_廠商內部編號,D200,1
7_廠商內部編號,(D200),1
7_廠商內部編號,00000010,1
7_廠商內部編號,E160,1
7_廠商內部編號,00000130,1
7_廠商內部編號,3010140,1
7_廠商內部編號,(3010140),1
7_廠商內部編號,3009646,1
7_廠商內部編號,(3009646),1
7_廠商內部編號,(114-066),1
7_廠商內部編號,37620,1
7_廠商內部編號,C311,1
7_廠商內部編號,C304,1
7_廠商內部編號,C210,1
7_廠商內部編號,C312,1
7_廠商內部編號,C108,1
7_廠商內部編號,0955825680,1
7_廠商內部編號,86400,1
7_廠商內部編號,13327,1
7_廠商內部編號,(T4-13327),1
7_廠商內部編號,10960,1
7_廠商內部編號,(T4-10960),1
7_廠商內部編號,12745,1
7_廠商內部編號,(T4-12745),1
7_廠商內部編號,680531,1
7_廠商內部編號,0918657930,1
7_廠商內部編號,2782,1
7_廠商內部編號,0736,1
7_廠商內部編號,3008416,1
7_廠商內部編號,(3008416),1
7_廠商內部編號,586714,1
7_廠商內部編號,15160,1
7_廠商內部編號,(DL-15160),1
7_廠商內部編號,678198,1
7_廠商內部編號,0049,1
7_廠商內部編號,DD263,1
7_廠商內部編號,3009662,1
7_廠商內部編號,(3009662),1
7_廠商內部編號,JR100877,1
7_廠商內部編號,100877,1
7_廠商內部編號,3007965,1
7_廠商內部編號,(3007965),1
7_廠商內部編號,3009837,1
7_廠商內部編號,(3009837),1
7_廠商內部編號,2026001,1
7_廠商內部編號,IFRS17,1
7_廠商內部編號,(310mos),1
7_廠商內部編號,(187mos),1
7_廠商內部編號,(302mos),1
7_廠商內部編號,（J000）,1
7_廠商內部編號,（Y000）,1
7_廠商內部編號,3009853,1
7_廠商內部編號,(3009853),1
7_廠商內部編號,44700,1
7_廠商內部編號,3007568,1
7_廠商內部編號,(3007568),1
7_廠商內部編號,D637,1
7_廠商內部編號,(1H),1
7_廠商內部編號,5888,1
7_廠商內部編號,H700,1
7_廠商內部編號,0917,1
7_廠商內部編號,14221,1
7_廠商內部編號,(DL-14221),1
7_廠商內部編號,(LLS_834),1
7_廠商內部編號,(W4),1
7_廠商內部編號,3010132,1
7_廠商內部編號,(3010132),1
7_廠商內部編號,3008488,1
7_廠商內部編號,(3008488),1
7_廠商內部編號,3009945,1
7_廠商內部編號,(3009945),1
7_廠商內部編號,33100,1
7_廠商內部編號,26948971,1
7_廠商內部編號,(Director),1
7_廠商內部編號,3010054,1
7_廠商內部編號,(3010054),1
7_廠商內部編號,F2011505,1
7_廠商內部編號,2011505,1
7_廠商內部編號,3010187,1
7_廠商內部編號,(3010187),1
7_廠商內部編號,1150525,1
7_廠商內部編號,6189,1
7_廠商內部編號,6194,1
7_廠商內部編號,6229,1
7_廠商內部編號,1150477,1
7_廠商內部編號,3009809,1
7_廠商內部編號,(3009809),1
7_廠商內部編號,(337mos),1
7_廠商內部編號,3007750,1
7_廠商內部編號,(3007750),1
7_廠商內部編號,3007751,1
7_廠商內部編號,(3007751),1
7_廠商內部編號,3008810,1
7_廠商內部編號,(3008810),1
7_廠商內部編號,3008052,1
7_廠商內部編號,(3008052),1
7_廠商內部編號,3008120,1
7_廠商內部編號,(3008120),1
7_廠商內部編號,3008451,1
7_廠商內部編號,(3008451),1
7_廠商內部編號,3008384,1
7_廠商內部編號,(3008384),1
7_廠商內部編號,3007483,1
7_廠商內部編號,(3007483),1
7_廠商內部編號,(M000),1
7_廠商內部編號,1150337,1
7_廠商內部編號,(PUA),1
7_廠商內部編號,(LTX),1
7_廠商內部編號,N089,1
7_廠商內部編號,N097,1
7_廠商內部編號,N078,1
7_廠商內部編號,N023,1
7_廠商內部編號,N055,1
7_廠商內部編號,F404,1
7_廠商內部編號,F402,1
7_廠商內部編號,(Y000),1
7_廠商內部編號,3007602,1
7_廠商內部編號,(3007602),1
7_廠商內部編號,3007757,1
7_廠商內部編號,(3007757),1
7_廠商內部編號,3007735,1
7_廠商內部編號,(3007735),1
7_廠商內部編號,3007900,1
7_廠商內部編號,(3007900),1
7_廠商內部編號,3007903,1
7_廠商內部編號,(3007903),1
7_廠商內部編號,3007752,1
7_廠商內部編號,(3007752),1
7_廠商內部編號,3007824,1
7_廠商內部編號,(3007824),1
7_廠商內部編號,3008201,1
7_廠商內部編號,(3008201),1
7_廠商內部編號,3008136,1
7_廠商內部編號,(3008136),1
7_廠商內部編號,3008094,1
7_廠商內部編號,(3008094),1
7_廠商內部編號,3008072,1
7_廠商內部編號,(3008072),1
7_廠商內部編號,3008066,1
7_廠商內部編號,(3008066),1
7_廠商內部編號,3008147,1
7_廠商內部編號,(3008147),1
7_廠商內部編號,3008166,1
7_廠商內部編號,(3008166),1
7_廠商內部編號,3008253,1
7_廠商內部編號,(3008253),1
7_廠商內部編號,3008326,1
7_廠商內部編號,(3008326),1
7_廠商內部編號,3008447,1
7_廠商內部編號,(3008447),1
7_廠商內部編號,3008763,1
7_廠商內部編號,(3008763),1
7_廠商內部編號,wang0220,1
7_廠商內部編號,0220,1
7_廠商內部編號,3009292,1
7_廠商內部編號,(3009292),1
7_廠商內部編號,3010173,1
7_廠商內部編號,(3010173),1
7_廠商內部編號,3010164,1
7_廠商內部編號,(3010164),1
7_廠商內部編號,3010128,1
7_廠商內部編號,(3010128),1
7_廠商內部編號,3010129,1
7_廠商內部編號,(3010129),1
7_廠商內部編號,3010130,1
7_廠商內部編號,(3010130),1
7_廠商內部編號,3007113,1
7_廠商內部編號,(3007113),1
7_廠商內部編號,3008432,1
7_廠商內部編號,(3008432),1
7_廠商內部編號,RD009,1
7_廠商內部編號,3008905,1
7_廠商內部編號,(3008905),1
7_廠商內部編號,2717880,1
7_廠商內部編號,0730,1
7_廠商內部編號,T601,1
7_廠商內部編號,1150247,1
7_廠商內部編號,3007788,1
7_廠商內部編號,(3007788),1
7_廠商內部編號,(IE),1
7_廠商內部編號,A300,1
7_廠商內部編號,26050801,1
7_廠商內部編號,3009519,1
7_廠商內部編號,(3009519),1
7_廠商內部編號,3008556,1
7_廠商內部編號,(3008556),1
7_廠商內部編號,3008585,1
7_廠商內部編號,(3008585),1
7_廠商內部編號,3008570,1
7_廠商內部編號,(3008570),1
7_廠商內部編號,3008515,1
7_廠商內部編號,(3008515),1
7_廠商內部編號,3008658,1
7_廠商內部編號,(3008658),1
7_廠商內部編號,3008732,1
7_廠商內部編號,(3008732),1
7_廠商內部編號,3008737,1
7_廠商內部編號,(3008737),1
7_廠商內部編號,3009073,1
7_廠商內部編號,(3009073),1
7_廠商內部編號,3009126,1
7_廠商內部編號,(3009126),1
7_廠商內部編號,3009560,1
7_廠商內部編號,(3009560),1
7_廠商內部編號,3009676,1
7_廠商內部編號,(3009676),1
7_廠商內部編號,3009708,1
7_廠商內部編號,(3009708),1
7_廠商內部編號,3009711,1
7_廠商內部編號,(3009711),1
7_廠商內部編號,3009774,1
7_廠商內部編號,(3009774),1
7_廠商內部編號,3010280,1
7_廠商內部編號,(3010280),1
7_廠商內部編號,3010351,1
7_廠商內部編號,(3010351),1
7_廠商內部編號,0926590730,1
7_廠商內部編號,3010125,1
7_廠商內部編號,(3010125),1
7_廠商內部編號,3008221,1
7_廠商內部編號,(3008221),1
7_廠商內部編號,（B000）,1
7_廠商內部編號,1030,1
7_廠商內部編號,1430,1
7_廠商內部編號,0932136025,1
7_廠商內部編號,3007033,1
7_廠商內部編號,(3007033),1
7_廠商內部編號,3008929,1
7_廠商內部編號,(3008929),1
7_廠商內部編號,3009964,1
7_廠商內部編號,(3009964),1
7_廠商內部編號,(45000),1
7_廠商內部編號,D009,1
7_廠商內部編號,D602,1
7_廠商內部編號,D309,1
7_廠商內部編號,E202,1
7_廠商內部編號,D001,1
7_廠商內部編號,E507,1
7_廠商內部編號,D402,1
7_廠商內部編號,D504,1
7_廠商內部編號,D205,1
7_廠商內部編號,D107,1
7_廠商內部編號,E114,1
7_廠商內部編號,D312,1
7_廠商內部編號,D405,1
7_廠商內部編號,D401,1
7_廠商內部編號,E602,1
7_廠商內部編號,D204,1
7_廠商內部編號,D302,1
7_廠商內部編號,D115,1
7_廠商內部編號,E007,1
7_廠商內部編號,D501,1
7_廠商內部編號,D011,1
7_廠商內部編號,D502,1
7_廠商內部編號,D303,1
7_廠商內部編號,D306,1
7_廠商內部編號,700797,1
7_廠商內部編號,692102,1
7_廠商內部編號,3007475,1
7_廠商內部編號,(3007475),1
7_廠商內部編號,(A_),1
7_廠商內部編號,1043,1
7_廠商內部編號,3008534,1
7_廠商內部編號,(3008534),1
7_廠商內部編號,3008234,1
7_廠商內部編號,(3008234),1
7_廠商內部編號,3008567,1
7_廠商內部編號,(3008567),1
7_廠商內部編號,J200,1
7_廠商內部編號,(0J200),1
7_廠商內部編號,F2611501,1
7_廠商內部編號,2611501,1
7_廠商內部編號,T205,1
7_廠商內部編號,HH412,1
7_廠商內部編號,3008503,1
7_廠商內部編號,(3008503),1
7_廠商內部編號,3008045,1
7_廠商內部編號,(3008045),1
7_廠商內部編號,3008484,1
7_廠商內部編號,(3008484),1
7_廠商內部編號,SA0000,1
7_廠商內部編號,26051501,1
7_廠商內部編號,3009742,1
7_廠商內部編號,(3009742),1
7_廠商內部編號,C024C,1
7_廠商內部編號,C7416,1
7_廠商內部編號,7416,1
7_廠商內部編號,3008537,1
7_廠商內部編號,(3008537),1
7_廠商內部編號,3007938,1
7_廠商內部編號,(3007938),1
7_廠商內部編號,3008005,1
7_廠商內部編號,(3008005),1
7_廠商內部編號,3009202,1
7_廠商內部編號,(3009202),1
7_廠商內部編號,3009760,1
7_廠商內部編號,(3009760),1
7_廠商內部編號,3009827,1
7_廠商內部編號,(3009827),1
7_廠商內部編號,00000170,1
7_廠商內部編號,15081,1
7_廠商內部編號,(T4-15081),1
7_廠商內部編號,3009219,1
7_廠商內部編號,(3009219),1
7_廠商內部編號,3008366,1
7_廠商內部編號,(3008366),1
7_廠商內部編號,3009085,1
7_廠商內部編號,(3009085),1
7_廠商內部編號,3009664,1
7_廠商內部編號,(3009664),1
7_廠商內部編號,3007614,1
7_廠商內部編號,(3007614),1
7_廠商內部編號,(PDE),1
7_廠商內部編號,(0E200),1
7_廠商內部編號,25493002,1
7_廠商內部編號,（25493002）,1
7_廠商內部編號,3008196,1
7_廠商內部編號,(3008196),1
7_廠商內部編號,3008538,1
7_廠商內部編號,(3008538),1
7_廠商內部編號,3008618,1
7_廠商內部編號,(Mylar),1
7_廠商內部編號,(3008618),1
7_廠商內部編號,3008623,1
7_廠商內部編號,(3008623),1
7_廠商內部編號,3008720,1
7_廠商內部編號,(3008720),1
7_廠商內部編號,3008768,1
7_廠商內部編號,(3008768),1
7_廠商內部編號,3009896,1
7_廠商內部編號,(3009896),1
7_廠商內部編號,3007731,1
7_廠商內部編號,(3007731),1
7_廠商內部編號,C15,1
7_廠商內部編號,C23,1
7_廠商內部編號,3008155,1
7_廠商內部編號,(3008155),1
7_廠商內部編號,3008028,1
7_廠商內部編號,(3008028),1
7_廠商內部編號,3008029,1
7_廠商內部編號,(3008029),1
7_廠商內部編號,3007906,1
7_廠商內部編號,(3007906),1
7_廠商內部編號,3008176,1
7_廠商內部編號,(3008176),1
7_廠商內部編號,3007935,1
7_廠商內部編號,(3007935),1
7_廠商內部編號,3008620,1
7_廠商內部編號,(3008620),1
7_廠商內部編號,3008265,1
7_廠商內部編號,(3008265),1
7_廠商內部編號,3008361,1
7_廠商內部編號,(3008361),1
7_廠商內部編號,3003129,1
7_廠商內部編號,(3003129),1
7_廠商內部編號,3008947,1
7_廠商內部編號,(3008947),1
7_廠商內部編號,3009231,1
7_廠商內部編號,(3009231),1
7_廠商內部編號,3010227,1
7_廠商內部編號,(3010227),1
7_廠商內部編號,3010109,1
7_廠商內部編號,(3010109),1
7_廠商內部編號,3009894,1
7_廠商內部編號,(3009894),1
7_廠商內部編號,3008901,1
7_廠商內部編號,(3008901),1
7_廠商內部編號,3008676,1
7_廠商內部編號,(3008676),1
7_廠商內部編號,3007505,1
7_廠商內部編號,(3007505),1
7_廠商內部編號,3010061,1
7_廠商內部編號,(3010061),1
7_廠商內部編號,3010243,1
7_廠商內部編號,(3010243),1
7_廠商內部編號,3009504,1
7_廠商內部編號,(3009504),1
7_廠商內部編號,3008238,1
7_廠商內部編號,(3008238),1
7_廠商內部編號,3007904,1
7_廠商內部編號,(3007904),1
7_廠商內部編號,3009093,1
7_廠商內部編號,(3009093),1
7_廠商內部編號,3009017,1
7_廠商內部編號,(3009017),1
7_廠商內部編號,3008283,1
7_廠商內部編號,(3008283),1
7_廠商內部編號,3008261,1
7_廠商內部編號,(3008261),1
7_廠商內部編號,3008846,1
7_廠商內部編號,(3008846),1
7_廠商內部編號,3008796,1
7_廠商內部編號,(3008796),1
7_廠商內部編號,60136,1
7_廠商內部編號,3007917,1
7_廠商內部編號,(3007917),1
7_廠商內部編號,3007565,1
7_廠商內部編號,(3007565),1
7_廠商內部編號,3010037,1
7_廠商內部編號,(3010037),1
7_廠商內部編號,(Kaohsiung),1
7_廠商內部編號,3009789,1
7_廠商內部編號,(3009789),1
7_廠商內部編號,3009924,1
7_廠商內部編號,(3009924),1
7_廠商內部編號,(Contract),1
7_廠商內部編號,3010171,1
7_廠商內部編號,(3010171),1
7_廠商內部編號,3009407,1
7_廠商內部編號,(3009407),1
7_廠商內部編號,3007755,1
7_廠商內部編號,(3007755),1
7_廠商內部編號,3010245,1
7_廠商內部編號,(3010245),1
7_廠商內部編號,3010110,1
7_廠商內部編號,(3010110),1
7_廠商內部編號,3009570,1
7_廠商內部編號,(3009570),1
7_廠商內部編號,3009912,1
7_廠商內部編號,(3009912),1
7_廠商內部編號,3009913,1
7_廠商內部編號,(3009913),1
7_廠商內部編號,3010006,1
7_廠商內部編號,(3010006),1
7_廠商內部編號,3009458,1
7_廠商內部編號,(3009458),1
7_廠商內部編號,3008207,1
7_廠商內部編號,(3008207),1
7_廠商內部編號,3007976,1
7_廠商內部編號,(3007976),1
7_廠商內部編號,3010144,1
7_廠商內部編號,(3010144),1
7_廠商內部編號,3008722,1
7_廠商內部編號,(3008722),1
7_廠商內部編號,H46000,1
7_廠商內部編號,699328,1
7_廠商內部編號,3009591,1
7_廠商內部編號,(3009591),1
7_廠商內部編號,3009142,1
7_廠商內部編號,(3009142),1
7_廠商內部編號,3009480,1
7_廠商內部編號,(3009480),1
7_廠商內部編號,3009884,1
7_廠商內部編號,(3009884),1
7_廠商內部編號,3009909,1
7_廠商內部編號,(3009909),1
7_廠商內部編號,3010059,1
7_廠商內部編號,(3010059),1
7_廠商內部編號,3009663,1
7_廠商內部編號,(3009663),1
7_廠商內部編號,3009771,1
7_廠商內部編號,(3009771),1
7_廠商內部編號,3009778,1
7_廠商內部編號,(3009778),1
7_廠商內部編號,3010339,1
7_廠商內部編號,(3010339),1
7_廠商內部編號,3009098,1
7_廠商內部編號,(3009098),1
7_廠商內部編號,3009155,1
7_廠商內部編號,(3009155),1
7_廠商內部編號,3009134,1
7_廠商內部編號,(3009134),1
7_廠商內部編號,3009273,1
7_廠商內部編號,(3009273),1
7_廠商內部編號,3009498,1
7_廠商內部編號,(3009498),1
7_廠商內部編號,3010091,1
7_廠商內部編號,(3010091),1
7_廠商內部編號,3010014,1
7_廠商內部編號,(3010014),1
7_廠商內部編號,3010085,1
7_廠商內部編號,(3010085),1
7_廠商內部編號,3010075,1
7_廠商內部編號,(3010075),1
7_廠商內部編號,3010135,1
7_廠商內部編號,(3010135),1
7_廠商內部編號,3010189,1
7_廠商內部編號,(3010189),1
7_廠商內部編號,3010191,1
7_廠商內部編號,(3010191),1
7_廠商內部編號,3010257,1
7_廠商內部編號,(3010257),1
7_廠商內部編號,49500,1
7_廠商內部編號,（12H),1
7_廠商內部編號,3007464,1
7_廠商內部編號,(3007464),1
7_廠商內部編號,3007575,1
7_廠商內部編號,(3007575),1
7_廠商內部編號,3008743,1
7_廠商內部編號,(3008743),1
7_廠商內部編號,3006421,1
7_廠商內部編號,(3006421),1
7_廠商內部編號,3007669,1
7_廠商內部編號,(3007669),1
7_廠商內部編號,13012,1
7_廠商內部編號,(D9-13012),1
7_廠商內部編號,(RSOC),1
7_廠商內部編號,NLAC2507006,1
7_廠商內部編號,2507006,1
7_廠商內部編號,(N000),1
7_廠商內部編號,S111505,1
7_廠商內部編號,3007986,1
7_廠商內部編號,(3007986),1
7_廠商內部編號,L26042,1
7_廠商內部編號,26042,1
7_廠商內部編號,1150283,1
7_廠商內部編號,(509),1
7_廠商內部編號,3009265,1
7_廠商內部編號,(3009265),1
7_廠商內部編號,14026,1
7_廠商內部編號,(DL-14026),1
7_廠商內部編號,3007728,1
7_廠商內部編號,(3007728),1
7_廠商內部編號,3007862,1
7_廠商內部編號,(3007862),1
7_廠商內部編號,3008039,1
7_廠商內部編號,(3008039),1
7_廠商內部編號,3007873,1
7_廠商內部編號,(3007873),1
7_廠商內部編號,3008151,1
7_廠商內部編號,(3008151),1
7_廠商內部編號,3007907,1
7_廠商內部編號,(3007907),1
7_廠商內部編號,（PM）,1
7_廠商內部編號,3008233,1
7_廠商內部編號,(3008233),1
7_廠商內部編號,3008453,1
7_廠商內部編號,(3008453),1
7_廠商內部編號,3008519,1
7_廠商內部編號,(3008519),1
7_廠商內部編號,(499),1
7_廠商內部編號,(550J400),1
7_廠商內部編號,(555),1
7_廠商內部編號,3008282,1
7_廠商內部編號,(3008282),1
7_廠商內部編號,(PCB),1
7_廠商內部編號,12969,1
7_廠商內部編號,(D9-12969),1
7_廠商內部編號,5700,1
7_廠商內部編號,(T4-5700),1
7_廠商內部編號,6265,1
7_廠商內部編號,(T4-6265),1
7_廠商內部編號,5698,1
7_廠商內部編號,(T4-5698),1
7_廠商內部編號,0975707989,1
7_廠商內部編號,0926956689,1
7_廠商內部編號,0981539739,1
7_廠商內部編號,108000,1
7_廠商內部編號,0966558203,1
7_廠商內部編號,(FE2),1
7_廠商內部編號,114033,1
7_廠商內部編號,114016,1
7_廠商內部編號,114009,1
7_廠商內部編號,114001,1
7_廠商內部編號,115002,1
7_廠商內部編號,115003,1
7_廠商內部編號,115007,1
7_廠商內部編號,112069,1
7_廠商內部編號,113032,1
7_廠商內部編號,113022,1
7_廠商內部編號,3009975,1
7_廠商內部編號,(3009975),1
7_廠商內部編號,(NGS),1
7_廠商內部編號,C028C,1
7_廠商內部編號,3010334,1
7_廠商內部編號,(3010334),1
7_廠商內部編號,(HF-PAC),1
7_廠商內部編號,H403,1
7_廠商內部編號,H008,1
7_廠商內部編號,EA001,1
7_廠商內部編號,50400,1
7_廠商內部編號,3000206,1
7_廠商內部編號,(3000206),1
7_廠商內部編號,3007858,1
7_廠商內部編號,(3007858),1
7_廠商內部編號,3007864,1
7_廠商內部編號,(3007864),1
7_廠商內部編號,3008401,1
7_廠商內部編號,(3008401),1
7_廠商內部編號,3008090,1
7_廠商內部編號,(3008090),1
7_廠商內部編號,3007760,1
7_廠商內部編號,(3007760),1
7_廠商內部編號,3008840,1
7_廠商內部編號,(3008840),1
7_廠商內部編號,3009236,1
7_廠商內部編號,(3009236),1
7_廠商內部編號,3009722,1
7_廠商內部編號,(3009722),1
7_廠商內部編號,3009798,1
7_廠商內部編號,(3009798),1
7_廠商內部編號,3009596,1
7_廠商內部編號,(3009596),1
7_廠商內部編號,3009777,1
7_廠商內部編號,(3009777),1
7_廠商內部編號,3010279,1
7_廠商內部編號,(3010279),1
7_廠商內部編號,3006676,1
7_廠商內部編號,(3006676),1
7_廠商內部編號,K001K,1
7_廠商內部編號,K024K,1
7_廠商內部編號,3008160,1
7_廠商內部編號,(3008160),1
7_廠商內部編號,3010126,1
7_廠商內部編號,(3010126),1
7_廠商內部編號,3009980,1
7_廠商內部編號,(3009980),1
7_廠商內部編號,91018,1
7_廠商內部編號,3008927,1
7_廠商內部編號,(3008927),1
7_廠商內部編號,3005785,1
7_廠商內部編號,(3005785),1
7_廠商內部編號,F306,1
7_廠商內部編號,676787,1
7_廠商內部編號,F72,1
7_廠商內部編號,(TSU),1
7_廠商內部編號,3009858,1
7_廠商內部編號,(3009858),1
7_廠商內部編號,26971609,1
7_廠商內部編號,3009638,1
7_廠商內部編號,(3009638),1
7_廠商內部編號,3008389,1
7_廠商內部編號,(3008389),1
7_廠商內部編號,3008375,1
7_廠商內部編號,(3008375),1
7_廠商內部編號,3008841,1
7_廠商內部編號,(3008841),1
7_廠商內部編號,3008672,1
7_廠商內部編號,(3008672),1
7_廠商內部編號,3009183,1
7_廠商內部編號,(3009183),1
7_廠商內部編號,3009916,1
7_廠商內部編號,(3009916),1
7_廠商內部編號,3007944,1
7_廠商內部編號,(3007944),1
7_廠商內部編號,3008898,1
7_廠商內部編號,(Deputy ),1
7_廠商內部編號,(3008898),1
7_廠商內部編號,2004,1
7_廠商內部編號,3007769,1
7_廠商內部編號,(3007769),1
7_廠商內部編號,3006322,1
7_廠商內部編號,(3006322),1
7_廠商內部編號,115010,1
7_廠商內部編號,15017,1
7_廠商內部編號,15016,1
7_廠商內部編號,113054,1
7_廠商內部編號,113055,1
7_廠商內部編號,113049,1
7_廠商內部編號,113050,1
7_廠商內部編號,115008,1
7_廠商內部編號,(MQE),1
7_廠商內部編號,F111504,1
7_廠商內部編號,111504,1
7_廠商內部編號,Q23001,1
7_廠商內部編號,0980379789,1
7_廠商內部編號,3009553,1
7_廠商內部編號,(3009553),1
7_廠商內部編號,3008328,1
7_廠商內部編號,(3008328),1
7_廠商內部編號,3008459,1
7_廠商內部編號,(3008459),1
7_廠商內部編號,HK02,1
7_廠商內部編號,11056,1
7_廠商內部編號,(T4-11056),1
7_廠商內部編號,11098,1
7_廠商內部編號,(T4-11098),1
7_廠商內部編號,10003,1
7_廠商內部編號,(T4-10003),1
7_廠商內部編號,13000,1
7_廠商內部編號,46400,1
7_廠商內部編號,mos411,1
7_廠商內部編號,(mos411),1
7_廠商內部編號,3009354,1
7_廠商內部編號,(3009354),1
7_廠商內部編號,3009264,1
7_廠商內部編號,(3009264),1
7_廠商內部編號,(30k),1
7_廠商內部編號,7121,1
7_廠商內部編號,3008393,1
7_廠商內部編號,(3008393),1
7_廠商內部編號,G024,1
7_廠商內部編號,3008581,1
7_廠商內部編號,(3008581),1
7_廠商內部編號,3007629,1
7_廠商內部編號,(3007629),1
7_廠商內部編號,3007132,1
7_廠商內部編號,(3007132),1
7_廠商內部編號,(115-040),1
7_廠商內部編號,(115-042),1
7_廠商內部編號,（BPM）,1
7_廠商內部編號,U200,1
7_廠商內部編號,(U200),1
7_廠商內部編號,(G700-1),1
7_廠商內部編號,3010105,1
7_廠商內部編號,(3010105),1
7_廠商內部編號,X100,1
7_廠商內部編號,(X100),1
7_廠商內部編號,（G700-2）,1
7_廠商內部編號,3009944,1
7_廠商內部編號,(3009944),1
7_廠商內部編號,3009863,1
7_廠商內部編號,(3009863),1
7_廠商內部編號,3009864,1
7_廠商內部編號,(3009864),1
7_廠商內部編號,C005C,1
7_廠商內部編號,(B5),1
7_廠商內部編號,(550R300),1
7_廠商內部編號,3008213,1
7_廠商內部編號,(3008213),1
7_廠商內部編號,3005209,1
7_廠商內部編號,(3005209),1
7_廠商內部編號,3007594,1
7_廠商內部編號,(3007594),1
7_廠商內部編號,7919181,1
7_廠商內部編號,3009233,1
7_廠商內部編號,(3009233),1
7_廠商內部編號,10896,1
7_廠商內部編號,3008831,1
7_廠商內部編號,(3008831),1
7_廠商內部編號,E8231,1
7_廠商內部編號,8231,1
7_廠商內部編號,(Pre-Sales),1
7_廠商內部編號,3008257,1
7_廠商內部編號,(3008257),1
7_廠商內部編號,N400,1
7_廠商內部編號,(510N400),1
7_廠商內部編號,3008586,1
7_廠商內部編號,(3008586),1
7_廠商內部編號,3009786,1
7_廠商內部編號,(3009786),1
7_廠商內部編號,A00931,1
7_廠商內部編號,00931,1
7_廠商內部編號,(114-036),1
7_廠商內部編號,0804,1
7_廠商內部編號,(540B200),1
7_廠商內部編號,(BOM),1
7_廠商內部編號,T073,1
7_廠商內部編號,(KTS_1231),1
7_廠商內部編號,30500,1
7_廠商內部編號,XD15,1
7_廠商內部編號,G300,1
7_廠商內部編號,(G300),1
7_廠商內部編號,S0532,1
7_廠商內部編號,0532,1
7_廠商內部編號,3234,1
7_廠商內部編號,8801,1
7_廠商內部編號,E68,1
7_廠商內部編號,V401,1
7_廠商內部編號,(V401),1
7_廠商內部編號,0953808636,1
7_廠商內部編號,(Bumping),1
7_廠商內部編號,E700,1
7_廠商內部編號,(E700),1
7_廠商內部編號,F2211503,1
7_廠商內部編號,2211503,1
7_廠商內部編號,F2211504,1
7_廠商內部編號,2211504,1
7_廠商內部編號,P300,1
7_廠商內部編號,(Clean),1
7_廠商內部編號,ISO14001,1
7_廠商內部編號,ISO45001,1
7_廠商內部編號,JA045,1
7_廠商內部編號,44100,1
7_廠商內部編號,26241402,1
7_廠商內部編號,（26241402）,1
7_廠商內部編號,NCB2607011,1
7_廠商內部編號,2607011,1
7_廠商內部編號,9500,1
7_廠商內部編號,(270H),1
7_廠商內部編號,H46500,1
7_廠商內部編號,(RA),1
7_廠商內部編號,3010066,1
7_廠商內部編號,(3010066),1
7_廠商內部編號,3007880,1
7_廠商內部編號,(3007880),1
7_廠商內部編號,N088,1
7_廠商內部編號,3007754,1
7_廠商內部編號,(3007754),1
7_廠商內部編號,673913,1
7_廠商內部編號,3008115,1
7_廠商內部編號,(3008115),1
7_廠商內部編號,3008116,1
7_廠商內部編號,(3008116),1
7_廠商內部編號,3007947,1
7_廠商內部編號,(3007947),1
7_廠商內部編號,3008533,1
7_廠商內部編號,(3008533),1
7_廠商內部編號,36453,1
7_廠商內部編號,43700,1
7_廠商內部編號,50160,1
7_廠商內部編號,F2011504,1
7_廠商內部編號,2011504,1
7_廠商內部編號,F2511512,1
7_廠商內部編號,2511512,1
7_廠商內部編號,3007476,1
7_廠商內部編號,(3007476),1
7_廠商內部編號,0960717219,1
7_廠商內部編號,671136,1
7_廠商內部編號,3008569,1
7_廠商內部編號,(3008569),1
7_廠商內部編號,6974185,1
7_廠商內部編號,３０００,1
7_廠商內部編號,A00894,1
7_廠商內部編號,00894,1
7_廠商內部編號,54600,1
7_廠商內部編號,3008381,1
7_廠商內部編號,(3008381),1
7_廠商內部編號,JA040,1
7_廠商內部編號,（C2）,1
7_廠商內部編號,11505,1
7_廠商內部編號,(JR-11505),1
7_廠商內部編號,(WB),1
7_廠商內部編號,(DB),1
7_廠商內部編號,D08000,1
7_廠商內部編號,08000,1
7_廠商內部編號,26051901,1
7_廠商內部編號,3001465,1
7_廠商內部編號,(3001465),1
7_廠商內部編號,(Tooling),1
7_廠商內部編號,(CAE),1
7_廠商內部編號,I180,1
7_廠商內部編號,3010225,1
7_廠商內部編號,(3010225),1
7_廠商內部編號,3008814,1
7_廠商內部編號,(3008814),1
7_廠商內部編號,2822,1
7_廠商內部編號,(Server),1
7_廠商內部編號,S111501,1
7_廠商內部編號,111501,1
7_廠商內部編號,E29,1
7_廠商內部編號,DD240,1
7_廠商內部編號,DD280,1
7_廠商內部編號,3009348,1
7_廠商內部編號,(3009348),1
7_廠商內部編號,3010094,1
7_廠商內部編號,(3010094),1
7_廠商內部編號,K300,1
7_廠商內部編號,(K300),1
7_廠商內部編號,(C100),1
7_廠商內部編號,F2711514,1
7_廠商內部編號,2711514,1
7_廠商內部編號,F2711515,1
7_廠商內部編號,2711515,1
7_廠商內部編號,86150,1
7_廠商內部編號,(DTP),1
7_廠商內部編號,(P200),1
7_廠商內部編號,3009828,1
7_廠商內部編號,(3009828),1
7_廠商內部編號,3008525,1
7_廠商內部編號,(3008525),1
7_廠商內部編號,44650,1
7_廠商內部編號,H203,1
7_廠商內部編號,S040,1
7_廠商內部編號,3007647,1
7_廠商內部編號,(3007647),1
7_廠商內部編號,3007538,1
7_廠商內部編號,(3007538),1
7_廠商內部編號,3007817,1
7_廠商內部編號,(3007817),1
7_廠商內部編號,3008200,1
7_廠商內部編號,(3008200),1
7_廠商內部編號,3238398,1
7_廠商內部編號,3009059,1
7_廠商內部編號,(3009059),1
7_廠商內部編號,3010050,1
7_廠商內部編號,(3010050),1
7_廠商內部編號,H202,1
7_廠商內部編號,3010190,1
7_廠商內部編號,(3010190),1
7_廠商內部編號,0901002510,1
7_廠商內部編號,0973833750,1
7_廠商內部編號,3009997,1
7_廠商內部編號,(3009997),1
7_廠商內部編號,3009931,1
7_廠商內部編號,(3009931),1
7_廠商內部編號,3009875,1
7_廠商內部編號,(3009875),1
7_廠商內部編號,3008466,1
7_廠商內部編號,(3008466),1
7_廠商內部編號,H110,1
7_廠商內部編號,7271,1
7_廠商內部編號,3007878,1
7_廠商內部編號,(3007878),1
7_廠商內部編號,3007463,1
7_廠商內部編號,(3007463),1
7_廠商內部編號,3007819,1
7_廠商內部編號,(3007819),1
7_廠商內部編號,3007999,1
7_廠商內部編號,(3007999),1
7_廠商內部編號,3007946,1
7_廠商內部編號,(3007946),1
7_廠商內部編號,3008007,1
7_廠商內部編號,(3008007),1
7_廠商內部編號,3008180,1
7_廠商內部編號,(3008180),1
7_廠商內部編號,3007908,1
7_廠商內部編號,(3007908),1
7_廠商內部編號,3008517,1
7_廠商內部編號,(3008517),1
7_廠商內部編號,3008492,1
7_廠商內部編號,(3008492),1
7_廠商內部編號,3008354,1
7_廠商內部編號,(3008354),1
7_廠商內部編號,3008297,1
7_廠商內部編號,(3008297),1
7_廠商內部編號,3008752,1
7_廠商內部編號,(3008752),1
7_廠商內部編號,3008761,1
7_廠商內部編號,(3008761),1
7_廠商內部編號,3008787,1
7_廠商內部編號,(3008787),1
7_廠商內部編號,3008736,1
7_廠商內部編號,(3008736),1
7_廠商內部編號,3008865,1
7_廠商內部編號,(3008865),1
7_廠商內部編號,3009439,1
7_廠商內部編號,(3009439),1
7_廠商內部編號,3009215,1
7_廠商內部編號,(3009215),1
7_廠商內部編號,3009284,1
7_廠商內部編號,(3009284),1
7_廠商內部編號,3009200,1
7_廠商內部編號,(3009200),1
7_廠商內部編號,3009309,1
7_廠商內部編號,(3009309),1
7_廠商內部編號,3009531,1
7_廠商內部編號,(3009531),1
7_廠商內部編號,3009343,1
7_廠商內部編號,(3009343),1
7_廠商內部編號,3009721,1
7_廠商內部編號,(3009721),1
7_廠商內部編號,3009593,1
7_廠商內部編號,(3009593),1
7_廠商內部編號,3007578,1
7_廠商內部編號,(3007578),1
7_廠商內部編號,(255H),1
7_廠商內部編號,0963369176,1
7_廠商內部編號,9033,1
7_廠商內部編號,0936207812,1
7_廠商內部編號,(M7),1
7_廠商內部編號,(JollyPet),1
7_廠商內部編號,0970549994,1
7_廠商內部編號,H73,1
7_廠商內部編號,SV131,1
7_廠商內部編號,0953,1
7_廠商內部編號,70500,1
7_廠商內部編號,0927362616,1
7_廠商內部編號,D16,1
7_廠商內部編號,SHE25087,1
7_廠商內部編號,25087,1
7_廠商內部編號,RH5402,1
7_廠商內部編號,5402,1
7_廠商內部編號,(115-049),1
7_廠商內部編號,(38000-45000),1
7_廠商內部編號,42714,1
7_廠商內部編號,35514,1
7_廠商內部編號,DM802,1
7_廠商內部編號,3303892,1
7_廠商內部編號,0926080683,1
7_廠商內部編號,RS03,1
7_廠商內部編號,140000,1
7_廠商內部編號,(AP8),1
7_廠商內部編號,( 4H ),1
7_廠商內部編號,32450,1
7_廠商內部編號,(52000),1
7_廠商內部編號,(57000),1
7_廠商內部編號,k27,1
7_廠商內部編號,N090,1
7_廠商內部編號,S29,1
7_廠商內部編號,22628853,1
7_廠商內部編號,1150505,1
7_廠商內部編號,26875850,1
7_廠商內部編號,RD004,1
7_廠商內部編號,(Simulation),1
7_廠商內部編號,(540P500),1
7_廠商內部編號,1223,1
7_廠商內部編號,(540R500),1
7_廠商內部編號,(M200),1
7_廠商內部編號,(WLCSP),1
7_廠商內部編號,N108,1
7_廠商內部編號,2721,1
7_廠商內部編號,9011,1
7_廠商內部編號,E06,1
7_廠商內部編號,Q25,1
7_廠商內部編號,G13,1
7_廠商內部編號,G18,1
7_廠商內部編號,G29,1
7_廠商內部編號,27001,1
7_廠商內部編號,（helpdesk）,1
7_廠商內部編號,(8hr),1
7_廠商內部編號,298261,1
7_廠商內部編號,K18,1
7_廠商內部編號,8665,1
7_廠商內部編號,9872,1
7_廠商內部編號,4756310,1
7_廠商內部編號,（03-4756310）,1
7_廠商內部編號,R076,1
7_廠商內部編號,00000161,1
7_廠商內部編號,(115-053),1
7_廠商內部編號,3007516,1
7_廠商內部編號,(3007516),1
7_廠商內部編號,00000089,1
7_廠商內部編號,00000026,1
7_廠商內部編號,00000045,1
7_廠商內部編號,00000175,1
7_廠商內部編號,00000119,1
7_廠商內部編號,00000184,1
7_廠商內部編號,00000185,1
7_廠商內部編號,00000182,1
7_廠商內部編號,00000183,1
7_廠商內部編號,(SRE),1
7_廠商內部編號,00000001,1
7_廠商內部編號,I98,1
7_廠商內部編號,(114-076),1
7_廠商內部編號,00000164,1
7_廠商內部編號,00000111,1
7_廠商內部編號,(Windows),1
7_廠商內部編號,(115-026),1
7_廠商內部編號,F2511510,1
7_廠商內部編號,2511510,1
7_廠商內部編號,15640,1
7_廠商內部編號,(DL-15640),1
7_廠商內部編號,15157,1
7_廠商內部編號,(DL-15157),1
7_廠商內部編號,K47,1
7_廠商內部編號,(RT),1
7_廠商內部編號,F2211501,1
7_廠商內部編號,2211501,1
7_廠商內部編號,(M600),1
7_廠商內部編號,(DQE),1
7_廠商內部編號,(TPM),1
7_廠商內部編號,DD209,1
7_廠商內部編號,SA460,1
7_廠商內部編號,T111506,1
7_廠商內部編號,111506,1
7_廠商內部編號,T111503,1
7_廠商內部編號,76100,1
7_廠商內部編號,86100,1
7_廠商內部編號,60202,1
7_廠商內部編號,AMR221,1
7_廠商內部編號,P034,1
7_廠商內部編號,0809,1
7_廠商內部編號,（KTS_1231),1
7_廠商內部編號,SS40B,1
7_廠商內部編號,(SLS),1
7_廠商內部編號,2960,1
7_廠商內部編號,2748,1
7_廠商內部編號,F18P,1
7_廠商內部編號,(F18P4),1
7_廠商內部編號,595433,1
7_廠商內部編號,60002,1
7_廠商內部編號,0905,1
7_廠商內部編號,806577,1
7_廠商內部編號,D15,1
7_廠商內部編號,60001,1
7_廠商內部編號,8880888,1
7_廠商內部編號,595434,1
7_廠商內部編號,12210,1
7_廠商內部編號,60302,1
7_廠商內部編號,0912516182,1
7_廠商內部編號,2381,1
7_廠商內部編號,4317,1
7_廠商內部編號,6123,1
7_廠商內部編號,4062,1
7_廠商內部編號,85700,1
7_廠商內部編號,QD36547896,1
7_廠商內部編號,3654789668,1
7_廠商內部編號,35900,1
7_廠商內部編號,0938802669,1
7_廠商內部編號,HS01,1
7_廠商內部編號,91037,1
7_廠商內部編號,(TC),1
7_廠商內部編號,2233,1
7_廠商內部編號,9916,1
7_廠商內部編號,26400001,1
7_廠商內部編號,(26400001),1
7_廠商內部編號,(E300-2),1
7_廠商內部編號,(115_07),1
7_廠商內部編號,(TB),1
7_廠商內部編號,K900,1
7_廠商內部編號,(K900),1
7_廠商內部編號,B322,1
7_廠商內部編號,Bella05,1
7_廠商內部編號,5915,1
7_廠商內部編號,(JR-5915),1
7_廠商內部編號,60196,1
7_廠商內部編號,I3601,1
7_廠商內部編號,3601,1
7_廠商內部編號,F2711525,1
7_廠商內部編號,2711525,1
7_廠商內部編號,DD011,1
7_廠商內部編號,24311001,1
7_廠商內部編號,(24311001),1
7_廠商內部編號,D33,1
7_廠商內部編號,12624,1
7_廠商內部編號,(D33-12624),1
7_廠商內部編號,5575,1
7_廠商內部編號,0912368561,1
7_廠商內部編號,(0B200),1
7_廠商內部編號,(550V100),1
7_廠商內部編號,Bella03,1
7_廠商內部編號,Bella06,1
7_廠商內部編號,Bella07,1
7_廠商內部編號,(0B100),1
7_廠商內部編號,(DC-DC),1
7_廠商內部編號,(Germany),1
7_廠商內部編號,V503,1
7_廠商內部編號,(V503),1
7_廠商內部編號,（EE）,1
7_廠商內部編號,61850,1
7_廠商內部編號,W200,1
7_廠商內部編號,(W200),1
7_廠商內部編號,RH5403,1
7_廠商內部編號,5403,1
7_廠商內部編號,00000190,1
7_廠商內部編號,M365,1
7_廠商內部編號,00000150,1
7_廠商內部編號,C111508,1
7_廠商內部編號,I99,1
7_廠商內部編號,00000003,1
7_廠商內部編號,8115,1
7_廠商內部編號,8053,1
7_廠商內部編號,F14C,1
7_廠商內部編號,N016,1
7_廠商內部編號,G114,1
7_廠商內部編號,32150,1
7_廠商內部編號,N048,1
7_廠商內部編號,(F1),1
7_廠商內部編號,(EM),1
7_廠商內部編號,3009347,1
7_廠商內部編號,(3009347),1
7_廠商內部編號,(Azure),1
7_廠商內部編號,(40k-55k),1
7_廠商內部編號,699329,1
7_廠商內部編號,C017C,1
7_廠商內部編號,3009208,1
7_廠商內部編號,(3009208),1
7_廠商內部編號,3007592,1
7_廠商內部編號,(3007592),1
7_廠商內部編號,I6051,1
7_廠商內部編號,6051,1
7_廠商內部編號,2612783,1
7_廠商內部編號,0931507089,1
7_廠商內部編號,(Start-up),1
7_廠商內部編號,3008250,1
7_廠商內部編號,(3008250),1
7_廠商內部編號,3009402,1
7_廠商內部編號,(3009402),1
7_廠商內部編號,2504101,1
7_廠商內部編號,3004802,1
7_廠商內部編號,(3004802),1
7_廠商內部編號,4074,1
7_廠商內部編號,60500,1
7_廠商內部編號,(L100),1
7_廠商內部編號,DD125,1
7_廠商內部編號,DD126,1
7_廠商內部編號,Q22007,1
7_廠商內部編號,22007,1
7_廠商內部編號,38200,1
7_廠商內部編號,K63,1
7_廠商內部編號,JR100889,1
7_廠商內部編號,100889,1
7_廠商內部編號,26964678,1
7_廠商內部編號,26962171,1
7_廠商內部編號,26948999,1
7_廠商內部編號,26949376,1
7_廠商內部編號,26967952,1
7_廠商內部編號,26941535,1
7_廠商內部編號,26955253,1
7_廠商內部編號,26950608,1
7_廠商內部編號,26963012,1
7_廠商內部編號,26961730,1
7_廠商內部編號,26955840,1
7_廠商內部編號,26951545,1
7_廠商內部編號,TPE001,1
7_廠商內部編號,0905082160,1
7_廠商內部編號,（E000）,1
7_廠商內部編號,D655,1
7_廠商內部編號,E47,1
7_廠商內部編號,C6110,1
7_廠商內部編號,6110,1
7_廠商內部編號,C7331,1
7_廠商內部編號,7331,1
7_廠商內部編號,25241002,1
7_廠商內部編號,(25241002),1
7_廠商內部編號,25241001,1
7_廠商內部編號,(25241001),1
7_廠商內部編號,（FB）,1
7_廠商內部編號,120000,1
7_廠商內部編號,54400,1
7_廠商內部編號,(intern),1
7_廠商內部編號,0932892242,1
7_廠商內部編號,2636,1
7_廠商內部編號,5151,1
7_廠商內部編號,JR102115,1
7_廠商內部編號,102115,1
7_廠商內部編號,2708,1
7_廠商內部編號,3110,1
7_廠商內部編號,CM01,1
7_廠商內部編號,0917087921,1
7_廠商內部編號,0989717608,1
7_廠商內部編號,12963,1
7_廠商內部編號,(D9-12963),1
7_廠商內部編號,3200,1
7_廠商內部編號,595440,1
7_廠商內部編號,595430,1
7_廠商內部編號,0934,1
7_廠商內部編號,715053,1
7_廠商內部編號,4600,1
7_廠商內部編號,C058C,1
7_廠商內部編號,C060C,1
7_廠商內部編號,24365292,1
7_廠商內部編號,(078mos),1
7_廠商內部編號,（BIM),1
7_廠商內部編號,C613,1
7_廠商內部編號,C212,1
7_廠商內部編號,0935570281,1
7_廠商內部編號,(115-016),1
7_廠商內部編號,(115-017),1
7_廠商內部編號,DD084,1
7_廠商內部編號,(F3),1
7_廠商內部編號,Q013Q,1
7_廠商內部編號,JR105356,1
7_廠商內部編號,105356,1
7_廠商內部編號,1518,1
7_廠商內部編號,595435,1
7_廠商內部編號,HH437,1
7_廠商內部編號,(570),1
7_廠商內部編號,0933172787,1
7_廠商內部編號,H007,1
7_廠商內部編號,3008838,1
7_廠商內部編號,(3008838),1
7_廠商內部編號,3008943,1
7_廠商內部編號,(3008943),1
7_廠商內部編號,3008431,1
7_廠商內部編號,(3008431),1
7_廠商內部編號,3008433,1
7_廠商內部編號,(3008433),1
7_廠商內部編號,3008550,1
7_廠商內部編號,(3008550),1
7_廠商內部編號,(OP),1
7_廠商內部編號,(ARM),1
7_廠商內部編號,(LARM),1
7_廠商內部編號,93080,1
7_廠商內部編號,G148,1
7_廠商內部編號,3009193,1
7_廠商內部編號,(3009193),1
7_廠商內部編號,3007507,1
7_廠商內部編號,(3007507),1
7_廠商內部編號,(114-014),1
7_廠商內部編號,3007690,1
7_廠商內部編號,(3007690),1
7_廠商內部編號,3008073,1
7_廠商內部編號,(3008073),1
7_廠商內部編號,3010234,1
7_廠商內部編號,(3010234),1
7_廠商內部編號,3010086,1
7_廠商內部編號,(3010086),1
7_廠商內部編號,Q023Q,1
7_廠商內部編號,(115-055),1
7_廠商內部編號,3007452,1
7_廠商內部編號,(3007452),1
7_廠商內部編號,3008839,1
7_廠商內部編號,(3008839),1
7_廠商內部編號,3008475,1
7_廠商內部編號,(3008475),1
7_廠商內部編號,3007693,1
7_廠商內部編號,(3007693),1
7_廠商內部編號,3007913,1
7_廠商內部編號,(3007913),1
7_廠商內部編號,3007933,1
7_廠商內部編號,(3007933),1
7_廠商內部編號,3007934,1
7_廠商內部編號,(3007934),1
7_廠商內部編號,3007971,1
7_廠商內部編號,(3007971),1
7_廠商內部編號,3007957,1
7_廠商內部編號,(3007957),1
7_廠商內部編號,3007964,1
7_廠商內部編號,(3007964),1
7_廠商內部編號,3008069,1
7_廠商內部編號,(3008069),1
7_廠商內部編號,3008108,1
7_廠商內部編號,(3008108),1
7_廠商內部編號,3008041,1
7_廠商內部編號,(3008041),1
7_廠商內部編號,3008042,1
7_廠商內部編號,(3008042),1
7_廠商內部編號,3007974,1
7_廠商內部編號,(3007974),1
7_廠商內部編號,3008082,1
7_廠商內部編號,(3008082),1
7_廠商內部編號,3008535,1
7_廠商內部編號,(3008535),1
7_廠商內部編號,3008483,1
7_廠商內部編號,(3008483),1
7_廠商內部編號,3008516,1
7_廠商內部編號,(3008516),1
7_廠商內部編號,3008686,1
7_廠商內部編號,(3008686),1
7_廠商內部編號,3009088,1
7_廠商內部編號,(3009088),1
7_廠商內部編號,(Recruitment),1
7_廠商內部編號,(Chiayi),1
7_廠商內部編號,Bella21,1
7_廠商內部編號,TAH001,1
7_廠商內部編號,SAH001,1
7_廠商內部編號,3009965,1
7_廠商內部編號,(3009965),1
7_廠商內部編號,3009949,1
7_廠商內部編號,(3009949),1
7_廠商內部編號,3009981,1
7_廠商內部編號,(3009981),1
7_廠商內部編號,3010071,1
7_廠商內部編號,(3010071),1
7_廠商內部編號,3009637,1
7_廠商內部編號,(3009637),1
7_廠商內部編號,3009636,1
7_廠商內部編號,(3009636),1
7_廠商內部編號,3009701,1
7_廠商內部編號,(3009701),1
7_廠商內部編號,3009723,1
7_廠商內部編號,(3009723),1
7_廠商內部編號,3009832,1
7_廠商內部編號,(3009832),1
7_廠商內部編號,3009844,1
7_廠商內部編號,(3009844),1
7_廠商內部編號,Q02,1
7_廠商內部編號,D02,1
7_廠商內部編號,3010268,1
7_廠商內部編號,(3010268),1
7_廠商內部編號,3010269,1
7_廠商內部編號,(3010269),1
7_廠商內部編號,F12,1
7_廠商內部編號,B12,1
7_廠商內部編號,H20,1
7_廠商內部編號,3010318,1
7_廠商內部編號,(3010318),1
7_廠商內部編號,A12,1
7_廠商內部編號,3009780,1
7_廠商內部編號,(3009780),1
7_廠商內部編號,3009775,1
7_廠商內部編號,(3009775),1
7_廠商內部編號,(Taiwan),1
7_廠商內部編號,3009728,1
7_廠商內部編號,(3009728),1
7_廠商內部編號,GHR100,1
7_廠商內部編號,26051101,1
7_廠商內部編號,3009699,1
7_廠商內部編號,(3009699),1
7_廠商內部編號,3009479,1
7_廠商內部編號,(3009479),1
7_廠商內部編號,3007577,1
7_廠商內部編號,(3007577),1
7_廠商內部編號,3010165,1
7_廠商內部編號,(3010165),1
7_廠商內部編號,3006752,1
7_廠商內部編號,(3006752),1
7_廠商內部編號,AH323,1
7_廠商內部編號,3009429,1
7_廠商內部編號,(3009429),1
7_廠商內部編號,3009430,1
7_廠商內部編號,(3009430),1
7_廠商內部編號,R25,1
7_廠商內部編號,R03,1
7_廠商內部編號,Q01,1
7_廠商內部編號,3010090,1
7_廠商內部編號,(3010090),1
7_廠商內部編號,3010153,1
7_廠商內部編號,(3010153),1
7_廠商內部編號,3010205,1
7_廠商內部編號,(3010205),1
7_廠商內部編號,3010226,1
7_廠商內部編號,(3010226),1
7_廠商內部編號,3010228,1
7_廠商內部編號,(3010228),1
7_廠商內部編號,3010232,1
7_廠商內部編號,(3010232),1
7_廠商內部編號,JR103584,1
7_廠商內部編號,103584,1
7_廠商內部編號,(CBO),1
7_廠商內部編號,3010355,1
7_廠商內部編號,(3010355),1
7_廠商內部編號,D29,1
7_廠商內部編號,3005538,1
7_廠商內部編號,(3005538),1
7_廠商內部編號,3009228,1
7_廠商內部編號,(3009228),1
7_廠商內部編號,3009234,1
7_廠商內部編號,(3009234),1
7_廠商內部編號,3009326,1
7_廠商內部編號,(TW),1
7_廠商內部編號,(3009326),1
7_廠商內部編號,3009341,1
7_廠商內部編號,(3009341),1
7_廠商內部編號,3009333,1
7_廠商內部編號,(3009333),1
7_廠商內部編號,(HRIS),1
7_廠商內部編號,3007816,1
7_廠商內部編號,(3007816),1
7_廠商內部編號,3007818,1
7_廠商內部編號,(3007818),1
7_廠商內部編號,3008388,1
7_廠商內部編號,(3008388),1
7_廠商內部編號,3009855,1
7_廠商內部編號,(3009855),1
7_廠商內部編號,3009898,1
7_廠商內部編號,(3009898),1
7_廠商內部編號,(JFA),1
7_廠商內部編號,3009996,1
7_廠商內部編號,(3009996),1
7_廠商內部編號,A2000,1
7_廠商內部編號,3007637,1
7_廠商內部編號,(3007637),1
7_廠商內部編號,3009972,1
7_廠商內部編號,(3009972),1
7_廠商內部編號,3009957,1
7_廠商內部編號,(3009957),1
7_廠商內部編號,3009000,1
7_廠商內部編號,(3009000),1
7_廠商內部編號,P007P,1
7_廠商內部編號,D06,1
7_廠商內部編號,3007063,1
7_廠商內部編號,(3007063),1
7_廠商內部編號,3007362,1
7_廠商內部編號,(3007362),1
7_廠商內部編號,3007427,1
7_廠商內部編號,(3007427),1
7_廠商內部編號,3009714,1
7_廠商內部編號,(3009714),1
7_廠商內部編號,(Data),1
7_廠商內部編號,3008408,1
7_廠商內部編號,(3008408),1
7_廠商內部編號,WD55310,1
7_廠商內部編號,55310,1
7_廠商內部編號,3008101,1
7_廠商內部編號,(3008101),1
7_廠商內部編號,D53,1
7_廠商內部編號,KA00,1
7_廠商內部編號,3008770,1
7_廠商內部編號,(3008770),1
7_廠商內部編號,31100,1
7_廠商內部編號,3009310,1
7_廠商內部編號,(3009310),1
7_廠商內部編號,Q009Q,1
7_廠商內部編號,3009928,1
7_廠商內部編號,(3009928),1
7_廠商內部編號,3010328,1
7_廠商內部編號,(3010328),1
7_廠商內部編號,(564),1
7_廠商內部編號,(565),1
7_廠商內部編號,29970,1
7_廠商內部編號,00000172,1
7_廠商內部編號,3009805,1
7_廠商內部編號,(3009805),1
7_廠商內部編號,3008212,1
7_廠商內部編號,(3008212),1
7_廠商內部編號,3007778,1
7_廠商內部編號,(3007778),1
7_廠商內部編號,3007648,1
7_廠商內部編號,(3007648),1
7_廠商內部編號,3010042,1
7_廠商內部編號,(3010042),1
7_廠商內部編號,3010329,1
7_廠商內部編號,(3010329),1
7_廠商內部編號,(DITA),1
7_廠商內部編號,3007767,1
7_廠商內部編號,(3007767),1
7_廠商內部編號,3008157,1
7_廠商內部編號,(3008157),1
7_廠商內部編號,3008319,1
7_廠商內部編號,(3008319),1
7_廠商內部編號,3008382,1
7_廠商內部編號,(3008382),1
7_廠商內部編號,3002474,1
7_廠商內部編號,(3002474),1
7_廠商內部編號,3008668,1
7_廠商內部編號,(3008668),1
7_廠商內部編號,3008858,1
7_廠商內部編號,(3008858),1
7_廠商內部編號,3009213,1
7_廠商內部編號,(3009213),1
7_廠商內部編號,3009266,1
7_廠商內部編號,(3009266),1
7_廠商內部編號,3009294,1
7_廠商內部編號,(3009294),1
7_廠商內部編號,3009557,1
7_廠商內部編號,(3009557),1
7_廠商內部編號,3009743,1
7_廠商內部編號,(3009743),1
7_廠商內部編號,3009745,1
7_廠商內部編號,(3009745),1
7_廠商內部編號,3007562,1
7_廠商內部編號,(3007562),1
7_廠商內部編號,3007633,1
7_廠商內部編號,(3007633),1
7_廠商內部編號,7970,1
7_廠商內部編號,(Assistant),1
7_廠商內部編號,IT25047,1
7_廠商內部編號,25047,1
7_廠商內部編號,C5411,1
7_廠商內部編號,5411,1
7_廠商內部編號,M003,1
7_廠商內部編號,N013,1
7_廠商內部編號,3007967,1
7_廠商內部編號,(3007967),1
7_廠商內部編號,3008666,1
7_廠商內部編號,(3008666),1
7_廠商內部編號,3008019,1
7_廠商內部編號,(3008019),1
7_廠商內部編號,(G0),1
7_廠商內部編號,3008505,1
7_廠商內部編號,(3008505),1
7_廠商內部編號,3008301,1
7_廠商內部編號,(3008301),1
7_廠商內部編號,3008295,1
7_廠商內部編號,(3008295),1
7_廠商內部編號,3008012,1
7_廠商內部編號,(3008012),1
7_廠商內部編號,3008721,1
7_廠商內部編號,(3008721),1
7_廠商內部編號,3008757,1
7_廠商內部編號,(3008757),1
7_廠商內部編號,3004792,1
7_廠商內部編號,(3004792),1
7_廠商內部編號,3008710,1
7_廠商內部編號,(3008710),1
7_廠商內部編號,3008828,1
7_廠商內部編號,(3008828),1
7_廠商內部編號,3009715,1
7_廠商內部編號,(3009715),1
7_廠商內部編號,3009759,1
7_廠商內部編號,(3009759),1
7_廠商內部編號,R118,1
7_廠商內部編號,R008,1
7_廠商內部編號,B032,1
7_廠商內部編號,3010248,1
7_廠商內部編號,(3010248),1
7_廠商內部編號,3007985,1
7_廠商內部編號,(3007985),1
7_廠商內部編號,15216,1
7_廠商內部編號,(DL-15216),1
7_廠商內部編號,W300,1
7_廠商內部編號,3007457,1
7_廠商內部編號,(3007457),1
7_廠商內部編號,3009461,1
7_廠商內部編號,(3009461),1
7_廠商內部編號,3010032,1
7_廠商內部編號,(3010032),1
7_廠商內部編號,3010170,1
7_廠商內部編號,(3010170),1
7_廠商內部編號,F028,1
7_廠商內部編號,3009030,1
7_廠商內部編號,(3009030),1
7_廠商內部編號,IFA10,1
7_廠商內部編號,3009962,1
7_廠商內部編號,(3009962),1
7_廠商內部編號,3006437,1
7_廠商內部編號,(3006437),1
7_廠商內部編號,3007631,1
7_廠商內部編號,(3007631),1
7_廠商內部編號,SK5302,1
7_廠商內部編號,SK5303,1
7_廠商內部編號,5303,1
7_廠商內部編號,3009689,1
7_廠商內部編號,(3009689),1
7_廠商內部編號,3009620,1
7_廠商內部編號,(3009620),1
7_廠商內部編號,3008753,1
7_廠商內部編號,(3008753),1
7_廠商內部編號,3009433,1
7_廠商內部編號,(3009433),1
7_廠商內部編號,3007734,1
7_廠商內部編號,(3007734),1
7_廠商內部編號,3008100,1
7_廠商內部編號,(3008100),1
7_廠商內部編號,3008195,1
7_廠商內部編號,(3008195),1
7_廠商內部編號,3009068,1
7_廠商內部編號,(3009068),1
7_廠商內部編號,R001,1
7_廠商內部編號,3008767,1
7_廠商內部編號,(3008767),1
7_廠商內部編號,1150481,1
7_廠商內部編號,3007626,1
7_廠商內部編號,(3007626),1
7_廠商內部編號,3010300,1
7_廠商內部編號,(3010300),1
7_廠商內部編號,3007561,1
7_廠商內部編號,(3007561),1
7_廠商內部編號,3010273,1
7_廠商內部編號,(3010273),1
7_廠商內部編號,（R300）,1
7_廠商內部編號,3009419,1
7_廠商內部編號,(3009419),1
7_廠商內部編號,3009697,1
7_廠商內部編號,(3009697),1
7_廠商內部編號,3009582,1
7_廠商內部編號,(3009582),1
7_廠商內部編號,3009794,1
7_廠商內部編號,(3009794),1
7_廠商內部編號,3008879,1
7_廠商內部編號,(3008879),1
7_廠商內部編號,3007955,1
7_廠商內部編號,(3007955),1
7_廠商內部編號,A411513,1
7_廠商內部編號,411513,1
7_廠商內部編號,( ACS),1
7_廠商內部編號,3009753,1
7_廠商內部編號,(3009753),1
7_廠商內部編號,3009124,1
7_廠商內部編號,(3009124),1
7_廠商內部編號,3010026,1
7_廠商內部編號,(3010026),1
7_廠商內部編號,3008024,1
7_廠商內部編號,(3008024),1
7_廠商內部編號,3008340,1
7_廠商內部編號,(3008340),1
7_廠商內部編號,3009523,1
7_廠商內部編號,(3009523),1
7_廠商內部編號,3009543,1
7_廠商內部編號,(3009543),1
7_廠商內部編號,3008705,1
7_廠商內部編號,(3008705),1
7_廠商內部編號,3008497,1
7_廠商內部編號,(3008497),1
7_廠商內部編號,700666,1
7_廠商內部編號,7263,1
7_廠商內部編號,4414,1
7_廠商內部編號,(8K),1
7_廠商內部編號,L11,1
7_廠商內部編號,34700,1
7_廠商內部編號,JR103733,1
7_廠商內部編號,103733,1
7_廠商內部編號,JR104094,1
7_廠商內部編號,104094,1
7_廠商內部編號,10885,1
7_廠商內部編號,2377057,1
7_廠商內部編號,1230,1
7_廠商內部編號,3008627,1
7_廠商內部編號,(3008627),1
7_廠商內部編號,3008625,1
7_廠商內部編號,(3008625),1
7_廠商內部編號,3008109,1
7_廠商內部編號,(3008109),1
7_廠商內部編號,C303,1
7_廠商內部編號,C113,1
7_廠商內部編號,C114,1
7_廠商內部編號,C309,1
7_廠商內部編號,C211,1
7_廠商內部編號,3010046,1
7_廠商內部編號,(3010046),1
7_廠商內部編號,3009626,1
7_廠商內部編號,(3009626),1
7_廠商內部編號,3009598,1
7_廠商內部編號,(3009598),1
7_廠商內部編號,681283,1
7_廠商內部編號,674334,1
7_廠商內部編號,91010,1
7_廠商內部編號,3009907,1
7_廠商內部編號,(BI),1
7_廠商內部編號,(3009907),1
7_廠商內部編號,3010119,1
7_廠商內部編號,(3010119),1
7_廠商內部編號,3009530,1
7_廠商內部編號,(3009530),1
7_廠商內部編號,3009713,1
7_廠商內部編號,(3009713),1
7_廠商內部編號,3009815,1
7_廠商內部編號,(3009815),1
7_廠商內部編號,3008460,1
7_廠商內部編號,(3008460),1
7_廠商內部編號,F12P,1
7_廠商內部編號,3007802,1
7_廠商內部編號,(3007802),1
7_廠商內部編號,3007732,1
7_廠商內部編號,(3007732),1
7_廠商內部編號,3007792,1
7_廠商內部編號,(3007792),1
7_廠商內部編號,595962,1
7_廠商內部編號,3008168,1
7_廠商內部編號,(3008168),1
7_廠商內部編號,3008202,1
7_廠商內部編號,(3008202),1
7_廠商內部編號,3008215,1
7_廠商內部編號,(3008215),1
7_廠商內部編號,3006800,1
7_廠商內部編號,(3006800),1
7_廠商內部編號,3008331,1
7_廠商內部編號,(3008331),1
7_廠商內部編號,3009486,1
7_廠商內部編號,(3009486),1
7_廠商內部編號,3009669,1
7_廠商內部編號,(3009669),1
7_廠商內部編號,3008014,1
7_廠商內部編號,(3008014),1
7_廠商內部編號,EMP10,1
7_廠商內部編號,3008376,1
7_廠商內部編號,(3008376),1
7_廠商內部編號,(V1),1
7_廠商內部編號,3007430,1
7_廠商內部編號,(3007430),1
7_廠商內部編號,(M1),1
7_廠商內部編號,(M4),1
7_廠商內部編號,M201,1
7_廠商內部編號,(M201),1
7_廠商內部編號,3010031,1
7_廠商內部編號,(3010031),1
7_廠商內部編號,(Programming),1
7_廠商內部編號,3007945,1
7_廠商內部編號,(3007945),1
7_廠商內部編號,(AI4BI),1
7_廠商內部編號,3008900,1
7_廠商內部編號,(3008900),1
7_廠商內部編號,U24001,1
7_廠商內部編號,(RFSOI),1
7_廠商內部編號,(Customer),1
7_廠商內部編號,(Specialty),1
7_廠商內部編號,(PIE),1
7_廠商內部編號,(EQ),1
7_廠商內部編號,(FAC),1
7_廠商內部編號,(392mos),1
7_廠商內部編號,(APTS),1
7_廠商內部編號,(CPO),1
7_廠商內部編號,(MM),1
7_廠商內部編號,(115-032),1
7_廠商內部編號,F2011521,1
7_廠商內部編號,2011521,1
7_廠商內部編號,(NTI),1
7_廠商內部編號,AP08,1
7_廠商內部編號,3004931,1
7_廠商內部編號,(3004931),1
7_廠商內部編號,3010166,1
7_廠商內部編號,(3010166),1
7_廠商內部編號,3010176,1
7_廠商內部編號,(3010176),1
7_廠商內部編號,3008106,1
7_廠商內部編號,(3008106),1
7_廠商內部編號,12163,1
7_廠商內部編號,(JR-12163),1
7_廠商內部編號,(JR-15000),1
7_廠商內部編號,5592,1
7_廠商內部編號,82280,1
7_廠商內部編號,E511506,1
7_廠商內部編號,511506,1
7_廠商內部編號,8551,1
7_廠商內部編號,(T4-8551),1
7_廠商內部編號,B001,1
7_廠商內部編號,M3002,1
7_廠商內部編號,3002,1
7_廠商內部編號,PM15,1
7_廠商內部編號,M20,1
7_廠商內部編號,(M20),1
7_廠商內部編號,B340,1
7_廠商內部編號,(408mos),1
7_廠商內部編號,(397mos),1
7_廠商內部編號,A061,1
7_廠商內部編號,673873,1
7_廠商內部編號,NCB2507029,1
7_廠商內部編號,2507029,1
7_廠商內部編號,3007546,1
7_廠商內部編號,(3007546),1
7_廠商內部編號,44280,1
7_廠商內部編號,GM01,1
7_廠商內部編號,(cs),1
7_廠商內部編號,3008816,1
7_廠商內部編號,(3008816),1
7_廠商內部編號,M24045,1
7_廠商內部編號,24045,1
7_廠商內部編號,3010111,1
7_廠商內部編號,(3010111),1
7_廠商內部編號,3008813,1
7_廠商內部編號,(3008813),1
7_廠商內部編號,3009456,1
7_廠商內部編號,(3009456),1
7_廠商內部編號,3009277,1
7_廠商內部編號,(3009277),1
7_廠商內部編號,3009441,1
7_廠商內部編號,(3009441),1
7_廠商內部編號,（35k-55k),1
7_廠商內部編號,7710,1
7_廠商內部編號,（06-09）,1
7_廠商內部編號,25241404,1
7_廠商內部編號,(25241404),1
7_廠商內部編號,26590001,1
7_廠商內部編號,(26590001),1
7_廠商內部編號,7122,1
7_廠商內部編號,25411101,1
7_廠商內部編號,(25411101),1
7_廠商內部編號,7270,1
7_廠商內部編號,7190,1
7_廠商內部編號,6248,1
7_廠商內部編號,6183,1
7_廠商內部編號,6253,1
7_廠商內部編號,6247,1
7_廠商內部編號,6174,1
7_廠商內部編號,6276,1
7_廠商內部編號,6268,1
7_廠商內部編號,6278,1
7_廠商內部編號,6239,1
7_廠商內部編號,6277,1
7_廠商內部編號,6274,1
7_廠商內部編號,6273,1
7_廠商內部編號,6205,1
7_廠商內部編號,6200,1
7_廠商內部編號,6198,1
7_廠商內部編號,6166,1
7_廠商內部編號,6157,1
7_廠商內部編號,6199,1
7_廠商內部編號,6191,1
7_廠商內部編號,6181,1
7_廠商內部編號,6159,1
7_廠商內部編號,6169,1
7_廠商內部編號,6203,1
7_廠商內部編號,6193,1
7_廠商內部編號,6185,1
7_廠商內部編號,6173,1
7_廠商內部編號,6270,1
7_廠商內部編號,6269,1
7_廠商內部編號,6261,1
7_廠商內部編號,6259,1
7_廠商內部編號,6260,1
7_廠商內部編號,6254,1
7_廠商內部編號,6245,1
7_廠商內部編號,6243,1
7_廠商內部編號,3009673,1
7_廠商內部編號,(3009673),1
7_廠商內部編號,11504011,1
7_廠商內部編號,3010263,1
7_廠商內部編號,(3010263),1
7_廠商內部編號,3009125,1
7_廠商內部編號,(3009125),1
7_廠商內部編號,3009549,1
7_廠商內部編號,(3009549),1
7_廠商內部編號,3009544,1
7_廠商內部編號,(3009544),1
7_廠商內部編號,(CLSM),1
7_廠商內部編號,1720,1
7_廠商內部編號,3008597,1
7_廠商內部編號,(3008597),1
7_廠商內部編號,3009915,1
7_廠商內部編號,(3009915),1
7_廠商內部編號,3010335,1
7_廠商內部編號,(3010335),1
7_廠商內部編號,R600,1
7_廠商內部編號,(R600),1
7_廠商內部編號,3010152,1
7_廠商內部編號,(3010152),1
7_廠商內部編號,C006C,1
7_廠商內部編號,3009141,1
7_廠商內部編號,(3009141),1
7_廠商內部編號,3008599,1
7_廠商內部編號,(3008599),1
7_廠商內部編號,3008673,1
7_廠商內部編號,(3008673),1
7_廠商內部編號,HH424,1
7_廠商內部編號,3005477,1
7_廠商內部編號,(3005477),1
7_廠商內部編號,3009770,1
7_廠商內部編號,(3009770),1
7_廠商內部編號,H47000,1
7_廠商內部編號,13375,1
7_廠商內部編號,13659,1
7_廠商內部編號,12960,1
7_廠商內部編號,(D31-12960),1
7_廠商內部編號,3008077,1
7_廠商內部編號,(3008077),1
7_廠商內部編號,3006953,1
7_廠商內部編號,(3006953),1
7_廠商內部編號,3003536,1
7_廠商內部編號,(3003536),1
7_廠商內部編號,0701,1
7_廠商內部編號,3010244,1
7_廠商內部編號,(3010244),1
7_廠商內部編號,(540),1
7_廠商內部編號,3009139,1
7_廠商內部編號,(3009139),1
7_廠商內部編號,3009152,1
7_廠商內部編號,(3009152),1
7_廠商內部編號,A80,1
7_廠商內部編號,(544),1
7_廠商內部編號,(472),1
7_廠商內部編號,(482),1
7_廠商內部編號,RD003,1
7_廠商內部編號,SS440,1
7_廠商內部編號,3009684,1
7_廠商內部編號,(3009684),1
7_廠商內部編號,7013,1
7_廠商內部編號,7014,1
7_廠商內部編號,D304,1
7_廠商內部編號,D601,1
7_廠商內部編號,A306,1
7_廠商內部編號,A114,1
7_廠商內部編號,A205,1
7_廠商內部編號,B308,1
7_廠商內部編號,A308,1
7_廠商內部編號,A502,1
7_廠商內部編號,B302,1
7_廠商內部編號,3008514,1
7_廠商內部編號,(3008514),1
7_廠商內部編號,3007679,1
7_廠商內部編號,(3007679),1
7_廠商內部編號,3010123,1
7_廠商內部編號,(3010123),1
7_廠商內部編號,3009906,1
7_廠商內部編號,(3009906),1
7_廠商內部編號,3009968,1
7_廠商內部編號,(3009968),1
7_廠商內部編號,DD101,1
7_廠商內部編號,3008203,1
7_廠商內部編號,(3008203),1
7_廠商內部編號,3008141,1
7_廠商內部編號,(3008141),1
7_廠商內部編號,3009881,1
7_廠商內部編號,(3009881),1
7_廠商內部編號,3008156,1
7_廠商內部編號,(3008156),1
7_廠商內部編號,H006,1
7_廠商內部編號,1764,1
7_廠商內部編號,1854,1
7_廠商內部編號,(51K）,1
7_廠商內部編號,(A10),1
7_廠商內部編號,(55K),1
7_廠商內部編號,D002,1
7_廠商內部編號,C121,1
7_廠商內部編號,2861,1
7_廠商內部編號,9296,1
7_廠商內部編號,25560005,1
7_廠商內部編號,（25560005）,1
7_廠商內部編號,26417501,1
7_廠商內部編號,（26417501）,1
7_廠商內部編號,25560006,1
7_廠商內部編號,（25560006）,1
7_廠商內部編號,3010283,1
7_廠商內部編號,(3010283),1
7_廠商內部編號,3010299,1
7_廠商內部編號,(3010299),1
7_廠商內部編號,A62,1
7_廠商內部編號,91063,1
7_廠商內部編號,1150539,1
7_廠商內部編號,3010161,1
7_廠商內部編號,(3010161),1
7_廠商內部編號,3009973,1
7_廠商內部編號,(3009973),1
7_廠商內部編號,3008864,1
7_廠商內部編號,(3008864),1
7_廠商內部編號,3008707,1
7_廠商內部編號,(3008707),1
7_廠商內部編號,3007619,1
7_廠商內部編號,(3007619),1
7_廠商內部編號,3007707,1
7_廠商內部編號,(3007707),1
7_廠商內部編號,3009717,1
7_廠商內部編號,(3009717),1
7_廠商內部編號,3009521,1
7_廠商內部編號,(3009521),1
7_廠商內部編號,3009675,1
7_廠商內部編號,(3009675),1
7_廠商內部編號,3009540,1
7_廠商內部編號,(3009540),1
7_廠商內部編號,3007768,1
7_廠商內部編號,(3007768),1
7_廠商內部編號,3007770,1
7_廠商內部編號,(3007770),1
7_廠商內部編號,3004465,1
7_廠商內部編號,(3004465),1
7_廠商內部編號,3007949,1
7_廠商內部編號,(3007949),1
7_廠商內部編號,3008524,1
7_廠商內部編號,(3008524),1
7_廠商內部編號,3008228,1
7_廠商內部編號,(3008228),1
7_廠商內部編號,3008206,1
7_廠商內部編號,(3008206),1
7_廠商內部編號,3008264,1
7_廠商內部編號,(3008264),1
7_廠商內部編號,3008278,1
7_廠商內部編號,(3008278),1
7_廠商內部編號,85511,1
7_廠商內部編號,3009930,1
7_廠商內部編號,(3009930),1
7_廠商內部編號,3007931,1
7_廠商內部編號,(3007931),1
7_廠商內部編號,E309,1
7_廠商內部編號,D404,1
7_廠商內部編號,D603,1
7_廠商內部編號,D313,1
7_廠商內部編號,D102,1
7_廠商內部編號,D308,1
7_廠商內部編號,D507,1
7_廠商內部編號,D007,1
7_廠商內部編號,E011,1
7_廠商內部編號,E308,1
7_廠商內部編號,D005,1
7_廠商內部編號,D604,1
7_廠商內部編號,E211,1
7_廠商內部編號,D510,1
7_廠商內部編號,D109,1
7_廠商內部編號,D110,1
7_廠商內部編號,D403,1
7_廠商內部編號,D112,1
7_廠商內部編號,3009565,1
7_廠商內部編號,(3009565),1
7_廠商內部編號,I200,1
7_廠商內部編號,(I200),1
7_廠商內部編號,0931257259,1
7_廠商內部編號,3006238,1
7_廠商內部編號,(3006238),1
7_廠商內部編號,N082,1
7_廠商內部編號,6137,1
7_廠商內部編號,6170,1
7_廠商內部編號,6139,1
7_廠商內部編號,6142,1
7_廠商內部編號,6163,1
7_廠商內部編號,6156,1
7_廠商內部編號,6214,1
7_廠商內部編號,6228,1
7_廠商內部編號,6221,1
7_廠商內部編號,6224,1
7_廠商內部編號,6222,1
7_廠商內部編號,6234,1
7_廠商內部編號,6220,1
7_廠商內部編號,6252,1
7_廠商內部編號,6244,1
7_廠商內部編號,6257,1
7_廠商內部編號,P18,1
7_廠商內部編號,A035,1
7_廠商內部編號,A041,1
7_廠商內部編號,(219mos),1
7_廠商內部編號,(271mos),1
7_廠商內部編號,(175mos),1
7_廠商內部編號,(406mos),1
7_廠商內部編號,590033,1
7_廠商內部編號,3000193,1
7_廠商內部編號,(3000193),1
7_廠商內部編號,3008883,1
7_廠商內部編號,(3008883),1
7_廠商內部編號,3001829,1
7_廠商內部編號,(3001829),1
7_廠商內部編號,(130mos),1
7_廠商內部編號,mos102,1
7_廠商內部編號,(mos102),1
7_廠商內部編號,A030,1
7_廠商內部編號,(207mos),1
7_廠商內部編號,6167,1
7_廠商內部編號,6145,1
7_廠商內部編號,6154,1
7_廠商內部編號,6168,1
7_廠商內部編號,6155,1
7_廠商內部編號,6187,1
7_廠商內部編號,6172,1
7_廠商內部編號,6171,1
7_廠商內部編號,3009475,1
7_廠商內部編號,(3009475),1
7_廠商內部編號,3006911,1
7_廠商內部編號,(3006911),1
7_廠商內部編號,(233mos),1
7_廠商內部編號,A046,1
7_廠商內部編號,A016,1
7_廠商內部編號,A047,1
7_廠商內部編號,A043,1
7_廠商內部編號,A044,1
7_廠商內部編號,A048,1
7_廠商內部編號,A053,1
7_廠商內部編號,A034,1
7_廠商內部編號,A038,1
7_廠商內部編號,A036,1
7_廠商內部編號,6190,1
7_廠商內部編號,6182,1
7_廠商內部編號,6184,1
7_廠商內部編號,6180,1
7_廠商內部編號,6179,1
7_廠商內部編號,6176,1
7_廠商內部編號,6152,1
7_廠商內部編號,A022,1
7_廠商內部編號,A003,1
7_廠商內部編號,(148mos),1
7_廠商內部編號,(174mos),1
7_廠商內部編號,A019,1
7_廠商內部編號,A002,1
7_廠商內部編號,(159mos),1
7_廠商內部編號,(182mos),1
7_廠商內部編號,(032mos),1
7_廠商內部編號,(019mos),1
7_廠商內部編號,6206,1
7_廠商內部編號,6279,1
7_廠商內部編號,6197,1
7_廠商內部編號,6161,1
7_廠商內部編號,8773,1
7_廠商內部編號,8775,1
7_廠商內部編號,(114mos),1
7_廠商內部編號,A050,1
7_廠商內部編號,0379,1
7_廠商內部編號,0380,1
7_廠商內部編號,(284mos),1
7_廠商內部編號,(236mos),1
7_廠商內部編號,A023,1
7_廠商內部編號,A052,1
7_廠商內部編號,A056,1
7_廠商內部編號,3009160,1
7_廠商內部編號,(3009160),1
7_廠商內部編號,3009700,1
7_廠商內部編號,(3009700),1
7_廠商內部編號,3007849,1
7_廠商內部編號,(3007849),1
7_廠商內部編號,(073mos),1
7_廠商內部編號,(094mos),1
7_廠商內部編號,(264mos),1
7_廠商內部編號,(305mos),1
7_廠商內部編號,A024,1
7_廠商內部編號,A060,1
7_廠商內部編號,5605,1
7_廠商內部編號,(T4-5605),1
7_廠商內部編號,(39000-42000）,1
7_廠商內部編號,(325mos),1
7_廠商內部編號,3008646,1
7_廠商內部編號,(3008646),1
7_廠商內部編號,3010224,1
7_廠商內部編號,(3010224),1
7_廠商內部編號,3009850,1
7_廠商內部編號,(3009850),1
7_廠商內部編號,3008793,1
7_廠商內部編號,(3008793),1
7_廠商內部編號,58976,1
7_廠商內部編號,3008458,1
7_廠商內部編號,(3008458),1
7_廠商內部編號,3008467,1
7_廠商內部編號,(3008467),1
7_廠商內部編號,Villa32,1
7_廠商內部編號,3009506,1
7_廠商內部編號,(3009506),1
7_廠商內部編號,3008911,1
7_廠商內部編號,(3008911),1
7_廠商內部編號,3010348,1
7_廠商內部編號,(3010348),1
7_廠商內部編號,3010074,1
7_廠商內部編號,(3010074),1
7_廠商內部編號,3010158,1
7_廠商內部編號,(3010158),1
7_廠商內部編號,3008248,1
7_廠商內部編號,(3008248),1
7_廠商內部編號,A055,1
7_廠商內部編號,2288007,1
7_廠商內部編號,(Part-Time),1
7_廠商內部編號,J04,1
7_廠商內部編號,E205,1
7_廠商內部編號,E006,1
7_廠商內部編號,D505,1
7_廠商內部編號,D209,1
7_廠商內部編號,( PT ),1
7_廠商內部編號,3007912,1
7_廠商內部編號,(3007912),1
7_廠商內部編號,673877,1
7_廠商內部編號,553711,1
7_廠商內部編號,0928621373,1
7_廠商內部編號,0978003207,1
7_廠商內部編號,0972785651,1
7_廠商內部編號,11403020,1
7_廠商內部編號,3006910,1
7_廠商內部編號,(3006910),1
7_廠商內部編號,P6010,1
7_廠商內部編號,6010,1
7_廠商內部編號,3009893,1
7_廠商內部編號,(3009893),1
7_廠商內部編號,3008369,1
7_廠商內部編號,(3008369),1
7_廠商內部編號,3008465,1
7_廠商內部編號,(3008465),1
7_廠商內部編號,3007605,1
7_廠商內部編號,(3007605),1
7_廠商內部編號,3007634,1
7_廠商內部編號,(3007634),1
7_廠商內部編號,3007635,1
7_廠商內部編號,(3007635),1
7_廠商內部編號,3008906,1
7_廠商內部編號,(3008906),1
7_廠商內部編號,(L200),1
7_廠商內部編號,0912810957,1
7_廠商內部編號,3008320,1
7_廠商內部編號,(3008320),1
7_廠商內部編號,3010251,1
7_廠商內部編號,(3010251),1
7_廠商內部編號,3010252,1
7_廠商內部編號,(3010252),1
7_廠商內部編號,3010253,1
7_廠商內部編號,(3010253),1
7_廠商內部編號,3010254,1
7_廠商內部編號,(3010254),1
